:1000000000800020BD010000D9A9000091A90000D6
:1000100091A9000091A9000091A9000091A90000F8
:1000200091A9000091A9000091A90000D9A90000A0
:10003000D9A9000091A9000081C1000085C100007C
:10004000D9A90000D9A90000D9A90000D9A90000A8
:10005000D9A90000D9A90000D9A90000D9A9000098
:10006000D9A90000D9A90000D9A90000D9A9000088
:10007000D9A90000D9A90000D9A90000D9A9000078
:10008000D9A90000D9A90000D9A90000D9A9000068
:10009000D9A90000D9A90000D9A90000D9A9000058
:1000A000014E0000D9A90000D9A90000D9A900007B
:1000B000D9A90000D9A90000D9A90000D9A9000038
:1000C000D9A90000D9A90000D9A90000D9A9000028
:1000D000D9A90000D9A90000D9A90000D9A9000018
:1000E000D9A90000D9A90000D9A90000D9A9000008
:1000F000D9A90000D9A90000D9A90000D9A90000F8
:10010000D9A90000D9A90000D9A90000D9A90000E7
:10011000D9A90000D9A90000D9A90000D9A90000D7
:10012000D9A90000D9A90000D9A90000D9A90000C7
:10013000D9A90000D9A90000D9A90000D9A90000B7
:10014000D9A90000D9A90000D9A90000D9A90000A7
:10015000D9A90000D9A90000D9A90000D9A9000097
:10016000D9A90000F9AF0000D9A90000D9A9000061
:10017000D9A90000D9A90000D9A90000D9A9000077
:10018000D9A90000D9A90000D9A90000D9A9000067
:10019000D9A90000D9A90000D9A90000D9A9000057
:1001A000D9A90000D9A90000D9A90000D9A9000047
:1001B000D9A90000D9A900003DBF0000564B4CF260
:1001C000205210B51A804DF628121A8000BF00BFC9
:1001D00000F0F2FB514B4FF010621A60504A9A60E7
:1001E000504ADA60504A136813F4807304D14F49BF
:1001F0000B604FF4A85313604D4B1A78110703D5C9
:100200001A7842F008021A704A4B4B492A221A7097
:100210004A4A4B4B8B4204D252F8040F43F8040B6A
:10022000F8E7484B484900228B4202D243F8042B9E
:10023000FAE74649464A002352F8230041F82300D2
:1002400001336F2BF8D1434B434A802103F8011B44
:100250009342FBD1414B3D4A1A60414B8A221A70AE
:10026000A3F5805324225A70A0221A709A7992071B
:10027000FCD59A79D406FCD43A4A937903F00C035E
:10028000082B384BF9D103221A7140225A719A79FE
:100290009006FCD5334A9179324B4906FBD5324A58
:1002A000324911600221516020221A709A7902F0BD
:1002B0000C020C2AFAD12E4B2E4A1A602E4B2F4AD2
:1002C0001A6000225A60072243F8042C2C4AC3F813
:1002D0000C2D62B60AF066FD144B1B68DA0705D5D3
:1002E00028480AF0E3FC284B284A1A60284B1B7860
:1002F0005B0609D5244C254B22689A4204D121483B
:100300000AF0D4FC002323600AF06AFB0DF0A2FC83
:100310000CF0A2F8FEE700BF0E200540308004403C
:10032000823F04000100002B10D0034014D0034092
:1003300002D0074000E00740880A00202C6101003D
:1003400020F9FF1F880A00209058002000F4FF1FAA
:100350000000000000E400E05FE400E008ED00E0E1
:100360000050064000400640448004400000030165
:1003700004800440C010050014E000E0FF76010096
:1003800000002020C64E81661CE00340A5C3945A9D
:1003900000F00740FFFFFFFFFFFFFFFFFFFFFFFF32
:1003A000FFFFFFFFFFFFFFFFFFFFFFFFFFFFFFFF5D
:1003B000FFFFFFFFFFFFFFFFFFFFFFFFFFFFFFFF4D
:1003C000FFFFFFFFFFFFFFFFFFFFFFFFFFFFFFFF3D
:1003D000FFFFFFFFFFFFFFFFFFFFFFFFFFFFFFFF2D
:1003E000FFFFFFFFFFFFFFFFFFFFFFFFFFFFFFFF1D
:1003F000FFFFFFFFFFFFFFFFFFFFFFFFFFFFFFFF0D
:10040000FFFFFFFFFFFFFFFFFFFFFFFFDEF9FFFF23
:1004100010B5054C237833B9044B13B10448AFF33E
:1004200000800123237010BD880A00200000000016
:1004300028610100084B10B51BB108490848AFF30B
:1004400000800848036803B910BD074B002BFBD0A0
:10045000BDE81040184700BF000000008C0A0020D3
:1004600028610100880A0020000000000020704779
:10047000704700BFF8B55548554D564C297803785C
:100480002278DFF868E1544F544E120442EA032305
:10049000FF222A700270802022708EF800003870CF
:1004A000B2794F480B4312F00C0FC36002D1B379FD
:1004B000DC063DD4494A9379C3F38103032B40D032
:1004C000464B9A79C2F38102022A42D0434A937979
:1004D000C3F38103022B53D0404A9379C3F38103C2
:1004E000022B61D03D4A9379C3F38103012B51D094
:1004F0003A4A9379C3F38103012B5CD0374B9A7945
:1005000012F00C0F03D19A79D20600D49B79354DA5
:10051000354B2A7853F82240D4B1236820469B6893
:1005200098472B7804EB83046468002CF5D1F8BD60
:10053000B3799806EBD5294A9379C3F38103032B4A
:10054000BED19379D906BBD493799B06DFD4B7E7A4
:10055000F8BD9A79D706B9D49A799606B6D559785E
:1005600001F0020101F0FF020029AFD120211A7031
:100570001A461970937903F00C030C2BFAD1C6E7D5
:100580009379DD06A8D493799C06A5D4537898076F
:10059000BDD5A1E79379DF06AAD593799E06A7D4A6
:1005A00053789D07B3D4A3E79379D9069AD45378A7
:1005B0009B07ACD496E79379DC069FD59379980690
:1005C0009CD453789907A2D598E700BF06C007408E
:1005D00005C0074007C0074009C00740004006406B
:1005E00068580020C85600208856002008C00740E0
:1005F00090F92410104B03604B1C06D0F0B40F4E42
:1006000056F82130984201D0F0BC70470C4F57F893
:10061000213033B18D0000245A1953685460002BE7
:10062000FAD1084C23780022013B237047F821209F
:1006300046F82120E8E700BFC04E0100A856002080
:1006400088560020C956002038B590F924506B1CFC
:100650001BD00E4B0E4953F825400E4BEDB24FF018
:10066000FF320D701A6084B1AD0002E02C44646862
:100670005CB194F82530002BF8D0236820462C4438
:100680001B6898476468002CF3D138BD8856002059
:10069000C8560020B8F3FF1F704700BF90F9241020
:1006A000104B03604B1C06D0F0B40F4E56F82130AF
:1006B000984201D0F0BC70470C4F57F8213033B14D
:1006C0008D0000245A1953685460002BFAD1084C4D
:1006D00023780022013B237047F8212046F821208F
:1006E000E8E700BFC04E0100A85600208856002051
:1006F000C956002090F92410104B03604B1C06D003
:10070000F0B40F4E56F82130984201D0F0BC70473B
:100710000C4F57F8213033B18D0000245A1953681B
:100720005460002BFAD1084C23780022013B23703F
:1007300047F8212046F82120E8E700BFC04E01001D
:10074000A856002088560020C9560020704700BFD8
:1007500010B5002104460BF05BFBB0B1B4F8B43126
:100760009BB2C3B1B4F8B031B4F8B2219BB201333B
:10077000632BC8BF002392B2934207D09A1D04EBAB
:1007800082029BB25060A4F8B03110BDD4F8B831E9
:100790000133C4F8B831BDE810400BF0F5BA00BF22
:1007A00010B5044B044640F8103B07F015FE2046F8
:1007B00010BD00BF784E010010B504460BF068FB79
:1007C000204610BDB0F8B231B0F8B0119BB289B27A
:1007D0008B4202460FD00133632B86BF00210B46AC
:1007E00099B2063300EB83035868C2F8AC01A2F853
:1007F000B211043070470020704700BF826C62B1B4
:10080000137803F0080303F0FF0003B3D3695069C2
:10081000181A48BF6FF000407047C16CC1B191F821
:10082000313003F0080303F0FF0083B1D1E9042362
:10083000D1E90001101A30B463EB010100256FF01B
:1008400000448D4208BF844200D2204630BC70472D
:1008500008467047836C13B1184606F037BFC06C6A
:1008600008B105F049BD704700B5836C83B063B132
:10087000184601220DF1070106F072FD01280CD186
:100880009DF8070003B05DF804FBC06C28B101229D
:100890000DF1070105F070F8F0E74FF0FF30F1E7D8
:1008A000836C13B1184606F025BEC06C08B105F084
:1008B00033B94FF0FF307047836C13B1184606F020
:1008C0000BBFC06C08B105F0B5BE704700B5836CB6
:1008D00083B08DF8071043B1184601220DF10701CE
:1008E00006F0FAFE03B05DF804FBC06C0028F9D0F6
:1008F00001220DF1070105F09DFE03B05DF804FB38
:1009000070B5044608460D460EF05AF823680246B4
:10091000294620465B68BDE870401847002310B4A4
:10092000104C4172026104600372C36041B1194608
:1009300000E0026942F82310427A01339A42F8DC5F
:10094000094B1A680AB90BE01A465369002BFBD110
:100950005061002343618380C380837210BC704761
:100960001860F6E76C4E0100DC57002038B50546EC
:10097000D0F8AC0120B10BF007FA0023C5F8AC3178
:10098000B5F8B241B5F8B031A4B29BB29C420ED0DA
:100990000134642C28BF0024A31D05EB8303586891
:1009A0000BF0F2F9B5F8B0319BB29C42F0D19BB29A
:1009B000A5F8B23138BD00BF464A474B1020108021
:1009C0001B781B0734D5F0B5444E454D454C317866
:1009D0002B782278DFF82CE1434F824042EA032350
:1009E0000B43FF22802132702A7022708EF8001093
:1009F0003970D9073D4A14D51A2393603C4F3D4EB8
:100A00003D4D3E4C3E49107900233B70537093702E
:100A1000D370D360337013712B7023701370087010
:100A2000F0BD1F0705D4DE0606D504239360E5E775
:100A3000704721239360E1E79D0604D45C0604D54A
:100A400016239360DAE79060D8E7180602D50923E9
:100A50009360D3E7D90502D50A239360CEE79F05BB
:100A600002D50D239360C9E75E0502D50B23936081
:100A7000C4E71D0502D51E239360BFE7DC0402D541
:100A800002239360BAE7980402D507239360B5E781
:100A9000590402D506239360B0E71F0402D515233D
:100AA0009360ABE7DE0302D524239360A6E79D03A2
:100AB00002D522239360A1E7DC0202D525239360AF
:100AC0009CE71803F5D45903F3D49B0244BF2323B6
:100AD000936093E70020054002D0074005C007401F
:100AE00006C0074007C0074009C0074068580020FB
:100AF00000C0074001C0074002C0074003C00740D4
:100B000004C0074008C00740002976D02DE9F04F07
:100B10000C469100631883B05D68002D57D06B18A8
:100B20005E68002E50D073185F68002F49D07B1884
:100B3000D3F80480B8F1000F3CD008EB0103D3F8E0
:100B40000490B9F1000F32D009EB0103D3F804A0EF
:100B5000BAF1000F27D00AEB0103D3F804B0BBF1C0
:100B6000000F18D00BEB01035B6863B119440193CC
:100B70004968FFF7C9FF019B93F825201AB11A684D
:100B80001846536898479BF8253023B1DBF80030AE
:100B900058465B6898479AF8253023B1DAF8003058
:100BA00050465B68984799F82530002B35D198F866
:100BB000253063BB97F825301BB13B6838465B682E
:100BC000984796F82530CBB995F8253063B994F855
:100BD000253013B903B0BDE8F08F23685B68204669
:100BE00003B0BDE8F04F18472B6828465B6898476C
:100BF00094F82530002BEDD0EFE77047336830468E
:100C00005B68984795F82530002BE0D0ECE7D8F8E2
:100C1000003040465B689847CCE7D9F8003048463A
:100C20005B689847C3E700BF90F92420531C26D087
:100C30001B4B2DE9F04153F82240D2B2ECB19300A6
:100C4000E1184D68B5B1E9184E6866B1F1184F6802
:100C500037B13B445968FFF757FF97F82530A3B9E0
:100C600096F8253063B995F825301BB12B682846D6
:100C70005B68984794F8253063B9BDE8F081704708
:100C8000336830465B689847EDE73B6838465B68F9
:100C90009847E5E7236820465B68BDE8F0411847C0
:100CA0008856002008B50C4B0C491A680C48022ADB
:100CB00008BF0C4A4FF00003A1F8B43108BFA2F8F6
:100CC000B431094A094B12881A8007F085FB642069
:100CD000BDE808400AF018B80CFAFF1F704F00205A
:100CE000E05400202C51002008580020E05700203C
:100CF000264B1B680F2B0CD8DFE803F00C101418E0
:100D00001C2024282C3034383C404408204B214AF5
:100D10001A6070471E4B204A1A6070471C4B1F4ACE
:100D20001A6070471A4B1E4A1A607047184B1D4ACA
:100D30001A607047164B1C4A1A607047144B1B4AC6
:100D40001A607047124B1A4A1A607047104B194AC2
:100D50001A6070470E4B184A1A6070470C4B174ABE
:100D60001A6070470A4B164A1A607047084B154ABA
:100D70001A607047064B144A1A607047044B134AB6
:100D80001A607047024B124A1A60704700FAFF1F40
:100D9000B8540020BD549341103377C0993918C01E
:100DA000BE0D68BFCE71153F8D090340CCC96240AE
:100DB00009A7A3407DDBD140C416014154FC174173
:100DC000D0E83041195546419FAB5F41A041764183
:100DD0005E2E864138B50121142009F0B1FD234B68
:100DE0001B68012B3DD00021072009F073FF002173
:100DF0000C2009F06FFF00210E2009F06BFF052188
:100E0000072009F07BFF1A4C1A4D05210C2009F030
:100E100075FF05210E2009F071FF2078002109F0EF
:100E200059FF2878002109F055FF0521287809F09D
:100E300065FF4FF4FA6009F067FF0121207809F09F
:100E400049FF4FF4FA6009F05FFF2078002109F0B4
:100E500041FF4FF4FA6009F057FF074B074A1A6049
:100E600038BD074807F0B8FABDE700BFA80A002060
:100E70008C530020E05300200CED00E00400FA0544
:100E8000E05400202DE9F84F6D4F3B68012B5ED0F8
:100E9000022B01D0BDE8F88F6A4DB5F8B031B5F836
:100EA000B22199B293B2994238BF6431CB1A1F2B49
:100EB000F0DDDFF8A8A1DFF89CB1DFF888910AF532
:100EC0008047D8460026D5F8AC310024002B39D015
:100ED000DBF8AC3100208BB304F58071534634F954
:100EE000022B23F8042C30F9022B23F8022C8C421D
:100EF00003F10403F3D1D5F8AC0118B10AF044FFB3
:100F0000C9F8AC61DBF8AC0118B10AF03DFFC8F8D4
:100F1000AC610AF5007A5745D5D14B4B986C002847
:100F200075D04FF48042494906F0D6FB013077D0A6
:100F3000474A136820331360BDE8F88F4548FFF730
:100F400041FCC9E73F48FFF73DFC0446C0E73D4D83
:100F5000B5F8B031B5F8B22199B293B2994238BF21
:100F60006431CB1A3F2B95DD3B4CDFF8D8A0012133
:100F7000112009F0AFFE04F580494FF000081AE097
:100F800009F0F4F930460AF0FFFEC5F8AC812D48AF
:100F9000FFF718FC4FF480720146204609F0E6F98D
:100FA000D5F8AC0118B10AF0EFFECAF8AC8104F52F
:100FB00000744C4517D0D5F8AC61A4F5807B4FF494
:100FC000807200215846002EDAD11E48FFF7FAFB46
:100FD000DAF8AC6101464FF48072584609F0C6F960
:100FE000002ED4D0CEE71120002109F073FE164B5D
:100FF000986CD8B14FF48042144906F06DFB013073
:1010000011D013493B680A6820320A6040E7D86C67
:1010100000288DD04FF480420C4905F00BFB85E78A
:10102000FFF7D8FE84E7FFF7D5FEEAE7D86C002883
:10103000E7D04FF48042054905F0FCFADFE700BF36
:101040000CFAFF1F704F0020D0540020B40A00207B
:101050006C4F00202C510020B40B0020B80A002057
:1010600038B500250824152009F08CFB0CF0C0F9D8
:101070004FF06A510CF010FA014628460CF004F9C2
:10108000013C0546EFD104490CF006FA4FF07851C7
:101090000CF002FA38BD00BF9A999940064A074BF6
:1010A000116853F8211031B1116853F82120013A29
:1010B00043F821207047FEE7845500202C5500207E
:1010C00010B582B004460DF07BFC00B2012816DD9D
:1010D000B4F9003044F25242934233D012DD44F26C
:1010E000537293421DD044F65212934207D101AA83
:1010F000E01C1C490DF034FC1B4B019A1A600120C6
:1011000002B010BD44F24E429342F8D101AAE01C55
:1011100014490DF025FC154B019A1A60012002B00C
:1011200010BDE01C01AA0F490DF01AFC019B0F2B0A
:1011300013D90F4B042119600F2009F001FC012085
:1011400002B010BD01AAE01C06490DF009FC094BD4
:10115000019A1A60012002B010BD054AD9B213608D
:10116000EAE700BFD84E010098FAFF1FB00A00203E
:1011700000FAFF1F90FAFF1F2DE9F04FDFF8988269
:10118000A04BD8F878549FB04FF47A720A9300239A
:101190008DF82C308DF834301C931D930C92002D5B
:1011A00000F0CF8005F23C46304605F06FFF29463F
:1011B000304606F0CFF8DFF87492D9F800100EAF81
:1011C00021B138460023904A07F01AF91C980028EC
:1011D00000F0D48000252E468DF808604FF0000BFB
:1011E0004FF0FF0A98B101220DF1070106F0B8F89F
:1011F000012817D00BF101031EAA93441BB21D2B2B
:101200000BF870AC17DC1C989B460028EBD11D9B9B
:10121000002B55D0184601220DF1070104F0ACFB5C
:101220000128E7D19DF807200D2A08BF5B4640F052
:10123000C9801D2BE7DD013B9BB21EAA1A4402F8B0
:10124000706C9DF808202F2A04D0012B02D902A827
:10125000FFF736FF1C98C0B1037819070ED4384643
:1012600007F0BAF8002D36D10124684B0A933846AE
:1012700007F0B2F820461FB0BDE8F08FC36942699D
:101280009A1AA9D4002AA7D1E9E71D9B002BE6D022
:1012900093F831201207E2D5D3E904ABD3E9002358
:1012A000BAEB02026BEB03034FF0000B6FF0004A46
:1012B0009B4508BF924538BF5246002A8CD1CEE7E5
:1012C0000BF101031EAA93441BB21D2B0BF870AC4B
:1012D000B1DC9B4699E70B214D480AF0CDFB00237A
:1012E0000A2221464B480AF095FF4A480AF068FF57
:1012F000D8F87854484B9DB305F23C46304605F08B
:10130000C5FE2946304606F025F8D9F8001029B167
:1013100044F202233C4A384607F072F81C9B002B2B
:1013200049D02146184606F01BF91C9800283AD0EF
:1013300002223A4906F0D0F9384607F04DF8012468
:1013400093E7D8F87C54002D3FF435AF05F5886657
:10135000304604F091FA2946304604F097FA2AE71D
:10136000D3F87C54002DD0D005F58866304604F0C3
:1013700083FA2946304604F089FAC6E71D9D002D00
:101380007FF428AF142126480AF076FB21480AF0A2
:1013900017FF0D22234924480AF0FCFE22482C4660
:1013A0000AF00EFF61E71D980028C5D002221B49F4
:1013B00005F040F9C0E71D980028BDD0224604F092
:1013C000C3FBB2E71EAB03EB0B01542A0BF1010385
:1013D00001F8702C1BB20DD11C9818B14469013C66
:1013E000012526E71D9A12B11468013CF8E74FF079
:1013F000FF34F5E71D2B3FF71EAF0A2A3FF41BAF62
:1014000001E700BF9C4E0100DC4E0100784E010058
:10141000E84E010024000020B84A0020F44E0100EC
:10142000F84E0100104F0100145300207C5600209C
:101430002DE9F041044604200D46164609F050FC03
:101440008046032009F04CFC0746B8F1000F2AD172
:10145000DFF89C80244AD8F800300121132B11704A
:1014600039DD0133642BC8F800303ADDC82BD4BF16
:1014700005343C3467B91D4F1B4A3B680121132BCF
:10148000117022DD3C2C16DC01233B60013C02E0A4
:10149000164B00221A60AC4209DBB442C8BF2C468E
:1014A0002046BDE8F081124B00221A60E2E7344684
:1014B0002046BDE8F0813B680133642B3B60E5DDED
:1014C000C82BD4BF053C3C3CE5E7C82009F01CFC18
:1014D0003C2CD9DDEFE7C82009F016FCD8F8003025
:1014E000BFE70134C6E700BF604F00203C55002035
:1014F000C854002010B5094C204608F0F3FC2046E3
:10150000012108F045FA2046022108F03BFA0022AA
:1015100020461146BDE8104008F030BA14530020B0
:1015200038B5054607F0B0FF1E4C014620460AF0CC
:10153000B1FE2D200AF024FB284607F097FF014654
:1015400020460AF0A7FE2D200AF01AFB284607F0D5
:101550007FFF014620460AF09DFE012112480AF055
:101560008BFA284607F04AFF014620460AF092FE11
:101570003A200AF005FB284607F04EFF01462046B8
:101580000AF088FE3A200AF0FBFA284607F052FFDC
:10159000014620460AF07EFE2046BDE838400AF0AB
:1015A0000FBE00BF240000201C51010038B50546C5
:1015B00009F0ACF9074C2070681C09F0A7F96070BD
:1015C000A81C09F0A3F9A070E81C09F09FF9E070CD
:1015D000206838BD7453002008B50020FFF7E6FFEF
:1015E0001D4B18600420FFF7E1FF1C4B186008201A
:1015F00009F08CF91A4B1870092009F087F9194B7A
:1016000018700A2009F082F9174B18700B2009F0A6
:101610007DF9164B18700C2009F078F9144B1860FE
:101620000D2009F073F9134B18600E2009F06EF9C4
:10163000114B18700F2009F069F9104B1860102039
:1016400009F064F90E4B18601220FFF7AFFF0D4B45
:1016500080B2188008BD00BF90FAFF1F98FAFF1FE4
:10166000AC0A00208055002028540020684F00203C
:10167000BC54002080FAFF1F8CFAFF1F00FAFF1FE6
:101680000CFAFF1FAE0A002038B50A4C0B4605467F
:10169000C9B2236009F054F96178681C09F050F967
:1016A000A178A81C09F04CF9E178E81CBDE83840A5
:1016B00009F046B97453002008B51F4B0020196883
:1016C000FFF7E2FF1D4B04201968FFF7DDFF1C4BFD
:1016D0000820197809F034F91A4B0920197809F013
:1016E0002FF9194B0A20197809F02AF9174B0B200A
:1016F000197809F025F9164B0C20197809F020F912
:10170000144B0D20197809F01BF9134B0E20197892
:1017100009F016F9114B0F20197809F011F9104B47
:101720001020197809F00CF90E4B1988122089B293
:10173000BDE80840FFF7A8BF90FAFF1F98FAFF1F07
:10174000AC0A00208055002028540020684F00205B
:10175000BC54002080FAFF1F8CFAFF1F00FAFF1F05
:101760000CFAFF1FAE0A002070B5154C154D20462F
:10177000022108F007F9144B2A6853F8226030461A
:101780000DF01EF93146024620460AF003FD2046C0
:101790000AF016FD2046012108F0F4F82A680B4BE8
:1017A00053F8225028460DF00BF9294602462046F0
:1017B0000AF0F0FC2046BDE870400AF001BD00BF11
:1017C000145300208853002060FAFF1FC4FAFF1F43
:1017D00030B50F4C83B02046012108F0D3F8002229
:1017E0002046642108F0CAF8FFF73AFC0BF0AAF98A
:1017F000012502460B46009520460AF055FD054995
:101800002A46204603B0BDE830400AF0C3BC00BF02
:1018100014530020204F010008B501210F4808F0A3
:10182000B1F8082264210D4808F0A8F80C4B1B6899
:10183000012B0BD008225A21084808F09FF80622F5
:1018400008490648BDE808400AF0A4BC042206493D
:101850000248BDE808400AF09DBC00BF14530020B8
:101860000CFAFF1F2C4F0100244F01002DE9F04F0F
:1018700083B00F46019080680021013016460BF0BE
:10188000CDFD014629480BF0BBFE044630460BF067
:10189000ABFD01460BF0F8FC064638460BF0A4FD04
:1018A000014630460BF0F8FD014620460BF0A8FE3D
:1018B0004FF001084FF07E550746C1464FF0010A30
:1018C0004FF0000B50460BF093FD39460BF0E4FD52
:1018D00004460BF0A7FF0BF08BFD014620460BF0F2
:1018E000D1FC294606460BF075FF4FF0874148B101
:1018F00020460BF06FFF28B120460BF0F1FF354674
:101900008046D1461AF1010A4BF1000BBBF1000FE2
:1019100008BFBAF1400FD5D1019809F1FF3208F1A3
:10192000FF3380E80C0003B0BDE8F08F001B374C9C
:101930002DE9F04110298AB00C46074663D02029D2
:1019400004BF012309932246394607A8FFF78EFFFB
:101950000798089E099D0294431C013601350393A4
:10196000049605950BF040FD4FF07E510BF08CFC7A
:1019700026490BF091FD804630460BF035FD0146BF
:1019800040460BF03DFE4FF07C510BF085FD0646C6
:1019900028460BF029FD014630460BF031FE054686
:1019A00060000BF025FD014628460BF029FE0BF0E8
:1019B00039FF174B01901A46009716491648174DE4
:1019C000174C0AF019FC174917480B6823F010430D
:1019D0000B60079A089B120302F47F22C3F30B03E8
:1019E00013432B609DF8243043F0E06323609DF89F
:1019F000243043F08E4303600B6843F010430B60C8
:101A00000AB0BDE8F081032309939CE7001BB74CA3
:101A100000D8B805344F01002400002004F1024032
:101A200008F0024080F0024088F002402DE9F04FBB
:101A300005469D4E9D4FDFF88C8296F800E02F60A2
:101A4000FF2085F82400DFF8809298F80000BEF1AE
:101A5000060F59F820E04FF000038DB00C4685F8D2
:101A6000253085F8263098BF3370BEF1000F00F0A6
:101A7000AD808E455ED07346810001E09C4259D016
:101A80000B445B68002BF9D1734600E053460B44CE
:101A9000D3F804A0BAF1000FF8D15C603478029753
:101AA00005EB010B4FFA80FCFF23062CCBF804A0BA
:101AB0008DF82DA08DF82EA085F824C08DF82C303F
:101AC000744604D800233370002C00F0B480A24286
:101AD00029D0234601E0934225D00B445B68002BBC
:101AE000F9D104EB010EDEF80440002CF9D1CEF858
:101AF00004200CAB1944BCF1FF3F00F101034FF08F
:101B0000000041F8240C88F800308DF82CC00297B2
:101B100005D0674951F82C2002AB9A4276D028466E
:101B20000DB0BDE8F08F013088F8000028460DB0F8
:101B3000BDE8F08F31780297FF24002306298DF845
:101B40002C408DF82D308DF82E30574C00D8237056
:101B50009645E8D07346810001E09A42E3D00B44F9
:101B60005B68002BF9D18E44DEF804402CB1A64608
:101B70008E44DEF80440002CF9D10CAB46B2194477
:101B80000130731CCEF8042088F8000041F8244C82
:101B900002978DF82C60C2D0454951F8262002AB3F
:101BA0009A42BCD159F82630B00023B11A185368B4
:101BB0005460002BFAD198F800300022013B88F8DD
:101BC000003049F8262041F82620A8E700283AD01E
:101BD000374B96F800E043F82050810005EB010CEC
:101BE000002349F820408DF82D30CCF804308DF8D2
:101BF0002E304FFA80FCFF23BEF1060F029785F8C6
:101C000024C08DF82C307FF65DAF5DE759F82C309D
:101C10004FEA8C0423B11A1953685060002BFAD193
:101C200098F800300022013B88F8003049F82C2059
:101C300041F82C2073E7E8B11D4B49F8202002AA97
:101C400043F8202055E71B491B480B68019243F0DD
:101C500080630B600368194923F0804303601520FB
:101C600008F056FF164B019A4FF40011196098F8CE
:101C70000000ADE70F4C10482368019243F08063E9
:101C8000236003680D4923F080430360152008F0AA
:101C90003FFF0B4B019A4FF40011196098F80000B8
:101CA0004FFA80FC8100C7E7BCF3FF1FC04E010064
:101CB000A856002004700440007004407504000021
:101CC00000E100E0C9560020885600202DE9F047C9
:101CD00008F0D6FD4FF0FF316448654D08F0EEF88E
:101CE0006449654B0A682B6000236B722B612B7271
:101CF000EB600AB9B7E01A465369002BFBD1556176
:101D000000245E4E5E4F5F4B6C61AC80EC80AC7229
:101D100057482B60DFF8B481DFF8B4A1DFF8B49145
:101D200002F05CFE06F1180230460121FEF7F6FDD6
:101D300007F1180201213846A6F8B041C6F8AC41B7
:101D4000A6F8B241C6F8B841A6F8B441C6F800A05A
:101D5000FEF7E4FD4046A7F8B04188E86000C7F808
:101D600000A0A7F8B24188F8084088F80940C8F8F0
:101D70000C4088F81040C7F8AC41C7F8B841A7F844
:101D8000B4410AF051F8404A4049414E40460AF0F9
:101D90006FFD4FF0010A484689E8A00089F8094024
:101DA000C9F80C4089F8104089F808A00AF03CF8FE
:101DB0004846354A3549374DDFF81C810AF058FD51
:101DC000354B3560354986F82540FF2586F8245087
:101DD00019602D4A324974633046B46386F83C403A
:101DE00086F826A00AF044FD2E4B88F82450264A97
:101DF0002D4988F825404046C8F8003088F826A0CC
:101E000088F8274088F828400AF032FD32464146DB
:101E10002648274DFFF70AFE1B4A264923480AF0A9
:101E200027FD254B184AC3F878442826C3F87C447C
:101E300083F8984483F89564C3F8A0541F49204D53
:101E400018460AF015FD1F4B0F4A1C714FF47A76A5
:101E50001C739C64DC649E601D601B491846BDE8D1
:101E6000F0470AF005BD0D604AE700BF145300209B
:101E7000F8530020DC5700206C4E0100704F00200A
:101E80002C51002020540100FCF9FF1FB90700006D
:101E90009C5300205C55010068530020045401004D
:101EA0009D06000070550100F506000090540020CA
:101EB00001100138F1050000B84A00204D0700006C
:101EC0009C4E0100D0540020A1070000E8520020E1
:101ED000D44E0100FC5200204C5500202DE9F84F53
:101EE000424C434FDFF80C810A9E0B9D81468A4687
:101EF0002046396893461F4603F0B8F92046002172
:101F000002F0B2FE88FB0B314FEAEB73C3EBA10189
:101F100001EB8102ABEB420B0BF00F0B4BEA011113
:101F2000C9B2204602F0A0FE88FB0A314FEAEA73EC
:101F3000C3EBA10101EB8103AAEB430A0AF00F0AEC
:101F40004AEA0111C9B2204602F08EFE88FB09312F
:101F50004FEAE973C3EBA10303EB8301A9EB410152
:101F60001B0103F0300301F00F011943204602F07A
:101F70007BFE2046012102F077FE88FB0731FB172C
:101F8000C3EBA10101EB8103A7EB430707F00F07A8
:101F900047EA0111C9B2204602F066FE88FB06310D
:101FA000F317C3EBA10101EB8103A6EB430606F097
:101FB0000F0646EA0111C9B2204602F055FE88FB21
:101FC0000538E917C1EBA80808EB8801A5EB410526
:101FD00005F00F0545EA08112046C9B202F044FE9B
:101FE0002046BDE8F84F03F053B900BF6456002007
:101FF000E4FAFF1F6766666670B5104C06460D462C
:1020000020460A2103F032F9C6F30721204602F0E8
:102010002BFEF1B2204602F027FEC5F30721204631
:1020200002F022FEE9B2204602F01EFE204603F036
:102030002FF9B0FA80F0400970BD00BF645600204F
:1020400008B500213020FFF7D7FF00210220BDE8AE
:102050000840FFF7D1BF00BF08B5E2213020FFF7ED
:10206000CBFF43210220BDE80840FFF7C5BF00BFFA
:102070000238032810B503DC00285FDA002400E0F2
:102080000C2444F260013020FFF7B6FF6C212620BB
:10209000FFF7B2FF4FF4F8712820FFF7ADFF40F6CD
:1020A00022712C20FFF7A8FF00213C20FFF7A4FF9E
:1020B000FFF7D2FF21460420FFF79EFF4FF49871EF
:1020C0000620FFF799FF00210A20FFF795FF08215E
:1020D0000E20FFF791FF4FF6FF711020FFF78CFFE6
:1020E00047F67F712220FFF787FF00214FF492709F
:1020F000FFF782FF4FF48A712420FFF77DFF104C19
:1021000000212A20FFF778FF09210E4809F0B4FCCE
:1021100021680D480AF0BEF80B480AF051F8216812
:10212000202041EA0111FFF767FF014606480AF047
:10213000B1F805480AF044F8012010BD8400A0E77A
:1021400000FAFF1F504F01002400002010B5074B7C
:102150000446102153F82000FFF7EAFB044802F080
:1021600029FE2046BDE81040FFF782BF3CFAFF1F62
:1021700064560020F0B54F4C4F48216885B003F0FD
:1021800075F800214C4802F06FFD00214A4802F02A
:10219000CFFE216848480023072203F061F8464833
:1021A00002F082FD0DF1FF36002504E002F086FD0D
:1021B00006F8010F0135404802F076FD04463E481E
:1021C000002CF3D103F064F8072D09D00F213B4810
:1021D00009F052FC3A4809F0F3FF204605B0F0BD83
:1021E0009DF800509DF801409DF804009DF80510F1
:1021F0009DF802209DF80630324FDFF8E0C02E1126
:1022000006EB860605F00F0505EB4606251105EBE6
:10221000850504F00F0404EB4505041104EB840468
:1022200000F00F0000EB4404081100EB800001F007
:102230000F0101EB400EF6B2C2F301113E7018110E
:1022400001EB8101204E02F00F0202EB410200EB94
:102250008000EDB203F00F038CF8005003EB400355
:1022600032701A4D1A4A1B485FFA8EF1E4B2DBB2A3
:102270002C700170137097F800E09CF800703678AD
:102280002C78017813788DF80C401E3302A88DF855
:102290000E308DF808E08DF809708DF80A608DF821
:1022A0000D1007F001F90C4B01241860204605B011
:1022B000F0BD00BFE4FAFF1F645600205C4F010030
:1022C000240000201053002028550020B85500207D
:1022D00011530020614F00205C4F002078530020F4
:1022E0002DE9F04383B00446FFF744FF50B324B90F
:1022F000174C206803B0BDE8F083154C206807F048
:102300007DF80546206807F087F80646206807F044
:1023100091F80746206807F09BF88046206807F090
:10232000A5F88146206807F0AFF8CDF8009001903D
:10233000434628463A46314600F0B4FA206803B0D6
:10234000BDE8F08303B0BDE8F04308F0A9BC00BFCE
:102350005C4F00202DE9F04F01209DB0FFF7C0FF3A
:10236000A14CA24D206007F081F82B6883422CD04D
:102370009F4B1B684BB320689E4E07F077F8286090
:10238000206807F081F82B689B4902469B480CF0B7
:10239000C1FAD6F87854002D00F0FD8005F23C41DA
:1023A00001230025954A8DF838500EA88DF8395034
:1023B0008DF83A5004F004FFD6F878048D4B0028CD
:1023C00000F001818D4905F0E1FF0021152008F0A2
:1023D00095FCFEF745FE804689488A4D06F0C4FC10
:1023E000206807F051F80646206807F03FF80746D6
:1023F000206807F02DF88346206806F0FFFF0D9057
:10240000206807F009F8814620687F4C07F012F831
:102410007E4A0A92824640460AF094FBCDE90801C2
:102420007B4B18680AF08EFBCDE90601CDF800B0B1
:10243000606821680D9B019332463B4605900491EC
:10244000CDF80CA07349CDF8089073480CF062FAEF
:1024500071480CF0B5FA01466F4809F00DFB6F4862
:1024600009F0AEFE1AE0654905F090FF296829B130
:1024700040F60123684A6A4805F0C2FF66480CF03E
:102480009FFA0146644809F0F7FA644809F098FE9B
:102490000A2008F039FC2368142B75D8296841B14B
:1024A000604C5D4A04F1100040F6012305F0A8FFDE
:1024B000A8B95D4C5D492368574801331A4623602B
:1024C0000CF028FA4B4BD3F878040028CBD1D3F882
:1024D0007C040028CAD0494904F094FCC6E754485B
:1024E0005449D0F800A0544D544A554B554EDFF88E
:1024F0006081D6F8009003C9286092E80300A860C4
:1025000093E80300102701231FFA89F6AB82E860E5
:10251000EE8250462F610BF0ABF95146A861504650
:102520000AF0B2FE824648460AF062FF0146504673
:102530000AF0B2FF0BF09CF9434AD8F80030E8618A
:1025400092E803005B02A26C6F84760003F1240121
:102550002E846862AB626960002A3DD0104629462D
:102560002C2205F0B9F80921384809F085FAD8F885
:1025700000102A4800230A2209F04CFE274809F0DF
:102580001FFE1DB0BDE8F08FFEF724FC4FF47A70FB
:1025900008F0BAFB82E7D6F87C1400293FF415AFA7
:1025A000012301F58861154A8DF869500EA88DF850
:1025B0006A508DF86B5003F071FFD6F878040D4B1C
:1025C00000287FF4FFAED3F87C0400283FF4FDAE72
:1025D0000A4904F017FCF8E6E06C0028C3D029464D
:1025E0002C2204F027F8BEE75C4F00204455002061
:1025F00098FAFF1FB84A00206C4F010010540020C9
:10260000992600007C5600207C53002034FAFF1FDE
:10261000B8540020784F01002C54002024000020E2
:10262000E0540020D054002088550020E04F0100E5
:1026300088FAFF1FC04F01008C550020C84F0100D1
:10264000D04F01000CFAFF1FD84F0100B44F01001A
:102650005453002038B50C4CFFF77CFE0B4B002286
:1026600020461A60FEF782F9094B1B680125022BF0
:10267000A4F8B45100D038BD064C2046FEF776F9D8
:10268000A4F8B45138BD00BF704F00206C4F00203B
:102690000CFAFF1F2C5100202DE9F041804601204B
:1026A0000E46FFF71DFE244C206006F0EDFE0546A9
:1026B000206806F0DBFE0746206806F0C9FEA5F29A
:1026C000BC739BB27F2B02D8FAB20C2A28D9002304
:1026D000A8F80030206806F091FE0746206806F052
:1026E0009BFE0546206806F0A5FEFBB2172B13D80B
:1026F000EBB23B2B10D8C3B23B2B0DD8FB026D01C4
:1027000003F4FF2305F4FF552B43C0F346000343B6
:102710009BB23380BDE8F08100233380BDE8F081B7
:10272000C0B21F28D3D87F0107F4FF57384340EACF
:1027300043239BB2CCE700BF5C4F00202DE9F04360
:102740004F4A504BDFF85491DFF854814E4F1178C7
:1027500098F800401A7899F80060386883B03C23F4
:1027600013FB064613FB012406F048FE05463868B5
:1027700006F052FEC5EB051500EB8505386806F03E
:1027800083FE00F14E0338688DF8063006F06EFEC9
:102790008DF80500386806F05BFEA6428DF804004F
:1027A0000AD2AE4249D8AC4247D3A41BC4EB0414AE
:1027B000364D3748A40010E0AE4201D9AC421AD3DE
:1027C000C4EB0414A300A6EB061403EB840404F585
:1027D000A8342E4D2E4804F5C07410212C6009F049
:1027E0004BF929682B4809F055FD2A4809F0E8FC07
:1027F00003B0BDE8F08302A8002598F8003099F8EE
:10280000002000F8085D8DF801308DF8022006F0F8
:102810004BFE38602846FFF763FD3B68984204DDB5
:1028200003F5A83303F5C0733B600F211A4809F084
:1028300023F93868FEF774FEC2E702A8002599F86C
:10284000002098F8003000F8085D8DF802208DF81F
:10285000013006F029FE38602846FFF741FD3B684D
:10286000094A984204DD03F5A83303F5C0731360E9
:102870000F21094809F000F93868FEF751FE94E786
:1028800028540020684F0020644F0020505300203F
:10289000FC4F010024000020EC4F0100AC0A002096
:1028A0008055002030B583B002AD079C05F8082D97
:1028B0008DF80200069A8DF804304E3428468DF8C3
:1028C00001108DF805208DF8064006F0EDFD08F0AA
:1028D000EDF90020FFF704FD014B186003B030BD97
:1028E000B44A00202DE9F04F002083B0FFF7F8FC38
:1028F000B84BB94E18600121B848DFF85083B84F83
:10290000B84D07F03FF80121B44807F041F82622FE
:102910000021B24807F032F80322B349AF4809F06A
:1029200039FC26221921AD4807F028F80322AF49C7
:10293000AA4809F02FFC26223221A84807F01EF8E9
:102940000322AB49A54809F025FC26224B21A348C8
:1029500007F014F80222A749A04809F01BFC2E2218
:1029600000219E4807F00AF8002331689B480A229C
:1029700009F050FC2E221921984806F0FFFF002391
:10298000D8F8001095480A2209F044FC2E22322182
:10299000924806F0F3FF3B6855F823000AF028FD43
:1029A00095490AF02DFE0AF0CDF80B4602469349F0
:1029B0008A4809F021FC2E224B21884806F0DEFFD0
:1029C0008F4B18680AF0BEF80B4602468B498348C5
:1029D00009F012FC8B4B1C68012C00F05E81022C6C
:1029E00000F0D380884B3F68D3F80090D6F800A061
:1029F00050460AF0F9FC834620460AF0F9FC0146ED
:102A00000AF042FC59460AF047FD044655F82700F3
:102A10000AF0EEFC014620460AF03EFD7B490AF032
:102A200033FC4FF08E410AF02FFC73490AF0E8FDA9
:102A300071490AF0E5FD764B764A1B681060012B60
:102A4000054600F005814FF07E5059460AF024FDFE
:102A50008346D8F80000704C704F50440AF0C4FC14
:102A6000014658460AF0CCFD6D4B0090834618781D
:102A70000AF0BEFC6B4B19680AF00EFD5946804601
:102A80004FF07E500AF0FEFB674B19680AF004FD18
:102A90004946019058460AF0FFFC019B0146184642
:102AA0000AF0F2FB014640460AF0AAFD5F490AF02F
:102AB000F3FC0AF0DDFE0026019004F110094FF04E
:102AC000000857F8040B44F8048B0AF08DFC01460B
:102AD000834628460AF092FE294600285DD15846D2
:102AE0000AF08EFD0AF02EF809F03AFE0AF056FBC5
:102AF000034644F8043C00FB0AF00AF075FC01466A
:102B000030460AF0C1FBA1450646DAD100990AF029
:102B100077FD019D044628460AF066FC01462046E2
:102B20000AF076FE26225C21002838D02B4806F0D9
:102B300025FF05223E49294809F02CFB2E225C2165
:102B4000264806F01BFF3B4B24482A4683FB022302
:102B50002B44E917C1EB234109F09CFB01223649C4
:102B60001E4809F017FB732137221C4806F006FFA8
:102B7000274B1A481A68012A0EBF304930490122F2
:102B800003B0BDE8F04F09F005BB3F682D4A1E4B6E
:102B900052F82790C3F8009028E70021B0E70F48CB
:102BA00006F0ECFE052228490C4809F0F3FA2E2223
:102BB0005C210A4806F0E2FE20460AF033FE1D4979
:102BC000034681FB03211944DB170448C3EB214171
:102BD000C2E700BF5C4F002090FAFF1F1453002093
:102BE00080FAFF1F3CFAFF1F105001001450010033
:102BF000185001001C50010000007A4420500100D0
:102C0000B85400200CFAFF1FE8FAFF1F0000304202
:102C1000BC540020245500202C550020585300207F
:102C20008CFAFF1F94FAFF1F08FAFF1F000061458E
:102C30002850010007452EC2305001003C500100D1
:102C4000405001009CFAFF1F3450010098FAFF1F0A
:102C5000164A174B10781B78834286BFC3F11803BE
:102C6000C018C01A0AF0C4FB124A134B06461B7860
:102C70001078834286BFC3F13C03C018C01A0AF023
:102C8000B7FB0E49044630460AF006FC21460AF01E
:102C9000FBFA0B490AF0B4FCD7E63F68094A0A4B35
:102CA00052F82790C3F80090A0E600BF28540020F7
:102CB000AC0A0020684F00208055002000007042C0
:102CC0000000B44410FAFF1FE8FAFF1F10B50122FC
:102CD00004460849084809F05DFA092C03DC302154
:102CE000054806F011FE21460348BDE8104009F0F2
:102CF000D1BA00BF585001001453002038B5044623
:102D00000D462348012106F03DFE2AB2002120484D
:102D100006F034FE204606F0B7FB01461C4809F0D9
:102D2000B9FA2D211A4806F0EFFD204606F09EFB69
:102D30000146174809F0AEFA2D21154806F0E4FDCA
:102D4000204606F085FB0146114809F0A3FA02224D
:102D500010490F4809F01EFA204606F04FFB0928DB
:102D600003DC30210A4806F0CFFD204606F046FB82
:102D70000146074809F08EFA204606F04DFBFFF7A2
:102D8000A5FF204606F056FBBDE83840FFF79EBF82
:102D900014530020445001002DE9F047AB4D2C683E
:102DA0002CB1012C00F0828030BFBDE8F0872046B6
:102DB000FFF796FAA64FDFF810833860FEF79AFB0C
:102DC0000A22A449A448A54E09F0E4F9A24809F052
:102DD000F7F90121A04806F0D5FD122221469E48B0
:102DE00006F0CCFD05229E499B4809F0D3F9D8F89E
:102DF00000109948013109F04DFA0122994996488D
:102E000009F0C8F9D8F80020974B934853F82210DE
:102E100023460A2209F0FEF930682821FFF76EFFE9
:102E200038683721FFF76AFF8B4807F0D5F93A6811
:102E300033689A4236DB8D4C2368002B00F0E88023
:102E4000022B00F099810D21894808F015FE894870
:102E500009F0B6F9884B1B68002B00F0CE80012BDF
:102E600000F0DC80854C86480E2108F005FE00202D
:102E7000FFF736FAFEF754FB0B21824808F0FCFD01
:102E80002068FEF74DFB0B217F4808F0F5FD306808
:102E9000FEF746FB0123AE216F482B6007F02AF8AE
:102EA000FFF7D8FB2C68012C7FF47EAFFDF7EAFF1B
:102EB000042007F015FF0446032007F011FF14B9A2
:102EC000002800F00781714F714B3A681B689A42E5
:102ED000FFF46AAF6F4B684A1B681468B3FA83F358
:102EE0005B090020844214BF002603F00106012C78
:102EF00014BF002403F00104FFF7F2F95F4B1B68D5
:102F00009842ACBF002004F00100002840F0398155
:102F1000002E40F03681FDF7C5FEFEF7BFF84F4B9F
:102F20005D4F1C68DFF8A481DFF8A4A13046FFF7ED
:102F3000D7F95A4A5A4B1268201A841A24EAE474C0
:102F400083FB04232344E017C0EBE32009F0E8FDF2
:102F500009F006FC0AF0FAF8524A534B386002FBBB
:102F6000004483FB042323448146E017C0EB631035
:102F700009F0D6FD09F0F4FB0AF0E8F803011A1A8B
:102F8000C31A04EB830492004FF4616303FB092925
:102F9000C8F800404C44092CCAF8000024DD314632
:102FA000022007F097FEFFF74BF8404A136823F022
:102FB00010431360642007F0A7FE98F800309AF8D9
:102FC000002039783A4806F005F93A4805F0D8FE6D
:102FD0000121022007F07EFE4FF4967007F094FE68
:102FE000354B1868FFF7B2F801233C2202211A483A
:102FF00006F0E8FF00232B60D6E6304B254A316807
:103000001B6812681D4C0B441A44326023602AE787
:103010000A210E20FEF7F0FF236811E71D4B1A6806
:10302000002A40F0B880264A33681768134C2549B7
:10303000104803F5A83202F5C0723B4432602360A9
:10304000FDF75EFC2068FEF76BFA0CE7A80A00208B
:103050005C4F00204850010014530020644F0020B2
:10306000545001001C5101002C550020B00A0020D2
:103070005C50010024000020BC5400208453002038
:103080007C5001008C500100985001006C4F0020D2
:103090005453002098FAFF1FC054002004FAFF1F69
:1030A000C5B3A291F0F1FFFF8988888880F00240C3
:1030B0009C5300209054002080FAFF1F90FAFF1FBD
:1030C000505300206C5001008455002020550020F2
:1030D00024540020354B364C1B68364A364E374D4B
:1030E000A06C5B02002103F12407A6F8B41157601D
:1030F0009362A5F8B411002836D004F031FAA06C20
:103100002B4B48B32C222B4904F0E6FA2C4805F04F
:1031100063F901233C2202212A4806F053FF642070
:1031200007F0F2FDFEF7E6F907222749254809F0E6
:1031300031F8244809F044F80121224806F022FC25
:10314000102222491F4809F025F81E4809F038F8D6
:103150001C4807F041F8FEE7D86C0028D6D02C2296
:10316000144903F067FAD1E7E06C0028CED00022C2
:10317000002302F0E9FCC2E70B210E20FEF73CFF22
:1031800061E60F4805F028F9FDF788FFFFF7E2F840
:1031900000233B6008E60E4B31681B680D4C0B4466
:1031A0001A4432602360FFF7C9FA5CE66C4F0020D6
:1031B000D05400208C550020704F00202C5100204E
:1031C000E054002014530020A4500100AC50010032
:1031D00090FAFF1F845300202DE9F04F91B0FEF7C5
:1031E000FBF9FDF785FD0821B148DFF84CB3B14E7E
:1031F000B14C08F041FCB14808F0E2FF0020FFF7B5
:103200006FF8CBF80000FEF775F90822AC49AD481D
:1032100008F0C0FF0121AB4806F0B4FB10220021EA
:10322000A84806F0ABFB1222A749A64808F0B2FF57
:10323000A44808F0C5FFA54B0121187807F04AFD06
:103240004FF47A7007F060FD0721A14802F03CFAC4
:103250000E219F4802F0C4FA0C219D4802F07CFA2E
:103260009C4B964800251D6008F0AAFF934808F083
:10327000A7FF0521984808F0FFFB01218F4809F0BE
:1032800009F88E4808F09CFF01218E4809F002F8E9
:10329000042292498B4808F07DFF8A4806F09CFF83
:1032A000642007F031FD8E4B8DF81D501F78099575
:1032B0008DF81C70089607AB93E807000AAB83E80B
:1032C00007008DF829500C958DF828700B9693E81F
:1032D00007000DAB83E807000F9A009204F5916593
:1032E0000CCB284604F29C4105F0E8F994F895349B
:1032F000C4F884547BB11C217A4808F0BDFB6F48A8
:1033000008F05EFF092278496E4808F043FF6D48D7
:1033100006F062FFFEE72946204605F0B3F80028D4
:10332000E9D0D4F87804002800F0FF8504F04CFFC1
:10333000054608216D4808F09FFB29465F4808F0C4
:10334000A9FF5E4808F03CFF28460AF051F868499A
:103350000AF0A2F8D4F87834574A0546002B00F05A
:10336000508618790AF040F8014628460AF094F889
:103370000AF07EFA0546D4F8840405F079FB0AF0D9
:1033800033F85B490AF088F80AF072FA0A21044619
:10339000584808F071FB214600230A22474808F0EC
:1033A00039FF464808F00CFFC72D00F2B985494A9D
:1033B000002313601121504808F05EFB45493F4847
:1033C000096800230A2208F025FF3C4808F0F8FEAF
:1033D00040493C48096800230A2208F01BFF0122EB
:1033E0004649384808F0D6FE00230A2221463548CF
:1033F00008F010FF334808F0E3FE324806F0ECFE18
:103400004FF47A7007F080FCFDF7B6FEFDF770FC14
:10341000FEF752F93A4B1A683A4B9A4200F2C385CA
:10342000394A384B12689A4200F28885374B1A782D
:10343000172A00F28F85364B1A783B2A00F29585C1
:10344000344B1A78172A00F29B85334B1A783B2AA3
:1034500000F2A185314B1A68012A05D900221146D4
:103460000C201A6007F06CFA2D4B1B68082B00F239
:10347000BF852C4B1B780C2B00F2B1852A4B1B68A7
:103480000F2B00F2A385294A1368013B012B05D9B4
:10349000012319461020136007F052FA244B1B88B1
:1034A0009BB2B3F5B77F80F08785224E354668E042
:1034B000C050010080F0FA02B84A00202400002029
:1034C000CC50010014530020D85001008C53002030
:1034D000F0FAFF1F5853002054500100EC50010037
:1034E000E05300202451010044510100F450010038
:1034F000BD37063A005101000C5101002051010076
:1035000090FAFF1FA086010098FAFF1FAC0A002066
:103510008055002028540020684F0020BC54002013
:1035200080FAFF1F8CFAFF1F00FAFF1F0CFAFF1F23
:10353000AE0A00205C4F0020B44A0020032007F0B0
:10354000CFFB002860D0082007F0CAFB002844D039
:10355000FDF7D0FFFEF708F9FFF7C4F9FEF738F9D9
:10356000FEF75AF90020FEF7BBFE3721FFF7C6FB36
:103570009A4806F031FE0A2007F0C6FB002C40F006
:10358000CC840020FEF7ACFEDBF800403060041B6A
:10359000B4F5167F4FF00400D4BF0024012407F0D7
:1035A0009FFB0028CAD1042007F09AFB38B90A20F3
:1035B00007F0AAFB042007F093FB0028F7D0884A05
:1035C00088491368096801338B421360A4BF002344
:1035D0001360B3E70A2007F097FB082007F080FB91
:1035E0000028F7D07E4B1B68072B00F28584DFE8AC
:1035F00013F0250444003C01DF00C0035101A0008A
:1036000072000A2007F080FB032007F069FB002806
:10361000F7D0734A1368013B002B136093DA714BA8
:103620001B68013B13608EE76F4B1868FDF700FFC6
:103630006D4B1860FDF75EFF07226C49674808F084
:10364000A9FD664808F0BCFD674964480968002385
:103650000A2208F0DFFD3A466549604808F09AFD05
:103660005E4808F0ADFDFFF73DF9FEF7B1F85B48A5
:1036700006F0B2FD022007F047FB082007F030FB00
:103680000128074601464FF46162CDD0082007F0BB
:1036900027FB0028FAD0524B00221A6000F02CBC05
:1036A000544B188880B2FDF7C3FE524B80B218808D
:1036B000FDF720FF0A225049484808F06BFD4D4BAA
:1036C0004648198889B208F0E5FD444806F084FDB3
:1036D000022007F019FB082007F002FB012840F246
:1036E0006D124FF00001DBD0082007F0F9FA002836
:1036F000D1D1082007F0F4FA0028F5D0CBE73F4BF2
:103700001878FDF795FE3D4B1870FDF7F3FE092282
:103710003B49324808F03EFD3849304809780023DB
:103720000A2208F077FD2D4806F056FD022007F02A
:10373000EBFA082007F0D4FA012801464FF00C02FA
:10374000DDD0082007F0CCFA0028A4D1082007F02B
:10375000C7FA0028F5D09EE72A4B1868FDF768FEE7
:10376000284B1860FDF7C6FE27491C48042208F0C4
:1037700011FD1A4808F024FD224A244B126853F820
:10378000220009F035FE224909F03AFF09F0DAF982
:1037900002460B4611481F4908F02EFDFFF7A2F81C
:1037A000FEF716F80D4806F017FD022007F0ACFAF8
:1037B000082007F095FA01284FF008024FF00001A9
:1037C000CAD0082007F08CFA00287FF464AF0820E4
:1037D00007F086FA0028F4D05DE700BF14530020FC
:1037E00088530020C0FAFF1F90FAFF1FAC51010060
:1037F000B4510100AE0A00200C5201008CFAFF1FE8
:103800001852010080FAFF1FC05101003CFAFF1F4F
:1038100000007A44C8510100B64B1868FDF708FE55
:10382000B44B1860FDF766FE0622B349B34808F0B2
:10383000B1FCB24808F0C4FCAE49B04809680023A6
:103840000A2208F0E7FC3A46AD49AC4808F0A2FC71
:10385000AA4808F0B5FCFFF745F8FDF7B9FFA748FF
:1038600006F0BAFC022007F04FFA082007F038FAF9
:1038700001280746A34A4FF00001CDD0082007F0E9
:103880002FFA00287FF407AF082007F029FA002854
:10389000F4D000E79C4FDFF88882049450E0306851
:1038A00005F0F2FD40F634024FF4FA613860FDF79E
:1038B000BFFD3B68C8F80000984224D0286805F096
:1038C0009DFD8146286805F0A7FD8246286805F021
:1038D000B1FD0446286805F0BBFD0390286805F09B
:1038E000C5FD0090D8F80030A3F5FA6E2246039B80
:1038F000CDF804E051464846FEF7F0FA0020FEF706
:10390000EFFCCBF80000FDF7F5FD05227F497B4871
:1039100008F040FC794808F053FC0020FEF7E0FC7A
:1039200005F0B2FD0146754808F0B4FCFEF7DAFF79
:10393000FDF74EFF714806F04FFC022007F0E4F956
:10394000082007F0CDF90128A9D0049C082007F031
:10395000C7F90028FAD0022007F0D6F96C4FDFF83B
:10396000C48105944FE0306805F080FD49460C2283
:103970003860FDF75DFD3B68C8F80000984225D02F
:10398000286805F03BFD8146286805F045FD824624
:10399000286805F04FFD0446286805F059FDD8F861
:1039A000001004902868039105F06EFD03990091C2
:1039B000A0F5FA600190049B224651464846FEF766
:1039C0008DFA0020FEF78CFCCBF80000FDF792FD8D
:1039D00006225049494808F0DDFB484808F0F0FB52
:1039E0000020FEF77DFC05F041FD0146434808F04C
:1039F00051FCFEF777FFFDF7EBFE404806F0ECFBCD
:103A0000022007F081F9082007F06AF901288146B1
:103A1000A9D0059C082007F063F90028FAD00220FD
:103A200007F072F93C4FDFF8008105944FE03068F1
:103A300005F00EFD49461F223860FDF7F9FC3B6892
:103A4000C8F80000984225D0286805F0D7FC8146C8
:103A5000286805F0E1FC8246286805F0EBFCD8F800
:103A6000003004930446286805F000FD03902868A0
:103A700005F00AFD03990091A0F5FA600190049BFE
:103A8000224651464846FEF729FA0020FEF728FC58
:103A9000CBF80000FDF72EFD04222049174808F05E
:103AA00079FB164808F08CFB0020FEF719FC05F0A6
:103AB000CFFC0146114808F0EDFBFEF713FFFDF7C0
:103AC00087FE0E4806F088FB022007F01DF908204B
:103AD00007F006F901288146A9D0059C082007F0C7
:103AE000FFF80028FAD0022007F00EF9DFF83C803A
:103AF00004946BE098FAFF1FB851010014530020A2
:103B0000B45101008051010040550020DC510100FA
:103B100078550020E4510100C4540020EC5101000C
:103B2000F05300207C550020DC530020A40A002024
:103B3000306805F063FC17220021C8F80000FDF78B
:103B400077FCD8F800309842074622D0286805F064
:103B500063FC8146286805F06DFC8246286805F004
:103B600077FC0446286805F081FC0390286805F07E
:103B70008BFC039A0092A0F5FA600190234652460E
:103B800049463846FEF7AAF90020FEF7A9FBCBF814
:103B90000000FDF7AFFC05229B499C4808F0FAFAAB
:103BA0009A4808F00DFB0020FEF79AFB05F026FC72
:103BB0000146964808F06EFBFEF794FEFDF708FEFE
:103BC000924806F009FB022007F09EF8082007F053
:103BD00087F80128ACD0049C082007F081F8002861
:103BE000FAD0022007F090F8894FDFF8448205945C
:103BF0004EE0306805F010FC3B2200213860FDF7F4
:103C000017FC3B68C8F80000984224D0286805F0EB
:103C1000F5FB81462868D8F800A005F00BFC0446A7
:103C2000286805F015FC0490286805F01FFC039037
:103C3000286805F029FC03990091A0F5FA6001902D
:103C4000049B224651464846FEF748F90020FEF7FD
:103C500047FBCBF80000FDF74DFC07226D496B4890
:103C600008F098FA694808F0ABFA0020FEF738FB34
:103C700005F0D2FB0146654808F00CFBFEF732FE6A
:103C8000FDF7A6FD614806F0A7FA022007F03CF810
:103C9000082007F025F80128ABD0059C082007F084
:103CA0001FF80028FAD0022007F02EF85A4FDFF84C
:103CB000848105944EE0306805F0BCFB3B22002176
:103CC0003860FDF7B5FB3B68C8F80000984224D087
:103CD000286805F093FB8146286805F09DFB824625
:103CE0002868D8F8004005F0B3FB0490286805F078
:103CF000BDFB0390286805F0C7FB03990091A0F570
:103D0000FA600190049B224651464846FEF7E6F8C9
:103D10000020FEF7E5FACBF80000FDF7EBFB0722E9
:103D20003E493A4808F036FA384808F049FA002087
:103D3000FEF7D6FA05F07EFB0146344808F0AAFAF1
:103D4000FEF7D0FDFDF744FD304806F045FA0220AD
:103D500006F0DAFF082006F0C3FF0128ABD0059C6F
:103D6000082006F0BDFF0028FAD02D4B00221A6073
:103D7000C2E0DFF8C4802FE02A4B1868FDF758FB3B
:103D8000284B1860FCF7B4FFFDF7B4FB0522264969
:103D90001E4808F0FFF9234B1C48196808F07AFA0E
:103DA0001A4808F00DFAD8F8000008F0CBFE00978A
:103DB0000B460246154808F077FA3A461B49134865
:103DC00008F0E8F9FEF78EFDFDF702FD0F4806F05A
:103DD00003FA384606F098FF082006F081FF012814
:103DE0004FF002074FF00F024FF00001C4D008203F
:103DF00006F076FF00287FF44EAC082006F070FF36
:103E00000028F4D047E400BFF4510100145300200F
:103E1000F4530020FC5101004855002004520100D9
:103E20008853002000FAFF1FD45101001C500100EC
:103E3000CC5400204C530020B85400207A4CFDF79D
:103E400059FBFDF739FC0D21784807F015FE216874
:103E5000774808F01FFA764808F0B2F9082175484B
:103E600007F00AFE744B186808F06CFE0227024641
:103E70000B4600976E4808F017FA6D4808F0A0F955
:103E800008216E4807F0F8FD23686D4A684852F82B
:103E9000231000230A2208F0BDF9654808F090F9C4
:103EA0001321684807F0E8FD2268674B604853F823
:103EB000221000230A2208F0ADF95D4808F080F9CD
:103EC0000A226249624808F065F9614808F078F909
:103ED00001215F4805F056FD13225E495C4808F059
:103EE00059F95B4806F078F90120FEF7F9F94FF42B
:103EF000FA6006F009FF0124574F3B78002B3FF48E
:103F000027ABFDF7D9FB4FF0000300203B70FEF715
:103F1000E7F9CBF80000FFF71BBB11B0BDE8F08F4D
:103F2000474BC83D1D60FFF745BAD4F87C04002814
:103F300073D002F021FF0546FFF7FBB93C23474A47
:103F4000194604201360FDF79FFB454B1A78172A8A
:103F50007FF671AA0022114608201A7006F0F0FCC4
:103F6000404B1A783B2A7FF66BAA002211460920A3
:103F70001A7006F0E5FC3C4B1A78172A7FF665AA02
:103F8000002211460A201A7006F0DAFC374B1A7824
:103F90003B2A7FF65FAA002211460B201A7006F01A
:103FA000CFFCFFF757BA3C23314A19460020136073
:103FB000FDF76AFBFFF734BA2E4A002313801188FD
:103FC000122089B2FDF760FBFFF76FBA04232A4A7B
:103FD00019460F20136006F0B3FCFFF754BA012313
:103FE000264A19460E20137006F0AAFCFFF746BABF
:103FF0000423234A19460D20136006F0A1FCFFF7A5
:1040000038BAD2F87C345BB193F83D340120984043
:1040100009F0EAF90146FFF7A8B90546FFF789B9A3
:104020000021FFF7A2B900BF8455002050510100C4
:104030002400002060510100245500206C51010033
:1040400058530020785101002C5500208C5101005C
:104050001453002098510100604F002098FAFF1F70
:10406000AC0A00208055002028540020684F002012
:1040700090FAFF1FAE0A002000FAFF1F8CFAFF1F04
:1040800080FAFF1FCE4ACF4B1168CF482DE9F04F81
:1040900019605768CD4ECE495F600468CD4ACE4D59
:1040A000DFF8A0E30A27142337608FB00B6040F2DB
:1040B000EE27137843B12B78DB0705D50368DEF8CC
:1040C00000105B1A0E2B08D8036811781B1B0029FF
:1040D00000F0E181B3F5FA6FEBD94FF4FA7006F016
:1040E00013FEBE4FBE4DDFF860A3DFF86093DFF82C
:1040F000608301211120002406F000FE012111201F
:1041000006F0E8FD3C60642006F0FEFD4FF43053FD
:104110003B60642006F0F8FD4FF434533B606420AC
:1041200006F0F2FD2968AF48AF4F23460A2208F097
:1041300071F8AC4808F044F84FF47A7006F0E4FDEA
:104140002968A84823460A2208F064F8A54808F020
:1041500037F84FF47A7006F0D7FD23460A22296813
:10416000A048A24D08F056F89E4808F029F8A0484B
:1041700000F020FE2146152006F0C0FD022006F0CA
:10418000DBFA0121022006F0B9FD0121022006F030
:10419000A1FD0121142006F0B1FD0121062006F049
:1041A000ADFD2146142006F095FD0121062006F004
:1041B00091FD0221042006F0A1FD0221032006F05A
:1041C0009DFD0221082006F099FD01233C220221D9
:1041D000884805F0F7FE8C2006F096FDFDF78AF979
:1041E0000A228549834807F0D5FF824807F0E8FF97
:1041F000804805F0F1FF6E21804807F041FDDAF8B4
:10420000004057F8240009F0F3F8C9F800002046F0
:10421000FDF79CFFFEF7E0FFDAF8004057F82400B6
:1042200009F0E6F8C9F800002046FDF78FFFFDF71A
:1042300061F9D8F800303B2B06D9B3F5967F34BF2F
:104240003C234FF496732B606D4C6E4F0120FEF7AC
:1042500047F8296822886C4D90FBF1F392B201FB7C
:10426000031105FB0213B4F800E03968674CDFF86E
:10427000E4C1674D206019441FFA8EF2CCF800109B
:104280002B60002A40F00B8100211220FDF7FCF981
:104290003868604EDFF8C0A1DFF8C0B109F0A4F8BB
:1042A000D9F8001009F0F8F84FF06E5109F0F4F861
:1042B0004FF0745109F0F0F808F044FC08F0C8F928
:1042C0000022554B08F092FC08F040FF534AD8F802
:1042D00000301168524AC1EB0309524B126829EAB7
:1042E000E97983FB091302FB00F24B444FEAE970C2
:1042F0003260C0EBE32008F013FC08F031FA08F05C
:1043000025FF494E494BCAF8000006FB009683FB87
:1043100006233344F017C0EB631008F001FC08F0EB
:104320001FFA08F013FFDFF83891A0EB00120346E4
:1043300006EB820610213E48CBF80030C9F8006039
:1043400007F09AFBDAF80010264807F0A3FFDBF825
:104350000010244807F09EFFD9F80010214807F00C
:1043600099FF204807F02CFF0821324807F084FB12
:1043700039681C4800230A2207F04CFF194807F04F
:104380001FFF08212C4807F077FB0A220023D8F8EA
:104390000010144807F03EFF124807F011FF0E21ED
:1043A000264807F069FB2068FDF7BAF80C2124487D
:1043B00007F062FB2868FDF7B3F82B6852E000BFF6
:1043C000588004407C530020DC560020E05300203D
:1043D0008C530020C0570020D857002010D0034035
:1043E00000D00340240000203CFAFF1F84FAFF1F86
:1043F0006456002014530020245201000082FF1F45
:10440000AE0A002090FAFF1F805101005C4F00208F
:10441000644F0020545300200000404004FAFF1F66
:104420000CFAFF1FC5B3A291F0F1FFFF89888888BD
:10443000585201006C520100785201007C5001007A
:10444000845201008858002080FAFF1F88FAFF1F5D
:1044500098FAFF1F84530020C054002024540020E9
:1044600020550020246873481C1B152107F004FB0D
:104470002146714807F00EFF6F4807F0A1FE6F4913
:104480006F4B00204FF0FF3208601A600FB0BDE89C
:10449000F04FFCF703BEBB427FF60BAE1DE60021DA
:1044A000022006F017FC0021142006F013FC2A68F5
:1044B00023686048D31A1521039307F0DDFA0399A6
:1044C0005D4807F0E7FE5C4807F07AFE4FF01E0BF0
:1044D000FDF710F805225B495B4807F05BFE5A4880
:1044E00007F06EFE0120FDF7FBFE0121206056481B
:1044F00005F048FA05225549534807F04BFE52484B
:1045000007F05EFE1A212868FEF7F8FB37212068C5
:10451000FEF7F4FB4C4805F05FFE4FF47A7006F0AE
:10452000F3FBBBF1010BD3D1039B3C2B28DDAE2168
:10453000454805F0DFFC0121112006F0CBFB0022ED
:1045400011461423424804F045FE0A2006F0DCFB25
:104550000021112006F0BEFB3E4804F011FC0121B1
:10456000062006F0B7FB0120FDF7BAFE002120600F
:10457000062006F0AFFB2B6822689B1A3C2BD6DC8A
:104580000121022006F0A6FB0121142006F0A2FB67
:104590000121062006F09EFB4FF47A7006F0B4FB72
:1045A00007212D48DFF8B4B001F08EF80E212A481B
:1045B00001F016F90C21284801F0CEF896F800C059
:1045C000DFF89CE08DF814C000268DF81560079682
:1045D000CDF818E005AB93E8070008AB83E80700C7
:1045E0008DF821600A968DF820C0CDF824E093E87C
:1045F00007000BAB83E807000D9A00920BF591665C
:104600000CCB30460BF29C4104F058F89BF89534E3
:10461000CBF8846423B1DAF80000FDF797FD33E6A8
:104620003146584603F02EFFDAF80000FDF78EFD04
:104630002AE600BF3052010024000020A80A002012
:1046400044550020485201001453002050520100EC
:104650009C53002090540020F0FAFF1FB84A00201D
:1046600080F0FA02002070470020704738B52429F6
:1046700008BFC2800C46017A0E48154600F046FC81
:10468000C4F307210B4800F0EFFAE1B2094800F04B
:10469000EBFAC5F30721074800F0E6FAE9B205484E
:1046A00000F0E2FA034800F0F3FDB0FA80F04009B0
:1046B00038BD00BF6456002038B501250446057199
:1046C000334800F077FB052006F01EFB204644F23D
:1046D00060023021FFF7CAFF20466C222621FFF737
:1046E000C5FF20464FF4F9722821FFF7BFFF20468F
:1046F00040F622722C21FFF7B9FF204644F24642D1
:104700003C21FFF7B3FF204640F237122421FFF788
:10471000ADFF204644F2FF023021FFF7A7FF7322CE
:1047200002212046FFF7A2FF4FF4C87006F0ECFA12
:10473000204641F61D522E21FFF798FF0422114614
:104740002046FFF793FF20464FF498720621FFF7AB
:104750008DFF204610220A21FFF788FF2046002205
:104760000E21FFF783FF204643F63C421021FFF75E
:104770007DFF204647F67F722221FFF777FF204614
:1047800036222421FFF772FF6572284638BD00BF2C
:104790006456002038B50546F1B1802903799ABFE7
:1047A000C1F1800444EA0424002433B92246284697
:1047B0002221BDE83840FFF759BFC288002322F00C
:1047C000100203712421FFF751FF224628462221BF
:1047D000BDE83840FFF74ABF0123037147F67F72F7
:1047E0002221FFF743FFEA8842F01002284692B2E6
:1047F0002421BDE83840FFF739BF00BF0B4610B594
:1048000007490446184608F047FE064908F03CFDF3
:1048100009F02EF801462046BDE81040FFF7BABF68
:1048200000000143EE7CFF3E10B5044619B101299A
:1048300011D0002010BD55222021FFF717FF0028BE
:10484000F7D0E28842F00402204692B22421BDE86B
:104850001040FFF70BBF40F273122A21FFF706FF4B
:104860000028E6D0882220212046FFF7FFFE0028FE
:10487000DFD0E288204622F004022421BDE8104067
:10488000FFF7F4BE10B5044607F0FEFB204610BD4E
:10489000024A0349034807F0EBBF00BFFCF9FF1FC2
:1048A00085480000BC5500201B4A1C4B11681C4861
:1048B000096970B499421279027009D2194A1278C2
:1048C00032B3194A4FF08041116003F5807402E061
:1048D0001C46A3F58073154A154912680D68AAB1E4
:1048E000A5B1144E3088402810D841000A44403009
:1048F000294402320231308033F9040B22F8020FCE
:104900009C4233F9020C21F8020FF5D870BC7047B5
:1049100003F58074DFE700BFCC550020B8F2FF1F1D
:104920001F800040C655002008E200E0D45500205A
:10493000C8550020C4550020F8B5064607F0D0F948
:104940000446E8B107F0CCF9054600283AD072B623
:104950001F4B1A887F2A19D8002C31D01D490A68AC
:1049600042B162B6204607F00FFA2846BDE8F8408B
:1049700007F00ABA18480C601A80056062B6F8BDE4
:10498000054672B6124B1A887F2AE5D9114A124998
:104990001768146000220C681A800D6062B63946F0
:1049A000304607F01BFA384607F0EEF9304621464C
:1049B000012207F013FA2046BDE8F84007F0E4B9F9
:1049C00062B6F8BD204607F0DFF92C46BFE700BF0E
:1049D000C4550020D4550020C8550020F8B5284CF7
:1049E000284E2046012107F0EBFA00F083F8264B11
:1049F000264A27484FF480611960236800211A6015
:104A000099802279186102F1804202F5043240F265
:104A10000110D8809E614FF48075022006278E26F3
:104A2000DD82D960DD8398609F8398821170167053
:104A300007F06CFA1749184B2279184F08701A7052
:104A400039682279164C174D174E41F0124141F04A
:104A50000101531139609B00206803F1604302F1AA
:104A6000100703F5614302F01F02012140F01040DE
:104A700001FA02F2206045F827601A60F8BD00BF15
:104A8000CC55002000FEFFFF14B00440A0F002400F
:104A9000B8F1FF1FC65500201B80004080F0024087
:104AA00000F0024000F4FF1FA9480000024A034939
:104AB000034807F0DDBE00BFFCF9FF1F854800007A
:104AC000CC550020024A0349034807F0D1BE00BF7D
:104AD000FCF9FF1F85480000D8550020024A034911
:104AE000034807F0C5BE00BFFCF9FF1F8548000062
:104AF000E0550020284B29491A68294842F4004211
:104B00001A600A6842F002020A601A6842F0020261
:104B10001A600368002B3DDB224B1B68002B39DB3E
:104B2000214A4FF0864313601368002BFCDBF0B57D
:104B30001E4C1F48DFF8ACE01E491F4B1F4A204F98
:104B4000204E214D41F2100CC4F800C00024046036
:104B50000120CEF80000DFF890E0C1F800E04FF44B
:104B600080311960194B1360DFF880E0184A3A6011
:104B7000346028601748CEF80000174CB967174812
:104B8000174946F8503C4FF4C0632A612360036024
:104B90000B60F0BD704700BF3C8004404080044083
:104BA00000F0024080F0024000F1024004F10240B7
:104BB00060F0024008F002400CF0024010F00240A9
:104BC00014F00240E0F0024084F002401B0F0100AC
:104BD000000F0F0F0300004708B004400CB0044062
:104BE00018B0044004F002400300000788F00240BF
:104BF000024A0349034807F03BBE00BFFCF9FF1F10
:104C000085480000E8550020024A0349034807F0A0
:104C10002FBE00BFFCF9FF1F85480000F0550020A3
:104C2000024A0349034807F023BE00BFFCF9FF1FF7
:104C300085480000F8550020024A0349034807F060
:104C400017BE00BFFCF9FF1F85480000005600207A
:104C5000024A0349034807F00BBE00BFFCF9FF1FDF
:104C600085480000085600200A4B1B7813B90A4BF0
:104C70001B786BB1094A1378202B07D810B4581C45
:104C8000074C1070E154012010BC704701230371E0
:104C900000207047765600203956002077560020B5
:104CA00018560020704700BF024A034B10781B784B
:104CB000C01A70477556002074560020064A0749EE
:104CC00013780978994204D90548591CC05C1170C1
:104CD00070474FF0FF307047745600207556002023
:104CE0003C560020054B064A1B7812789A4286BF34
:104CF000044AD05C4FF0FF30704700BF745600206C
:104D0000755600203C56002070B50D4B1B7814469C
:104D100013B90C4B1B788BB10B4E3578C5F12103C1
:104D2000A34202D201221C460271084822462844AE
:104D3000254405F01BFB3570204670BD184670BD3C
:104D4000765600203956002077560020185600204D
:104D5000124BDB7803F020034BB1114A1378013377
:104D6000DBB2012B137012D9122005F055BF10B51C
:104D7000122003F0FF0405F04FFF0A4B1B685BB1E4
:104D800009490A4A0C701078BDE810401847084BD2
:104D90001B78002BE8D0704710BD00BF00600640B4
:104DA00060560020145600207456002075560020CE
:104DB000395600200D4A0E4BF0B500200D4C1070F6
:104DC0002268DFF838E00C4F42F0400222604FF4D6
:104DD000197127260425202480229870CEF800100F
:104DE00039605E709D715C719A70F0BD395600201B
:104DF000006006403480044008A004400CA0044039
:104E000010B5384CE378DBB2D80623D5102259060A
:104E1000E2701ED503F0040303F0FF02002B33D031
:104E2000314B32491A68324C00230B702370002A30
:104E30003BD090472378002B37D02E4B1B78294A44
:104E40002D49D02494701371264B01200222087042
:104E5000DA7010BD5A06DDD4A27802F0100202F01A
:104E6000FF0042B313F001031BD1234920480A7805
:104E70000078904281BF1F4B501C9B5C08702371CF
:104E8000184BD0229A7008E01C48164B1749027044
:104E90000120C02208709A701B79124B0222DA702E
:104EA00010BDC023A3702379F7E712490023012224
:104EB0000B702270C3E7124B1249187003221220A4
:104EC00005F02EFE0D4923790A781F2ADBB2E4D8BB
:104ED000064800780028E0D00B4C501CA354087002
:104EE000DBE700BF006006405C5600201056002043
:104EF000775600201856002078560020755600205E
:104F000060560020514D00003C5600200548064ADE
:104F100010B40123054C037049001370217010BCBC
:104F2000704700BF765600207756002018560020A4
:104F30002DE9F047584C1223E370A37803F02003C7
:104F400082B0002B54D0B423DFF860A1A370DAF84C
:104F50000020514C0020E378DBB2934218BF0120BF
:104F60009F061A46F7D5002840F08D804B4B1B78E2
:104F7000002B34D003F1FF3C5FFA8CFC0027DAF8F9
:104F80000020DFF82CE1444D0CF1010C3C464FF0C1
:104F900002081EF8013F2B715FFA87F9104601E005
:104FA0009E0608D5EB78DBB293421CBF184601245D
:104FB0009E071A46F4D585F80380EE78F6B2B34220
:104FC0000EBF024632460124F30633D4B30631D570
:104FD000F30744D401376745DBD1002C4AD10020C8
:104FE00000292ED12E4B00221A7002B0BDE8F087A6
:104FF0002C4DDFF8B8A003F0FF022B680093009E51
:10500000DAF8000005E02B680193019B9B1B0F2B36
:105010001BD8E378DBB2834218BF012213F0200FC4
:105020001846F0D192BB20481B4B0024B0220470DC
:105030009A708CE70CBB184B80229A7004200029D0
:10504000D0D0154B80229A70CCE7CAB9124B002100
:105050008022042099709A7002B0BDE8F087C4B92C
:105060000D4BB9F1000F4FF080020CBF022003205E
:105070009A70B7E7CAF80020B1E7CAF80020DAE76B
:10508000CAF80000E2E7CAF800306FE7CAF800305B
:10509000C9E7CAF80020E3E7006006407756002021
:1050A00076560020DC56002039560020ECFAFF1F0F
:1050B000175600202DE9F04F624E634DDFF89891AE
:1050C00000201224287089F80000F470B07800F0F5
:1050D0002000002855D0B420DFF880A1B07049002E
:1050E00041F00101574EC9B23171DAF800000024D5
:1050F0000546F178C9B281421CBF0D4601248F07D5
:105100000846F6D5002C40F091804E480224C47029
:10511000C078C0B2884218BFCAF8000010F0110071
:1051200076D1002A44D0012A78D0464D474FA0219D
:10513000A97002F1FF3BA2F1020E2979DAF80040D2
:1051400006465FFA8BFC5FFA8EFE4FF00208E978A4
:10515000C9B2A14218BF01200C46A107F7D5711CA6
:10516000B64585F80380CEB22AD0297907F8011F09
:105170006645ECD108B1CAF80040354EE34610460A
:105180002AE0DFF8D8A0DAF8004000F0FF05F07858
:10519000C0B2A04218BF01250446A006F7D4002DD6
:1051A00047D12C4C274800252570B024847096E701
:1051B000002B244B0CBFA02280229A70BDE8F08FF8
:1051C000002839D11F49224EA8208870097906F895
:1051D0000E105FFA8BFB1046DAF80040194F0025DD
:1051E000F978C9B28C4218BF01250C46A107F7D542
:1051F0002DBB1449B0240225CD708C700C7906F8B3
:105200000B400BB180238B7089F80020BDE8F08F34
:105210000C4B80229A700020BDE8F08F09490C4E9B
:10522000A8248C70834609791046D5E7CAF8005047
:105230006BE7CAF80040B4E7CAF80040C2E7CAF812
:105240000040D6E700600640745600203B56002020
:105250003C5600203956002075560020ECFAFF1FFE
:10526000DBB2D2B2C9B2FFF725BF00BF0548064A7C
:1052700010B40123054C037049001370217010BC59
:10528000704700BF76560020775600201856002041
:105290000121FFF74DBE00BF044B054A1A604FF4D1
:1052A0007A71002299601A711A737047645600204F
:1052B0002C54010010B4047F4160022CC26002D063
:1052C00010BC06F0FBBE836810BC18472DE9F04106
:1052D0000468E56815F0807F794D256052D1DF07BD
:1052E00040F1B380002900F0E3800D78012B18BF56
:1052F00045F000456563013190F8248003F1FF3CDF
:1053000048EA0828BCF1000F00F0A88021B14D78D0
:1053100011F8028B45EA082845682E7ABCF1020F85
:1053200006F1FF364FEA06360CBF48F0805548F0CC
:105330001045B6B26563ACF1020C08E00AB1147016
:105340000132013B05F47045B54216D90468E56A9F
:1053500015F0F00FF6D0A46B13F0010F17464FEACB
:10536000242EEBD11AB107F802EB54703A4605F43B
:105370007045B542A3F10203E8D8BCF1000F6DD02F
:105380000468C3E7DD074CD5002900F089800D785B
:10539000012B18BF45F000456563013103F1FF3E65
:1053A00090F824C0BEF1000F41D029B191F801C09E
:1053B0000D78023145EA0C2C45682E7ABEF1020FB9
:1053C00006F1FF364FEA06360CBF4CF080554CF024
:1053D0001045B6B26563AEF1020E08E00AB1147072
:1053E0000132013B05F47045B54215D90468E56A00
:1053F00015F0F00FF6D013F0010F1746A46BEDD1A6
:1054000022B107F8024B241254703A4605F4704555
:10541000B542A3F10203E9D8BEF1000F07D004683A
:10542000C3E79E4690F824C0BEF1000FBDD11BB368
:105430000468E16A11F0F00FFBD0A16BDC071DD509
:105440000AB111700132013BF1E790F824809C46CB
:1054500048EA0828BCF1000F7FF458AF63B1046834
:10546000E16A11F0F00FFBD0DE07A16B0FD50AB196
:1054700011700132013BF1E7BDE8F0812AB1144619
:105480000D1204F8021B55702246023BCFE72AB1E9
:1054900014460D1204F8025B51702246023BDDE710
:1054A00090F82450012B18BF45F00045656375E75F
:1054B00090F82450012B18BF45F0004565631BE7A9
:1054C00000041F80F0B4464B464A186BDC6A017931
:1054D0001170454922790A709A6A00790870002A89
:1054E00046D05968C9688A423ED82168CC8B2404CA
:1054F00002F1FF3065D4C0F30E00C883C88B80B2C0
:10550000C882196B0968C88B000452D4C2F30E001C
:10551000C883C88B002480B212F1FF32C88218BF42
:1055200001229C62D96A2E4809680D6800F12404A2
:10553000A54236D00068C46814F0804F0C680D682E
:1055400015BF248824780235013544F000440D60ED
:105550004463196B254B09791970214912B1CA6A44
:1055600012791A70F0BC7047521A9A620122D9E778
:10557000586B196805681E4C0A63CC62CC682D68AC
:105580001C4E24F080440327B542CC6083F825707C
:105590001FD1037F4260022BC2601ED0F0BC06F018
:1055A0008DBD016890F82400CC6840F0004048634D
:1055B000CFE7CC8BC2F3080004F47E442043C883B9
:1055C000A7E7CC8BC0F3080004F47E442043C883D3
:1055D00094E72B461146F0BC18478368F0BC184787
:1055E000F0FAFF1F1F8000401C8000401B8000401D
:1055F00000000FFFB552000090E80C00F0B41C68EA
:1056000059682568164F174E29432160164D1749D2
:105610001760D66015611160417A154A5C180A312D
:1056200094F8244053F8215002EBC40149680D60FE
:10563000017A5C1803EB8101247ECD6902EBC40181
:1056400049680D60817A581803EB810390F83000A7
:10565000596B02EBC002F0BC53681960704700BF81
:1056600001401F00011000380110007800001F8069
:10567000345B01004268036805CA10B40468224321
:105680000260D868840100F0E06205D5080900F4E2
:10569000706021F470410143D8681143814209D000
:1056A0001A68500408D40748186041F08040D96057
:1056B00018611A6010BC704741F08042D96010BC7C
:1056C0001A61704701401F00204A43689A42F0B4B3
:1056D0000FD0427A1A4492F82420914207D093F8CE
:1056E00024408C4215D093F825408C422AD0F0BC3F
:1056F00070470B2907D00729EBD1154C227842F0CF
:1057000001022270E5E7124C227822F00102227099
:10571000DFE7002421461E685D6836682E420FD000
:105720000C4D05EBC202002756685A18376092F8F4
:10573000242005EBC2050A316A6853F82130136052
:105740004472D4E701242146E5E700BFD4540100A8
:1057500021580020345B01001E4A43689A42F0B48D
:105760000CD0027A1A44127E914205D01C7E8C42E3
:1057700014D05C7E8C422AD0F0BC70470C2907D034
:105780000829EED1144C227842F002022270E8E798
:10579000114C227822F002022270E2E70024214616
:1057A0001E685D6836682E420FD00C4D05EBC202B4
:1057B000002756685A183760127E063105EBC2057D
:1057C00003EB81036A685B6813600472D4E7012409
:1057D0002146E5E7D454010021580020345B010044
:1057E000204A43689A42F0B40FD0827A1A4492F861
:1057F0003020914207D093F830408C4215D093F876
:1058000031408C422BD0F0BC70470D2907D00E29B7
:10581000EBD1154C227842F004022270E5E7124CDD
:10582000227822F004022270DFE7002421461E685D
:105830005D6836682E4210D00C4D05EBC202002781
:1058400056685A18376092F830200C3105EBC205C3
:1058500003EB81036A685B6813608472D3E70124F9
:105860002146E4E7D454010021580020345B0100B4
:105870000BB1FFF72BBD704710B5044600F03CFD9F
:10588000002384F8313084F8333010BD90F8312093
:105890000AB10020704738B504460D46114638223B
:1058A00008F0E4FD4023012084F8313084F833000F
:1058B000256238BDF0B50878202803D111F8010F12
:1058C0002028FBD051600878002851D02F282BD0F9
:1058D0005C2820D0A0F12204E4B21D2C1DD9DFF8F1
:1058E00094E04E1C00247C28A0F12005374612D0FD
:1058F0005E2D10D816F8010BA0F12205EDB201348F
:1059000078B32F2811D05C282EFA05F703D01D2D6F
:10591000E9D8FD07E7D50020F0BD164D25FA04F4BF
:10592000E607DCD50020F0BD00240F193E462546D1
:105930002F2002E016F8010F01352028FAD02F2879
:10594000F8D02944196044B1394611F8013D2E2B95
:1059500001D0202B08D1013CF7D120461060012056
:10596000F0BD1F600F19EFE7FF2CF6DD0020F0BD42
:105970001960F3E7010100352DE9F04790F8333065
:10598000DD0782B0044640F1AD8058060D4616464C
:1059900040F1B380D4E90001D4E9042310EB0608F8
:1059A00041F100094B4508BF4245C0F0AC80002ED4
:1059B00000F0AB80A146F9E80623B04650E013435F
:1059C0006CD194F831305A064CBFD0F82C14E169F0
:1059D000A16190F83DC4D0F8242402397F0A01FA6D
:1059E0000CFEB9187144BAF1000F43D1B8F5007F2D
:1059F00040D3D0F8142291423CD0B8F5806F54D3F4
:105A00004FF0010A0AFA0CFCC7EB0C074FEA582AC0
:105A1000BA4528BFBA4691424FEA4A270CD80AEB4A
:105A20000103934208D900F50370019100F0B2FF21
:105A3000002857D0206A0199D0F8380453462A46E6
:105A400003F058F800284DD038460021D4E900234F
:105A500012184B41B8EB07083D44C4E9002354D069
:105A6000206AD0F830741740C7F3080A002FA6D078
:105A7000A169AEE700F50370002200F023FF88B3B0
:105A8000CAF50077474528BF474600EB0A013A466A
:105A9000284604F06BFC38460021D7E794F83330F1
:105AA0005B060FD5A169013192E7D0F838040123D4
:105AB0002A4603F01FF8A8B14FF4007000214FF4FC
:105AC0000077C3E74A46A16901F0FCF840B200281C
:105AD00008DB02D0206AA1697BE794F8313013F02B
:105AE000500F14D194F832304FF0FF3043F00203DE
:105AF00084F8323002B0BDE8F08794F831301907ED
:105B00003FF548AF53E7161A51E74FF00008C8EBCE
:105B1000060002B0BDE8F087F0B583B001220DF1B8
:105B200007010446D0E900678569FFF725FF0128D2
:105B300008BF9DF80700A56118BF4FF0FF30C4E90A
:105B4000006703B0F0BD00BF2DE9F04F90F831E0E1
:105B5000856983B00446BEF1000F1BD0D0E9000177
:105B6000994208BF904216461F463BD056EA0703AB
:105B700007D10023A3610120C4E9006703B0BDE899
:105B8000F08F1EF0080F0AD0D4E90423BB4208BFEF
:105B9000B24204D2A561002003B0BDE8F08F236AB1
:105BA000019393F83DC494F833A00CF1090C5FFA0B
:105BB0008CFC16F1FF3247F1FF33CCF1200803FAD9
:105BC00008FB22FA0CF242EA0B02ACF1200B23FA9A
:105BD0000BF31AF0400F42EA030205D0E3691A44BE
:105BE000A261C8E70120D7E710F1FF3941F1FF3A80
:105BF00029FA0CFC0AFA08F84CEA080C2AFA0BFB02
:105C00004CEA0B0C6245534617D21EF0400F16BFEC
:105C1000019BE369D3F82C34A361904604F1180981
:105C20004A46B8F1000FA6D0A169206A01F04AF8EF
:105C300008F1FF380028F3D1ACE750EA0103E4D0C3
:105C4000CCEB0202E9E700BF2DE9F04F0E4693B01E
:105C500090F831100092054629B99A4696F83130ED
:105C600013F0500F07D1002085F8310085F833007C
:105C700013B0BDE8F08F1C9B03F00303012B06D08B
:105C8000022B00F00981002BEDD1012300E002235B
:105C90001C9A02F0080213430193009B002B00F0B2
:105CA000FD8018460022514601F0D0F896F83130B8
:105CB00002904BB1D6E90023134305D00022002304
:105CC000C6E900230021B161B84A0AF10E0382FB44
:105CD00003121A44DB17C3EBE203DBB24FF00009F7
:105CE000039302335FFA83FB4C464F4620220AA9F6
:105CF0003046FFF741FE00283DD02028B3D19DF863
:105D000028301A0666D4002C61D13268B169079137
:105D1000203A08920134E4B26BB3C02B00F09380B8
:105D2000C12B62D0852BE1D138220021284608F012
:105D30009DFB9DF82C309DF8292085F83020D80651
:105D400003F0370258BF42F0080285F8312033686B
:105D5000316AB2696A62203B2962AB6296F83330DD
:105D6000C3F3801385F82C3020220AA93046FFF7B0
:105D700003FE0028C1D11C9B99057FF574AF019BE0
:105D80009A077FF570AF009B002B3FF46CAF5C452A
:105D90000CD386E020287FF466AF24B93268B1695D
:105DA0000791203A0892DCB2A3457AD920220AA9A9
:105DB0003046FFF7E1FD631C0028EBD13046B769A0
:105DC00000F0C8FA00283FF44EAFB761ECE75C453D
:105DD000A2D29FE7B9F1000F9FD15C4538BF0024E4
:105DE000852B83D14FF001099EE7C7EB0A085FFAC4
:105DF00088F8B8F10F0F28BF4FF00F0843463A4616
:105E000000990AA801F03EF800283CD04744FFB2B0
:105E1000BA457FF46BAF1C9B1B053FF524AF1C9B61
:105E200013F4884F40F0A08095F833309F0700F1BD
:105E30009B801C9B5B053FF516AF1C9B580400F133
:105E4000B780012014E79DF82930019A85F83320A6
:105E5000990703D542F0400385F83330DDE90C2380
:105E6000DDE91001C5E904230F9BEB61009BC5E947
:105E70000201002BCFD09DF82B30534505D04FF0B9
:105E800000094F4632E7814630E7BDF82C30029AD0
:105E90009342F4D1002729E70323F9E6009B0293FC
:105EA00012E796F833303822C3F3801300212846D6
:105EB0000DF11C088DF8243008F0D8FA039C336AE1
:105EC000CDF80CA098E8070004F10109082485F832
:105ED00031400AF11E0705F12404DDF800A02B6211
:105EE0005FFA89F984E80700FFB20026184601220C
:105EF000414600F0A1FE044600283FF4B4AE90F9FC
:105F00000030002BFFF6AFAE2022002108F0AEFAE1
:105F1000002E66D0012E54D0C6EB06130F2FA3F12E
:105F20001E034FF0C102394628BF0F21DBB2227099
:105F300051B1023409B204EB4101534413F8012B6F
:105F400024F8022BA142F9D10136F6B2B34529D982
:105F500020224146286A00F089FE01287FF483AEA2
:105F60000F3FFFB2286AC2E795F8313013F0110FE6
:105F70007FF479AE1C9B5E057FF55FAF95F83330FB
:105F80009C077FF570AE002200232846FFF7DCFD5A
:105F900000283FF468AE284600F0DAFA00283FF403
:105FA00062AE4EE7284600F0A7F961E68988888846
:105FB000D5E904232846FFF7C7FD00287FF441AF49
:105FC00051E6C0232370019B032263F03F036270FC
:105FD00085F833309DF80C30E370BDF80830A380AD
:105FE000B2E7852323700C4B85F8309084F801903C
:105FF0001B68002BA8D00DF117020DF11A0106A89D
:1060000098479DF81710BDF81A20BDF81830217573
:106010002281638198E700BF845600202DE9F0417A
:10602000044694B094F83150039200208DF8490052
:106030008DF84A008DF84B0035B9984691F831300B
:1060400013F0500F0F4603D1002014B0BDE8F081CB
:1060500013782F2B154626D000261AE0039B1B78B9
:106060002046002B34D0059A9DF810300096FFF79B
:10607000EBFD342221460028E6D006A804F076F98C
:10608000204600F039F9039D84F8316084F83360CC
:1060900006AF294603AB04AA2046FFF70BFC39469E
:1060A0000028DBD1D0E70135039529782F29FAD0D4
:1060B000D1B1382206A800213E6A08F0D7F9402263
:1060C000012306AF0E968DF849208DF84B30C3E7BB
:1060D0009DF81030059ACDF8008039462046FFF72C
:1060E000B3FD14B0BDE8F081382220463D6A08F0C7
:1060F000BDF940230120256284F8313084F8330053
:10610000A3E700BF19B101F58861FFF787BF084613
:10611000704700BF8169F8B50446006A01B10131DA
:10612000012200F04DFC012806462FD9012301462B
:106130001A46206A00F00EFD074638B3A06994F8AD
:10614000333030B35A0613D5421C964225D023F083
:10615000400284F83320E36905E0206A00F0BCFDCA
:10616000A0B1A0692B465D1C834219462A46F4D390
:106170004FF0FF323146206A00F0AEFD30B1A16928
:1061800059B13246206A00F0A7FD30B900273846E1
:10619000F8BD43F0400384F83330A6613846F8BDBB
:1061A0002DE9F04F00F1240B06469BE8070087B06D
:1061B0000DF10C0888E807000027BA463C4600228B
:1061C0004146306A00F038FD5FFA87F9054630B184
:1061D0000278C02A52D0C12A0BD0852A29D096F83D
:1061E000323043F0010386F83230002007B0BDE8BA
:1061F000F08F104600216A5CE30343EA540412FA6C
:1062000084F40129A4B201F101010DD01F29F2D9B2
:10621000CA4551D020224146306A00F027FD0128AE
:1062200007F10107CBD0DAE785280CBF0421022152
:10623000E1E7304B96F831101B6890F801A001F0AF
:1062400037018180002BD4D0316A91F80C2242F0C2
:10625000010281F80C2202A80DF107020DF10A01DA
:106260009847BDF80A20BDF808309DF807106975F9
:10627000AA812A82EB816B822878BBE796F83330BB
:1062800013F0400F437814BF43F0020323F00203DE
:106290004370D6E90423C0E90223D6E90223F16959
:1062A0004161C0E90623326A92F80C3243F00103DF
:1062B00082F80C3200789DE759460122306A00F0DE
:1062C000BBFC00288BD0356A4480284600F062FB76
:1062D000002884D005F5037000F05CFB00283FF433
:1062E0007EAFD5F8380402F089FB00283FF477AF81
:1062F0007CE700BF8456002090F8312092B138B579
:1063000090F8332011060FD4056A0446284600F0A1
:1063100041FB88B994F8323043F0010384F83230FD
:10632000002038BD0120704702F07F0280F8332042
:10633000BDE83840FFF734BF05F5037000F02AFBD5
:106340000028E7D0D5F8380402F058FB0028E1D047
:10635000012038BD2DE9F04190F83130590604464E
:1063600063D48068236AD3F834341844B0F1806F62
:1063700002D30020BDE8F0812046FFF7CBFE0028C5
:10638000F7D0266A96F80C32DA0706F5037550D472
:10639000284606F5067600F08FFA4FF400720021C9
:1063A000304608F063F8226AA36992F83D04D2F8F7
:1063B0002414A3F10208012708FA00F817FA00F3E1
:1063C000884418BF002511D0D2F8380408EB050125
:1063D0000123324602F0C4FB01350028C9D0226AED
:1063E00092F83D3407FA03F3AB42EDD894F831301C
:1063F0005B0615D494F8333063F07F0384F83330B0
:10640000D2F83464D4E90223D4E9040192194FF09C
:1064100000077B4180197941C4E90223C4E90401E2
:106420002046BDE8F041FFF767BF006A00F0DEFCE0
:1064300098E7284600F0AEFA0028A9D199E700BFF6
:1064400091F8313013F0500F01D10020704730B572
:1064500083B040F602251378526800950446FFF792
:10646000F3FB10B9002003B030BD102384F83130A5
:106470002046FFF76FFF0028F4D0A369E3610022F4
:1064800000232046FFF760FBC123204684F8333009
:1064900003B0BDE83040FFF72FBF00BFF0B50446A2
:1064A00095B094F83160039200208DF849008DF882
:1064B0004A008DF84B0036B91F4691F8313013F081
:1064C000500F0D4602D1002015B0F0BD13782F2BD0
:1064D000114627D0002603AB04AA2046FFF7EAF9AD
:1064E00029460028EFD0039B1B78204643B39DF834
:1064F0001030059A0096FFF7A7FB40B9002FE2D0B5
:10650000294604AA2046FFF79BFF0028DBD021463E
:10651000342206A803F02AFF2046FFF7ADF906ADA6
:106520000399D8E7013103910B782F2BFAD0296A10
:1065300006A8FFF7ABF90028C5D0039906ADC9E757
:1065400004AA29462046FFF77BFF15B0F0BD00BF27
:1065500090F833309A0718D5F0B5C56983B08DB17E
:1065600003F04003044603F0FF0083B9A16900294A
:1065700041D10195E1612946206A00F0BDFB30BBA5
:10658000002000E0012003B0F0BD00207047206A29
:10659000A16990F83D34D4E902670933DBB216F102
:1065A000FF36C3F1200E47F1FF3726FA03F207FA50
:1065B0000EFE203B42EA0E0227FA03F31A43013291
:1065C000B1B1013D6D1A01312A4401910ABBD4E9F0
:1065D000000194F8333063F07F03C4E90201C4E999
:1065E000040184F833302046FFF786FE03B0F0BD87
:1065F0000195E161EAE702AA42F8040D206A00F081
:1066000061FB40B20028BBDB0AD1019D002DDED02A
:10661000B1E70023019900F09DFA0028D7D1AFE738
:106620004FF0FF32A169206A00F056FB0028ECD140
:10663000A6E700BF2DE9F04F90F8333085B09C07F6
:10664000064601920AD496F8323043F0010386F8E8
:1066500032304FF0FF3005B0BDE8F08F1A078A46A0
:1066600000F11181019B002B00F021813146F1E8FE
:106670000623DDF8048003919346306AD0F8304455
:106680005B461C40C4F308094CBBB569002D00F003
:10669000BD8096F833305B0640F1DC80D6E90223FA
:1066A00090F83D740937FFB212F1FF3243F1FF3326
:1066B000C7F1200E03FA0EFE22FA07F1203F23FA5B
:1066C00007F741EA0E01F36939430B449D42C0F0DC
:1066D000B4803046FFF71EFD0028B4D0306AB1699F
:1066E000D0F8247490F83DE48D1E640AE11905FA8F
:1066F0000EF52944B9F1000F40F08180B8F5007F14
:1067000057D2D6E90423D6E90045B8F5007F4746BD
:1067100028BF4FF400779D4208BF944234BF012246
:10672000032200F5037000F0CDF800288BD0484418
:106730003A465146B94403F019FEB9F5007F00F01E
:10674000918038460021D6E90023D6E9044512EBB2
:10675000000B43EB010C65455A46634608BF5C4598
:10676000BA44C7EB0808C6E9002309D296F83310EB
:1067700064465B46C6E9043461F07F0186F8331055
:10678000B8F1000F7FF479AF5A466346D6E90201AB
:10679000994208BF90427ED3464B1B68002B00F005
:1067A000848096F83330019863F07F0386F83330A5
:1067B00051E7B8F5806F2DD3012303FA0EFEC4EB29
:1067C0000E0ED0F814324FEA5824744528BF744690
:1067D00099424FEA442709D862189A4206D900F52F
:1067E0000370029100F068F8306A0299D0F838041A
:1067F0002346524602F0B4F90028A2D123E7C9F596
:106800000077474528BF474601228AE7F169B9B1B9
:10681000B16165E7D0F8143299422CD0D0F8380431
:106820000123524602F09CF900283FF40CAF4FF4CC
:10683000007000214FF4007785E7691CB1614FE7D4
:106840003046FFF767FC00283FF4FDAEB169F16107
:10685000306A45E72946039A00F034FA00287FF4AD
:106860003DAF36E7306A00F5037000F093F800287A
:106870007FF467AFE7E600F50370029100F01CF8C3
:10688000306A0299CAE7D0E90423FFF75DF90028CE
:106890003FF4D9AEE6E696F83310019861F07F0137
:1068A000C6E9022386F83310D5E60198D3E6D6E987
:1068B00000236BE78456002000224FF0FF33027064
:1068C00083607047F8B543688BB30E468168B14268
:1068D000174604460ED00278D20700F10C0512D4F8
:1068E000BB071CD5002307F001021A432270A660E3
:1068F0002846F8BD054607F0010215F90C3B1A437E
:1069000022702846F8BD18462A46012302F028F9CD
:1069100068B1237823F001032370BB07E2D401237D
:106920002A463146606802F0E5F80028DAD10020F6
:10693000F8BD00BF38B50C46D0F81C14154601EB65
:10694000D41100F503700022FFF7BCFF40B1A40092
:10695000C4F3080403595A1C04D02B60012038BD2D
:10696000FF2038BD002038BD38B50C46D0F81C14C7
:10697000154601EBD41100F503700122FFF7A2FFC9
:10698000034628B1A400C4F3080401201D5138BDFA
:1069900038BD00BF0378DB0701D40120704710B574
:1069A00000F10C02044681684068012302F0D8F827
:1069B00020B1237823F00103237010BD10BD00BF68
:1069C0002DE9F84F804691468B46002944D08F1E12
:1069D000D8F828349F423BD207F00705012303FA79
:1069E00005F5EDB2C7F3C80A3E463C46D8F8241474
:1069F000002201EB14314046FFF764FFC0B110F8EC
:106A00000A100AE04A452AD0A74210D0D8F8282414
:106A1000944217D213F0FF050CD001340D424FEA17
:106A20004503A4EB0602EDD0A7422646EED1012095
:106A3000BDE8F88F0AF1010ABAF5007F4FF00105B1
:106A4000DDD101E0002634464FF0000A0125CDE7F4
:106A50000027BA460125C7E7D0F81874B8E7BBF19C
:106A6000000F04D1B9F1010F08BFC8F81864B01CB9
:106A7000BDE8F88FF8B5044600234FF0FF3600F567
:106A80000377C0F838144160C0F810121546384634
:106A900084F83C34237084F80C32A660C4F8146285
:106AA0001A461946FFF70EFF042D0CD8064650B1C2
:106AB0005DB905222649F01C07F0F0FF18B996F8D9
:106AC0006C30092B19D00020F8BD6B1E00EB0313AE
:106AD00093F8BE2112F07F02F5D193F8C231002B5A
:106AE000F1D000EB05153846D5F8B6512946FFF729
:106AF000E9FE06460028DCD1E5E7336D2B44C4F8F7
:106B00001C34736DC4F82034B36D1D44C4F8245490
:106B1000F36DC4F82834336EC4F82C3496F86D3015
:106B200084F83D340125093305FA03F35A1EC4F8ED
:106B300018040146C4F83434C4F8302420462A46E8
:106B4000FFF73EFF402384F83C342846F8BD00BFE1
:106B50004C5501002DE9F04702398046D0F8280451
:106B600015468A18824238D89A46D8F81834BAF1AD
:106B7000000F35D1994238BFC8F8181401F0070446
:106B80000122D8F8243402FA04F4E4B203EB1139F8
:106B9000C1F3C8060122494640469144FFF792FEE0
:106BA000D8B1871900F5007017F8012B224214BFE5
:106BB00001260026564582EA04024FEA44040CD01E
:106BC000013D07F8012C15D014F0FF04EED1B842B6
:106BD00026464FF00104E7D1DCE70020BDE8F0874E
:106BE0009942CBD89A42C9D9824228BF0022C8F81C
:106BF0001824C3E70120BDE8F08700BF70B582B05C
:106C000002AE054646F8041D0024D5F82834019943
:106C10000133994202D9002002B070BD32462846A5
:106C2000FFF788FE40B20028F5DB04F10104ECD147
:106C3000204602B070BD00BFF8B50E4696E82800A9
:106C4000D0F83014D0F8244490F83D742940023B29
:106C500004EB5121BB40194400F50370FFF732FEED
:106C600018B17368C3F308031844F8BD70B54C68D5
:106C70000D46A318D0F830146B6090F83D340C40EA
:106C800009332244DBB222FA03F406463CB12B7AE4
:106C90003BB12B6801332B60013C002CF7D1012064
:106CA00070BDD6F8283429680133994202D94FF0D3
:106CB000FF3070BD2A463046FFF73CFE40B2012847
:106CC000EAD070BDD0F8283401338B4201D2FF20C6
:106CD0007047FFF72FBE00BF01290BD9D0F8283429
:106CE0000133994210B402D9002010BC704710BC87
:106CF000FFF73ABE00207047F0B50C4683B005465A
:106D00000E46D5F8283401339C4202D9002003B046
:106D1000F0BD01AA21462846FFF70CFE47B2002F1E
:106D2000F4DB012CF2D9D5F8283401339C42EDD89C
:106D3000002221462846FFF717FE0028E6D0019BD7
:106D400001349C420BD1002FDBD13B46A21B3146C4
:106D50002846FFF7FFFE0028D8D003B0F0BDA21BE5
:106D6000314600232846FFF7F5FE0028CED0019CCF
:106D7000002FCCD02646C4E72DE9F8430024D0F8F4
:106D80002464804600F503772546314600223846C4
:106D90000136FFF797FD30B300F1FF3ED8F828C465
:106DA0001EF8010FFF2805F5805913D048B10822BD
:106DB000012318424FEA430118BF0134013ACBB214
:106DC000F7D10835AC450AD94D45DED01EF8010F84
:106DD000FF28EBD10835AC4504F10804F4D8C4EB26
:106DE0000C00BDE8F883BDE8F88300BF10B5044689
:106DF000D0F82C14FFF702FF94F83D340933DBB2CE
:106E0000984010BD30B500248FB000F588650A4663
:106E10002346294668468DF831408DF832408DF87A
:106E20003340FFF7FBF8044648B19DF8313013F0CA
:106E3000500307D069462846342203F097FA2046CB
:106E40000FB030BD1C4620460FB030BDC1B110B4EC
:106E50000144D30343EA520310F8012BA2F1610469
:106E6000192C9CBF203AD2B212FA83F292B2D30309
:106E700043EA5202814292B2EBD1104610BC7047F5
:106E80001046704743B370B444887E2C1ED8134418
:106E9000CD180A44023012F8013BE4B2A3F16101BB
:106EA0001929A4F1610194BF20260026192994BF55
:106EB000202100219B1B641ADBB2E4B29C4205D165
:106EC000AA4206D030F8024F7E2CE4D9002070BCD4
:106ED0007047012070BC70470120704738B50446E8
:106EE0000D462422002107F0C1FAA560EB79102B92
:106EF00008D0202B04D1402301202370A07038BD7E
:106F0000002038BD202301202370A07038BD00BFB1
:106F1000024638B552F8105F04462946806801F0F1
:106F2000F3F850B155B123690135AB42A37818BFCE
:106F300003F0BF0363F07F03A37038BDA37843F071
:106F40004003F7E72DE9F041037803F020032BB964
:106F500003F0FF0441691F4B994203D900263046D4
:106F6000BDE8F0810546FFF7D3FF06460028F5D0BF
:106F70002969A86801F056F80746A8683946243000
:106F8000052201F017F880460028E7D04FF4007280
:106F9000214607F06BFAAB681A79012A10D901244F
:106FA00003E0AB681A79A2420AD91868E1190123F3
:106FB000424601F0D5FD0134E4B20028F1D1CDE71D
:106FC0009B7969694FF4007202FA03F311FA83F3B3
:106FD0006B61C4E7FFFD1F0010B5044680680A46D8
:106FE0002430A16900F0E6FF20B1A38803F00F036D
:106FF00000EB431010BD00BF70B590F90230002BBC
:1070000082B0044618DBA56805F1240001F002F8FF
:1070100030B9637843F001036370002002B070BDA3
:1070200005F50C7000F0F6FF0028F2D0286801F09A
:10703000E5FC0028EDD0F1E70121FFF7CDFF054683
:107040000028E6D00378E52BE3D023780E4A1B070F
:1070500044BFE369C361236A166843831B0C8382C0
:1070600066B10DF103020DF1060101A8B047BDF8AC
:107070000430BDF806202B836B82EA82A37803F0EC
:107080007F03A370BFE700BF8456002010B50378CC
:10709000044623B900232370A370012010BDFFF71D
:1070A000ABFF00232370A37010BD00BF2DE9F0419A
:1070B0000D7815F0700F88B003D1002008B0BDE83E
:1070C000F08140F6022304460D4600F08DFD0028B5
:1070D000F3D001221023A27023702046FFF732FF65
:1070E0000028EAD0237822692262002B58D101219E
:1070F0002046FFF771FF06460028DED01023C3723A
:1071000031462022684603F031F9B17E307D777D2B
:10711000F67E2E2241EA06268DF800206B4640EAD4
:1071200007270DF10A01202203F8012F8B42FBD122
:10713000216AA06800F076FFA3680146012203F1EE
:10714000240000F037FF80460028B6D02022694690
:10715000ADF81470ADF81A6003F008F92B6AADF8B9
:107160001A3069461B0C08F120002E252022ADF8AC
:1071700014308DF8015003F0F9F8A46804F12400EC
:1071800000F048FF002898D004F50C7000F042FF92
:10719000002892D0206808B0BDE8F04101F02EBC74
:1071A000636933B1A378002223F02003A370226126
:1071B00062612046FFF720FF00283FF47EAF96E78C
:1071C0002DE9F041064692B03578019200208DF805
:1071D00024008DF825008DF826002DB998460B78EF
:1071E00013F0700F0C4603D1002012B0BDE8F081FF
:1071F00013782F2B10462AD0002701AA03A900F0EC
:1072000071FB03AA214600230028EDD0019D2D78B3
:107210003046002D2DD000F0E7FC48B9B8F1000F42
:10722000E2D0214603AA3046FFF740FF0028DBD01A
:1072300035460FCD09AC0FC40FCD0FC433782A6883
:10724000226093B93770B770019809ACD5E7013067
:10725000019003782F2BFAD0A16809A8FFF73EFE12
:107260000028C1D0019809ACC6E73046FFF7C4FE3C
:10727000E8E703AA21463046FFF718FF12B0BDE841
:10728000F08100BF2DE9F041064692B035780192B9
:1072900000208DF824008DF825008DF826002DB9EA
:1072A00098460B7813F0700F0C4603D1002012B0F3
:1072B000BDE8F08113782F2B104625D0002703E07E
:1072C00001983770B77009AC01AA03A900F00AFB56
:1072D00003AA214600230028E8D0019D2D783046DE
:1072E0000DB300F081FC354609AC0028DED00FCD8F
:1072F0000FC40FCD0FC433782A682260002BDFD073
:107300003046FFF779FEDBE70130019003782F2B41
:10731000FAD08BB1A16809A8FFF7E0FD0028C5D01D
:10732000019809ACCAE7434603AA2146304600F05B
:107330005BFC12B0BDE8F081A1683046FFF7CEFDDE
:10734000B5E700BF19B101F23C41FFF79BBF08460A
:10735000704700BF03780BB100207047FFF7BEBD38
:107360002DE9F04F8378DF0783B0054640F18D802B
:107370000F4601780E07914600F190808C0608D5E3
:10738000826843691289C3EB42139BB2994528BFB7
:107390009946B9F1000F00F0A7806B69AA688806CA
:1073A0004E464FF0000805F1100AC3F3080B3CD518
:1073B000116A01EB5321BBF1000F50D1B6F5007FEC
:1073C0004DD3D36A99424AD0B6F5806F6FD32878EF
:1073D00080064FEA562B05D41079C8EB0000834590
:1073E00028BF834699424FEA4B240BD85B4499420D
:1073F00008D202F12400019100F00CFE002844D0D4
:10740000AA68019910685B463A4601F073FB0028B0
:107410003BD06B69361B234427446B6164D02978C9
:10742000AA688806C3F3080BC2D492F8058008EA5C
:107430005328BBF1000F38D1B8F1000F35D1002B24
:107440003FD149064CBF116A296A2961104600F0F4
:10745000E9FDAA6808EB0001BBF1000FAED002F114
:107460002400002200F0A6FD78B1CBF50074B442F0
:1074700028BF344600EB0B012246384602F076FF67
:10748000C7E72B7813F0700F2FD16B784FF0FF30D8
:1074900043F002036B7003B0BDE8F08FC36942692B
:1074A0009B1A994528BF994673E72969CEE710686A
:1074B00001233A4601F01EFB0028E6D04FF4007489
:1074C000A7E70B0705D5AB785C0602D52969013122
:1074D000BBE710462969524600F0AAFD0028D4DB1C
:1074E000CFD0AA682969B1E70026C6EB090003B02E
:1074F000BDE8F08F70B582B001220DF1070104469E
:1075000046690569FFF72CFF012808BF9DF80700B1
:10751000666118BF4FF0FF30256102B070BD00BF3B
:1075200030B54369C3F3431583B0044605B189B947
:1075300001220DF107012046FFF712FF40B201289A
:107540000BD163691F336361A068303000EB4510D5
:1075500003B030BD20334361F6E7002003B030BDF7
:107560002DE9F041037807690446B3B142698A42C4
:107570000E463AD041B92161A378666123F0200319
:10758000A3700120BDE8F08118070AD499060BD535
:10759000A3681B89B6EB431FEED927610020BDE825
:1075A000F081E1698E42F8D8D4F808E09EF80650E0
:1075B0000935E9B2501E751EC840CD40A84200D81A
:1075C000B2B95B064CBFDEF82030236A236104F1B8
:1075D00010084246002DCFD02169A06800F028FD98
:1075E000002805F1FF35F4DCD7E70120BDE8F08184
:1075F0002D1AECE72DE9F0410D469046002124229A
:1076000004461F469DF8186006F030FFA8682B6AF4
:10761000E36000F1300208F00F0302EB4312A060B8
:10762000A4F80480D17A0D0712D401F0170121705B
:10763000D37AE67013F0180F08BF41F0080107F085
:10764000030308BF2170012B07D0022B29D01BB3E5
:1076500000202070A070BDE8F0810223A370217883
:1076600011F0110FF4D159B207F4806507F0080347
:107670000B43DBB2A370B2F814E0518BC66AA6616B
:1076800041EA0E4185B1D1B963F07F03A3707B0459
:107690000ED40120BDE8F08117F48065D8D1012116
:1076A000E4E70323A370DAE72162D369E361EEE73D
:1076B000E1692046FFF754FF0028EAD1C8E700F04F
:1076C00065FD0028C4D0A378DEE700BF03780BB1C6
:1076D000FFF792BC012070472DE9F04783789D07A2
:1076E000044607D4637843F0010363704FF0FF3022
:1076F000BDE8F08791461A07884600F1BE806269AE
:10770000D3439945EED8B9F1000F00F0BD804E4645
:107710004FF0000A30E0002978D0A3785B067CD5D2
:10772000E369934279D90131216100F07BFCB6F520
:10773000007F01463DD26269E369A068B6F5007F2B
:10774000354628BF4FF400759A4277D3052224307E
:1077500000F030FC0028C5D038442A4641462F446A
:1077600002F004FEB7F5007F76D06269761B2A44EA
:10777000A844626100F08880A0682169437913EA17
:107780005225C2F308070CD1002FC4D000F04AFCE8
:107790000146C7F50075B54228BF3546A0680122ED
:1077A000D5E700F03FFC2918002FF2D1B6F5007F95
:1077B000C1D3B6F5806FA2681AD31379D76A5B1B61
:1077C000700A834228BF03468F424FEA432508D3FD
:1077D0001F448F4205D982F824A04FF0FF30D062B9
:1077E000A2681068424601F0BBF90028BDD179E7D4
:1077F000D36A8B4229D010680123424601F0B0F9C8
:1078000000283FF46FAF4FF40075AEE7216A51B323
:10781000216100F007FC0146C8E704F1100200F006
:1078200007FC0028FFF65EAF05D12046FFF770FB8E
:1078300000283FF457AF2169A068EAE7A37813F066
:10784000200F0CBF0122052281E782F824A04FF00F
:10785000FF33D362A268CEE7A068243000F0DAFBE1
:10786000002882D13EE72046FFF752FB00283FF474
:1078700039AF21692162A068CBE7C169FFF770FECB
:1078800000283FF42FAF3AE7E369934209D30A4B4C
:107890001B6873B1A37863F07F03A3704846BDE80B
:1078A000F087A378E26163F07F03A3704846BDE8E8
:1078B000F0874846BDE8F0878456002004290CD99B
:1078C0000A2906D90C299ABF00EB4101C88800207B
:1078D000704700EB41018888704700EB4101B1F827
:1078E000010070472DE9F04F0378202B03D110F8E9
:1078F000013F202BFBD088600378002B00F007812C
:107900002F2B2FD05C2B22D0A3F12204E4B21D2C0C
:1079100020D9DFF818E2461C00247C2BA3F12005B7
:10792000374614D05E2D12D816F8013BA3F122057C
:10793000EDB20134002B00F0D3802F2B13D05C2B41
:107940002EFA05F703D01D2DE7D8FF07E5D5002057
:10795000BDE8F08F754D25FA04F4E407D9D5002071
:10796000BDE8F08F002407193E4625462F2302E08C
:1079700016F8013F0135202BFAD02F2BF8D0054403
:1079800015604CB13A4612F8013D2E2B02D0202B47
:1079900040F0A980013CF6D14FF0FF3523464B6003
:1079A00001F1170601F10C03202203F8012FB34265
:1079B000FBD1461E002200E0013216F8013F2E2BBB
:1079C000FAD0202BF8D0B2FA82FC6E1C4FEA5C1C75
:1079D0000CD0475D2E2F00EB050604D106E016F80B
:1079E000017D2E2F02D015F1FF35F8D2A2424FF0C3
:1079F000000980F291804E46CA4607274FF00808DA
:107A000025E02E2B47D0222B0BD07C2B09D0A3F1C5
:107A10002A0EBEF1050F48D9A3F13A0EBEF1050FAB
:107A200058D8954239D0B74229D34FF0000C5F2384
:107A300006F1010E01EB060B5FFA8EF6062E8BF8AF
:107A40000D3000D80E730132A24207DA835C202B7E
:107A5000D7D10132A2424FF0000CF7DB4B7B202B39
:107A60003FF475AFBCF1000F47D01AEA090F18BFF9
:107A70004FF0020981F800900120BDE8F08F0A2F35
:107A800037D0954235DB2A460A2708264FF01008E2
:107A90004FF0000CD7E79542DBD10A2F29D02A46B8
:107AA0000A2708264FF01008CDE72D2BB9D1A3F1F6
:107AB000210EBEF15D0FB4D89542EED0B742DED3B1
:107AC000A3F1610EBEF1190F28D8203BDBB248EAC2
:107AD0000909ADE7A3F15B0EBEF1020FA1D9E6E7FC
:107AE000176007194EE7FF2C3FF731AF651E23469D
:107AF00055E74B7B202B3FF42AAF0B7B0B44012037
:107B00007E24312208705C739A73BDE8F08F106098
:107B10001C464FF0FF3542E7CA469FE7A3F1410EEE
:107B2000BEF1190F98BF48EA0A0A81E70101003542
:107B30002DE9F8430F7B0E46044601F10D054FF089
:107B400002084FF07E097068B16808EB00039BB231
:107B500040B1084411F8012B03EB43135340884212
:107B60009BB2F7D1032F28BF03273A1DD2B203F0EF
:107B70000F01B018013A0929D2B294BF3031373120
:107B800097424FEA13134173F1D3F319002183F89D
:107B90000D902046FFF7E4FC01212046FFF7C0FCD2
:107BA0000B2203460146A8B193F800E02846BEF137
:107BB000000F15D0DB7A1B07EED406F0C1FB0028BE
:107BC000EAD108F101081FFA88F8B8F1640FBAD1B8
:107BD000BDE8F8836078B0FA80F04009BDE8F8832A
:107BE0000120BDE8F88300BF2DE9F04F0C7814F0B8
:107BF000700F8DB001D004781CB100200DB0BDE82D
:107C0000F08F1478D2F804A0A40742D14FF00108F5
:107C10000E4693460990002130460F460793FFF722
:107C20009FFC0BF10D03069703973C46B946059759
:107C30000493012130467569FFF772FCC5F34F15B7
:107C40000346002800F08C800278E52A3AD0002A0A
:107C500038D0444538BF00242E2A30D0D97A0F2995
:107C60003ED001F0080101F0FF0241BBB9F1000F65
:107C700040F05E8118460B22049906F061FB002853
:107C8000D7D19BF80030D80740F1668101230593D6
:107C9000CFE7B34D0AF10C04A5FB04484FEA98085E
:107CA00008F101085FFA88F8B2E703990139C9B20F
:107CB0008A42039103D15A7B069991421BD04FF01F
:107CC0000009B6E7002C08BF2F4644453CBF0134ED
:107CD000E4B2002A48D0E52ABED14FF00009A8E757
:107CE000B9F1000FE1D15506A3D502F01F095A7B67
:107CF000CDF80C900692039A013A02EB420502EB92
:107D00008505AA452A46DAD905F10D01CDF820905E
:107D1000894613E0DBF80800825CBCF1190F98BFBC
:107D20002031A2F1410098BFC9B219289CBF20326E
:107D3000D2B28A42C3D1CE4542D07246511BC9B29B
:107D40001846FFF7BBFDC1B29245A1F1410C02F10B
:107D5000010E00F0E680FF28DCD94FF0000968E74B
:107D60007378002B7FF449AF079A13469A057FF585
:107D700044AF03F00303013B012B3FF63EAF002C61
:107D800008BF2F46444503D31DE0DCB2A0451AD9F5
:107D900000213046FFF7C4FB631C0028F5D173783F
:107DA00023B12AE7B3681B79012B0CD8A0450AD967
:107DB0003046FFF7C7F81034E4B20028F2D11CE7D0
:107DC000DDF8209035E7059B33B159463046FFF783
:107DD000AFFE00283FF411AF79013046FFF7C0FB3A
:107DE00000283FF40AAF08F1FF3818F0FF0959D016
:107DF00049F04004E4B24D46002700213046FFF729
:107E00008FFB00283FF4F9AEB26892F82430A94500
:107E100043F001034FF00F0C14BF2946214682F8AE
:107E200024300BF10C0E80F80BC0077301700BF1BE
:107E3000170C00231EF8018F5A0842EAC31358FAA0
:107E400083F3E645DBB2F5D101F01F01013943733D
:107E500001EB4102DBF808E0478301EB82020430CA
:107E600000230FE0042B1EF8021014D90A2B94BF34
:107E7000018041800133DBB20D2B02F1010200F1E0
:107E800002000BD09245EDD814BF4FF0FF31002116
:107E9000042B89B2EAD820F8031CEBE7013D15F06A
:107EA000FF05AAD1002130467569FFF739FBC5F3FC
:107EB0004F15044600283FF4A0AE2022002106F012
:107EC000D5FA0B220BF10D01204602F04FFA254A9C
:107ED0009BF80030176803F0180323738FB10DF17E
:107EE0002B020DF12E010BA8B847BDF82C30BDF8C0
:107EF0002E209DF82B106173238263822383E281FD
:107F0000E282B26892F8243043F0010382F8243010
:107F1000CDF80090079B09982A463146FFF76AFB87
:107F20006CE60028DDF8209018BF4FF0000980E6CD
:107F3000039901297FF461AE5C1E0A3314F8010F26
:107F4000510841EAC21250FA82F29C42D2B2F5D1F3
:107F5000069B93427FF451AE079B1905D8D54CE69A
:107F60004FECC44E84560020F8B54368816800F198
:107F70000C06044632461868012300F0F1FD40B1BA
:107F800023789A07054607D423F001032370284677
:107F9000F8BD00252846F8BD6368A7681969186808
:107FA00032463944012300F0DBFD0028F1D023786C
:107FB000EAE700BFF8B583688B42064614460FD047
:107FC0000378DA070F4612D4630716D506F10C05BD
:107FD000002304F003041C4334702846B760F8BD46
:107FE00010F90C3B04F003041C433470F8BDFFF798
:107FF000BBFF0028E8D10020F8BD736806F10C052E
:1080000018682A460123394600F074FD0028DFD1A4
:10801000F1E700BF0378DB0701D401207047FFF7C9
:10802000A3BF00BF83794069023999400844704773
:10803000012931D9C36999422ED870B5C379202B53
:10804000164605460C4618D0102B13D18369C1F390
:1080500007211944022200F50C70FFF7ABFF48B16D
:10806000E1B230F81130EA6993429ABF01203360DF
:10807000002070BD4FF0FF3070BD8169022201EB1E
:10808000D41100F50C70FFF795FF0028F2D004F032
:108090007F0150F82130E6E74FF0FF30704700BF16
:1080A00001291DD938B5C369994206D8C379202B57
:1080B00015460C4616D0102B01D0002038BD836920
:1080C000C1F30721194400F50C700322FFF772FF7A
:1080D00003460028F1D0E1B2012023F8115038BD49
:1080E000002070478169032200F50C7001EBD41168
:1080F000FFF760FF03460028DFD004F07F01012076
:1081000043F8215038BD00BF2DE9F041C4688C42CE
:1081100082B005460F4690463ABF0C46002601261F
:10812000EB6901349C4201AA2846214609D93EBB8D
:10813000EC6801349C424FF0010601AA2846214612
:10814000F5D8A7421CD0FFF773FF002818DBE7D053
:10815000019B002BE4D106B1EC606FF07042214628
:108160002846FFF79DFF064650B117B9C8F80040F2
:1081700007E0394628462246FFF792FF0028F5D14E
:108180000026304602B0BDE8F08100BF70B505465C
:1081900082B00C460AE0FFF783FF90B1EB689C4287
:1081A0003CBF04F1FF34EC60019C5EB101AA2146A2
:1081B0002846FFF73DFF061E21464FF000022846E5
:1081C000E9DA002002B070BD2DE9F041C379C2693F
:1081D000102B02F1010805D0202B03D04FF0FF3007
:1081E000BDE8F0818569B8F1000F3ED0064600F584
:1081F0000C7700242946022238460135FFF7DAFEC3
:108200000028EBD0F379102B16D0B8F17F0F28D8C7
:108210001FFA88F1C646013989B200EB8101031FBC
:1082200053F8042F02B901348B42F9D1B8EB0E0890
:10823000E0D12046BDE8F081B8F1FF0F18D94FF426
:10824000807E7346591E89B200EB4101831E33F8CC
:10825000022F02B901349942F9D1B8EB0E08C9D105
:10826000E7E74FF0800E7146D5E74046BDE8F08164
:108270001FFA88F3C646E5E7F8B504460023012552
:108280004FF0FF30E5602160A462C4F83442E3712E
:1082900084F8243084F83032E062C4F8380215469D
:1082A000DAB1042A01D90020F8BD04F124061A46E7
:1082B00019463046FFF77EFE05F18055013D2D0140
:1082C00000F5DF735A190028EDD011790029EAD0A2
:1082D0005B5D5B06E7D1956801E004F1240630465A
:1082E00000222946FFF766FE0028DCD0037C022B23
:1082F000D9D1B0F80B30B3F5007FD4D1467B2671CD
:10830000731E0022012E6371A2710FD0012211464B
:1083100000E01A464900C9B2531C8E42DBB204D0B9
:10832000092BF6D1A2710020F8BDA271C18A21618A
:1083300009B9416A2161C789B0F8113023812F44FE
:108340005B0107EB410603F2FF13B0F81310A761BE
:1083500006EB63232662636101B9016AED1A0D44DD
:1083600025FA02F240F6F473511C9A42E1610AD9EF
:108370004FF6F4739A4285BFC36A23621023202309
:10838000E3710120F8BD0C23E3718CE770B5002583
:108390008AB000F23C440A462B46214601A88DF8DB
:1083A00004508DF805508DF80650FEF76BFF064619
:1083B00058B19DF8043013F0700309D001AD0FCD12
:1083C0000FC40FCD0FC42B68236030460AB070BDB8
:1083D0001E4630460AB070BD10B50446806B28B109
:1083E000FEF754FE10B10023A36310BDE06B28B16B
:1083F000FDF742FA10B10023E36310BD002010BD69
:10840000C9B32DE9F0410C46054698461746FFF7DB
:10841000E3FFD4F87864AEB12946242000F030F8A8
:108420000021017041708170D4F87814A86343462C
:108430003A46FEF787FF10B10120BDE8F081A8633E
:10844000BDE8F081D4F87C34BBB12946382000F077
:1084500017F880F8316080F8326080F83360D4F823
:108460007C14E86343463A46FDF74CFE0028E3D10E
:10847000E863BDE8F081002070470020BDE8F0818E
:108480000846704770B500260546C0F88014C0F84D
:10849000786401464FF48F60FFF7F2FF04464660B0
:1084A000FEF70AFA04F50370C4F81062FEF704FA46
:1084B00084F83C6484F8716484F8726484F87364AA
:1084C000D5F88014C5F87C4420460122FEF7D2FA84
:1084D000E8B900262946C5F87C644FF48C60FFF7A4
:1084E000CFFFC67180F83C6480F83D6480F83E643C
:1084F0000122D5F88014C5F878040446FFF7BCFEC5
:10850000A0B9104B00201860C5F8780470BD04F5C0
:1085100088663046FDF7B0F921463046FDF7B6F9DA
:108520000028D6D0074B01201D6070BD04F23C46E8
:108530003046FEF7ABFD21463046FEF70BFF002824
:10854000F0D1DEE77C56002010B50446806800F0CC
:1085500041FB207B002100F03BFB0123A37310BDF6
:1085600010B504460121007B00F032FBA068FF211A
:1085700000F0BAFBA06800F07DFB0023A37310BDE0
:108580002DE9F041214D82B02B680093009C80467C
:108590000E461746A4B207E02B680193019B9BB2DD
:1085A0001B1BB3F5967F16DCD8F8080000F07EFBA5
:1085B000FF2888F80F00EFD0FE2810D0182388F885
:1085C0000D3098F80E0018B14046FFF7C9FF0020A3
:1085D00002B0BDE8F0811D2388F80D30F1E73A467E
:1085E0003146D8F8080000F06FFB88F80F0018B18A
:1085F000242388F80D30E4E7D8F8080000F056FB93
:10860000D8F8080000F052FB0120E1E7DC5600201A
:10861000F0B50D4D83B02B680093009C06460F46C5
:10862000A4B206E02B680193019B9BB21B1BBB42CB
:1086300007DCB06800F03AFBFF28F3D1012003B05B
:10864000F0BD002003B0F0BDDC560020F0B5837B08
:1086500083B004460F4601920BB9FFF775FF37BB95
:1086600047F04001A06800F03FFB01AE02AD15F8F5
:10867000011DA06800F038FBB542F8D1002F0CBFF7
:1086800095218721A06800F02FFBA06800F00EFB69
:108690000B25A06800F00AFB0306E07301D403B0C9
:1086A000F0BD6B1E13F0FF05F3D103B0F0BD4FF426
:1086B00096712046FFF7ACFFD2E700BF82B02DE9EC
:1086C000F04182B008AC84E80C00054600249DF817
:1086D000200028736C732C740E4600F075FA287B0A
:1086E000694F012100F074FA684BAE60736008AB0B
:1086F0000ECB304600F0AAFA9DF821303A6800927D
:10870000DB43C3F3C013AC732C716B712846DDF8E7
:108710000080FFF719FF287B012100F059FA0A2495
:10872000FF21A86800F0E0FA631E13F0FF04F7D100
:108730002146287B00F04CFA0A26002211462846E2
:10874000FFF784FF0128044621D0731E13F0FF06B3
:108750000BD0FD21A86800F0C7FA4FF40274A86896
:1087600000F0A4FA013CFAD1E7E701236B73A87B80
:1087700020B902B0BDE8F04102B070472846FFF7CB
:10878000EFFE002002B0BDE8F04102B070474FF4A8
:10879000D57208212846FFF759FF43073DD52C74B1
:1087A000002407E03B680193019B9BB29B1AB3F541
:1087B000FA6F42DC002237212846FFF747FF2246A6
:1087C00029212846FFF742FF1FFA88F20028E9D145
:1087D0002B7C022B34D0AB7B13B12846FFF7C0FEB5
:1087E000A86809992A4C2B4E002302E0172D08D0C7
:1087F0002B4634F8022F96FBF2F2914203F1010569
:10880000F4D3254A52F8233043F0605343600120EB
:1088100002B0BDE8F04102B0704702232B7404247B
:10882000A86800F043FA013C14F0FF04E873F7D1A4
:10883000AA280ED006236B7399E717236B7396E76C
:1088400002463A212846FFF701FF48B112236B7315
:108850008DE72B7C022B0CBF4FF080440024A9E74E
:10886000A86800F023FA00F0C000C02804BF03236A
:108870002B74A86800F01AFAA86800F017FAA86824
:1088800000F014FAA7E700BFDC56002006500038BD
:1088900046540100006CDC027854010010B5037CE2
:1088A000032B0A4618BF4A0212210446FFF7CEFEE8
:1088B00048B1A07B0C23637300B910BD2046FFF7BD
:1088C0004FFE002010BD012010BD00BF38B50022B2
:1088D0000C210546FFF7BAFEAC7B20B109236B7370
:1088E00054B9204638BD14B90124204638BD284665
:1088F000FFF736FE204638BD28460024FFF730FE3D
:10890000204638BD38B504461546806800F0ECF9BD
:108910004FF400722946A06800F0F2F9A068FF2128
:1089200000F0E2F9A068FF2100F0DEF9A06800F095
:10893000BDF900F01F03052BE07309D0A07B1F23B6
:10894000637300B938BD2046FFF70AFE002038BD2A
:10895000012038BD38B50D464FF416710446FFF7B7
:1089600057FE40B923236373A07B18B12046FFF75D
:10897000F7FD002038BD2A46FC212046FFF7C2FF44
:108980000028F1D038BD00BF10B5037C032B0A4688
:1089900018BF4A0219210446FFF758FE48B1A07BD0
:1089A0000E23637300B910BD2046FFF7D9FD0020E8
:1089B00010BD012010BD00BF70B54FF41671054603
:1089C000FFF726FE064658B9AC7B1E236B730CB925
:1089D000204670BD28463446FFF7C2FD204670BDD4
:1089E000FD21A86800F080F9AC7B14B9344620461C
:1089F00070BD2846FFF7B4FDEAE700BF10B5037964
:108A0000012B044605D0022B09D00023237101203D
:108A100010BDFFF75BFF0028F7D1002010BDFFF766
:108A2000CBFF0028F1D1F8E770B50D460446164695
:108A3000FFF7E4FF294620460022FFF707FE40B17A
:108A40001B236373A07B18B12046FFF789FD00202C
:108A500070BD314610222046FFF792FD0028F1D06C
:108A6000A57B002DF4D02046FFF77AFD284670BD87
:108A700030B585B06A460921FFF7D6FF38B19DF8B9
:108A8000003013F0C00304D0402B23D0002005B0E9
:108A900030BD9DF809409DF806309DF807209DF8EF
:108AA0000A009DF805109DF8085004F003046400C6
:108AB000920003F0030344EAD01001F00F0142EAF0
:108AC0008323084443EA95130133073803FA00F07F
:108AD00005B030BD9DF809309DF807109DF80800DD
:108AE0005A1C01F03F0302EB034303EB002080021A
:108AF00005B030BDF8B50D4601790129064614468A
:108B00001F4605D03046FFF779FFD0B90020F8BDE9
:108B10000368AB42F6D1002567B121464FF40072DD
:108B20003046FFF72DFD013504F500740028EDD027
:108B3000AF42F2D1336872791F4437605AB90120CD
:108B4000F8BD29463046FFF7A9FE0028DED00123F4
:108B500035603371DFE73046BDE8F840FFF74EBFC0
:108B6000F8B50D4601790229064614461F4605D080
:108B70003046FFF743FFC0B90020F8BD0368AB42A1
:108B8000F6D1002557B121463046FFF7E3FE013507
:108B900004F500740028EFD0AF42F4D13368727945
:108BA0001F4437605AB90120F8BD29463046FFF707
:108BB000EBFE0028E0D0022335603371E1E7304658
:108BC000BDE8F840FFF71ABF012102F097B800BFD7
:108BD00002F080B810B403684268D97AB1B172B6B5
:108BE000D97ACC0706D51448D96804682140996120
:108BF0000160D97A880706D51048196904682140B0
:108C0000D9610160D97A49070ED462B61B68D96868
:108C1000914207D00A4818600A49DA6042F0804061
:108C20001861196010BC70470748596904682140F1
:108C300019620160E9E700BF80E100E084E100E043
:108C400001403F0000003F8088E100E000B585B0B2
:108C50000DF1100E0EE90E00039B33B103601846B0
:108C600005B05DF804EBFCF7C7BC014BF6E700BFAD
:108C7000F0FAFF1F0268D37A83B1D80703D5084BF7
:108C800091691960D37A990703D5064BD1691960A8
:108C9000D37A5B0702D5044B126A1A60704700BF93
:108CA00000E100E004E100E008E100E003681A6888
:108CB0004FF00041FF23D1625363D36A002BFCDAEB
:108CC000906BC0B2704700BF70B505460C461646A3
:108CD0000846FF2105F0CAFB286833462246214694
:108CE000FCF7C6FD002070BD03681A684FF0004312
:108CF000D3625163D36A002BFCDA936B704700BFD9
:108D000030B5551EB5F5007FADF5017D134612D384
:108D100072B102681268C8184FF0004411F8013BA4
:108D2000D4625363D36A002BFCDA8142936BF5D192
:108D30000DF5017D30BD05461446684601F016FB71
:108D400023466A4669462868FCF792FD0DF5017DC9
:108D500030BD00BF10B4034B002414701B6810BC5E
:108D6000184700BF80560020024A034B0349116098
:108D7000186070478456002080560020558D0000F2
:108D800038B50368A24C1B68032222700546984739
:108D9000A04B9A7912F00C0F03D19A79D20600F108
:108DA000B4809C4A9379C3F38103032B00F0B8800D
:108DB000984A9379C3F38103022B00F0EC80954A23
:108DC0009379C3F38103022B00F0F280914A9379E7
:108DD000C3F38103022B00F005818E4A9379C3F31C
:108DE0008103012B00F0F1808A4A9379C3F3810358
:108DF000012B00F00081874B9A7912F00C0F03D100
:108E00009A79D20600D49B79834A137803F004033D
:108E100003F0FF018BB9814B19701B781378DB07C6
:108E2000FCD57E4B7E4A402119701B781378580779
:108E3000FCD4794A13785907FCD57A4B1A6822F08A
:108E400002021A60EFF3108272B6BFF35F8FBFF3B6
:108E50004F8FBFF36F8F30BF82F31088BFF35F8FE8
:108E6000BFF34F8FBFF36F8FBFF35F8FBFF34F8F92
:108E7000BFF36F8F1A68684942F002021A600B78DC
:108E80005A070BD5654B664A002119701B78137879
:108E90005B07FCD5604A1378D807FCD55D4B5A7840
:108EA000A02102F0FD025A701A46197093799907B1
:108EB000FCD5584A9379DB06FCD456498B79554A40
:108EC00003F00C03082BF9D1032140231171114643
:108ED00053718B799806FCD54E498A794D4B5206D1
:108EE000FBD5514A5149116020221A701A469379D4
:108EF00003F00C030C2BFAD12B6828465B689847CB
:108F00004B4A00231068237038BD9B799B067FF580
:108F10007BAF404A9379C3F38103032B7FF448AFBF
:108F2000937903F0100303F0FF01002B7FF440AFAF
:108F3000937998067FF53CAFA02311721146137008
:108F40008B79344A03F00C03082BF9D1537903F0E1
:108F5000BF03537193792F499B06FBD44B7865204F
:108F600043F001034B700A4608709379D806FCD58C
:108F7000284A9379D907FCD526498B79254A03F0ED
:108F80000C03042BF9D1537827492A4843F00203F4
:108F90005370086038E79379D9063FF510AF93799D
:108FA0009B067FF50CAF537898077FF52DAF06E74A
:108FB0009379D9063FF50AAF93799B063FF506AF43
:108FC000537898077FF520AF00E79379D8067FF5AF
:108FD0000BAF937999063FF507AF53789A073FF5A2
:108FE00013AF01E79379D9063FF5F7AE53789B07A6
:108FF0003FF50AAFF1E69379DB067FF5FCAE937996
:1090000098063FF5F8AE537899077FF5FDAEF2E686
:10901000BCF3FF1F0040064003E0074001E00740AB
:1090200002D0074010E000E044800440000003014B
:10903000B8F3FF1F00001311114B1B78012B1DD03B
:10904000032B10B5044605D0052B03D00D4BA26BA6
:109050001A6010BD94F8313013B90B4B04221A601A
:109060000A4B94F830201A7072B64220A16A01F0BF
:109070004FFD62B6034BA26B1A6010BD704700BF74
:10908000BCF3FF1F1CD0034088E100E042E400E095
:1090900038B5314D2B78012B23D0032B044632D029
:1090A000052B30D02D4A116889001BD41168032B81
:1090B00041F0005111601AD0052B18D0284A1379BD
:1090C00043F020031371274A94F83D301268A263DD
:1090D000002B38D1E36A244A013B1360214B042260
:1090E0001A6038BD0122032B84F83C20E4D11F4ACA
:1090F000136803F00403DBB284F83130002BE2D1B3
:1091000004231360DFE71A4B1B7884F8303001F03A
:1091100081FCA0F11103EE2B98BF1038144B94BFC3
:10912000C0B28020187072B6124B1349D3F8483180
:10913000A362422001F0ECFC62B6084A2B78116869
:109140008900B3D5CEE701F0ABFDE36A064A013BE7
:1091500018441060C2E700BFBCF3FF1F3C8004400E
:10916000685800201CD0034008D0034008E100E00C
:1091700042E400E000F4FF1FAD910000074B0849F6
:109180001B68084A01330B601378032B02D0052BB0
:1091900000D07047044B23221A60704700D0034070
:1091A00008D00340BCF3FF1FB8F3FF1F034B1B683D
:1091B0009B0001D5FFF7E2BF704700BF3C80044031
:1091C000034B1B689B0000D47047FFF7D7BF00BF5D
:1091D0003C800440C2EB021210B492004FF4616470
:1091E00004FB01210B440122C36280F8252080F892
:1091F0003D2010BC704700BF90F8273013B990F89D
:10920000283013B1014B00221A6070470060034000
:1092100090F8273013B990F828302BB1034B044A4B
:1092200048F6A37119601A60704700BF00600340E0
:10923000A28F0100644A654B2DE9F04F644EDFF8C0
:10924000A0A1644CDFF89091A2FB00524FEA124CAF
:109250000CF10407A3FB0025A6FB0062A7FB0AABE9
:109260006D09D20AA3FB0563A4FB0264CBEB0706DE
:109270000BEB56065B09B6082409C6EBC606C3EB22
:10928000031304EB4404A5EB8303BE1BC5EB0515D8
:10929000A2EBC402A0EB8500013600248A7008709E
:1092A0004B70CE70224640F26D1B4FF064084FF4B5
:1092B000C87A0EE0C6EBE5150AFB153570BB002D2C
:1092C00014BF58464FF4B7700244944504F10104AA
:1092D00013D3E7B207F2B27389FB0305DE17C6EBBF
:1092E000651013F0030E08FB1030E3D040F26D1050
:1092F0000244944504F10104EBD28F71BEF1000FDA
:109300000FD13548DE1780FB0340C6EB601464259F
:1093100005FB1434BCB34FF4B77405E04FF4B770D9
:10932000D2E740F26D14DE172B482C4D80FB037002
:10933000C6EB6018121BC6EBE01664244FF4C8702D
:1093400000FB163604FB1838C2EB0C020120002388
:1093500002E00130C0B20133012BDFB220D05C5DEE
:10936000944209D80C28A2EB0402F2D10D27013255
:109370000A714F71BDE8F08F0137FFB201320A71F7
:109380004F71BDE8F08F4FF4C874C6EBE01004FBDA
:109390001030002840F26D1408BF4FF4B774C3E7D3
:1093A000BEF1000F0AD1B8F1000F0BD1002E14BF8F
:1093B0001C241D24A24203D3121BCAE71C24F9E774
:1093C0000227D4E71D24F5E707452EC2898888883F
:1093D000C5B3A291ABAAAAAA1F85EB517C55010087
:1093E0002549922410B503490446FFF723FF024B99
:1093F0001C6010BDD0560020CC56002008B5044B90
:109400001B68984201D0FFF7EDFF024B987808BD2A
:10941000CC560020D056002008B5044B1B6898425B
:1094200001D0FFF7DFFF024B587808BDCC56002073
:10943000D056002008B5044B1B68984201D0FFF7B6
:10944000D1FF024B187808BDCC560020D056002022
:1094500008B5044B1B68984201D0FFF7C3FF024BCD
:10946000187908BDCC560020D056002008B5044B12
:109470001B68984201D0FFF7B5FF024B587908BD31
:10948000CC560020D056002008B5054B1B689842EA
:1094900001D0FFF7A7FF034B987900F2B27008BD27
:1094A000CC560020D05600202DE9F041394986796C
:1094B00001FB06F106B306F2B27C40F2B373DFF8AB
:1094C000D8E064274FF4C8780DE013F0030F09D1FA
:1094D000C2EBE51208FB123204B91AB901F5A83142
:1094E00001F5C07101338EFB0325DA17C2EB651459
:1094F000634507FB1434E8D14779012F2FDD264C53
:10950000264ADFF89CE006F2B27384FB0346DC17C0
:10951000C4EB661C6425C4EBE6164FF4C87405FB67
:109520001C3C04FB163603F00305012307E0147806
:109530000133BB420EFB041102F101020FD0022BDA
:10954000F5D1002DF3D1BCF1000F1BD001F518119E
:1095500001F56E510133BB4202F10102EFD14378B4
:109560008578047802790E48C3EB03134FF46166E3
:109570009B0006FB05332344013A00FB02300844FC
:10958000BDE8F081002ED2D101F5181101F56E5120
:10959000E0E700BF8033E1011F85EB517C550100FE
:1095A000805101002DE9F04F85B09946BDF9387022
:1095B000BDF83CA0BB1AC1EB090B002BB8BF5B4246
:1095C000BBF1000FB8BFCBF1000B5B450D46164653
:1095D0000093804648DC4D453A4633464CDC1946FC
:1095E00013460A46C5EB09019B1A89B2002B0CB23F
:1095F000B8BF5B4204EBD474BE42ACBF4FF0FF3245
:1096000001224D45039102924FEA640429DC9BB28A
:1096100001930DE0D8F800703F69B847019BE41A48
:10962000A3B21CB20135002C2DB211DBA94518DB09
:10963000009B5B452A46534631464046EADCD8F853
:10964000002053461769294632464046B847E5E7A9
:10965000029A1644039AA94502EB030436B224B2D7
:10966000E6DA05B0BDE8F08F4A462B46B9463546E6
:109670004D4517461E46B2DD304629463E464D460C
:1096800007468946AEE700BF2DE9F04782B005687E
:10969000BDF82C70BDF9289000970446D5F81CA0A1
:1096A00090460D461E46D0472368009709F1FF32C9
:1096B0004244D3F81CA029463346204612B2D04774
:1096C00023680097D3F818A042464B462946204607
:1096D000D04720680A97711E2944856909B24B4614
:1096E00042462046AC4602B0BDE8F047604700BFA6
:1096F00030B583B0013B1344BDF8185004681BB269
:109700008DE828000B466469A04703B030BD00BF58
:1097100030B583B00468BDF818500092013B0B448B
:1097200001951BB26469A04703B030BD2DE9F04735
:109730005F1882B0B942BDF92890BDF82C800FDACD
:109740000C46054692462B68CDF800802146013430
:109750009E6952464B46284624B2B047BC42F2DBD3
:1097600002B0BDE8F08700BF10B582B0B0F90C20A0
:1097700001910168009200224C6AB0F90A3011464A
:10978000A04702B010BD00BF704700BFF0B4002476
:1097900001264FF6FF75084F07600471C475C48138
:1097A000048244768675067685824582C180028170
:1097B00041818281F0BC7047905501002DE9F04F46
:1097C0008FB08346BDF86040B0F90A000594BDF83B
:1097D0006440079488429DF86840049476DDBBF9A4
:1097E0000C00904272DD062010FB041000286DDD95
:1097F00002EBC400002869DD9BF8190000287AD02C
:1098000092B203EB83030D920B9308328BB20C934D
:1098100093B2069306230A93BDF810A00023089381
:10982000089B052B6CD0374AD3180B9A9F5C08997C
:109830000C9B0D9CBDF91080029701FB0A3213FAB4
:1098400081F312B21BB203920993264625461BE010
:10985000049B0399012B2AB24346584639D0DBF8C2
:1098600000E0059F0197CDF80080DEF82490C847FE
:10987000029B5B0801340293069BA4B255445644F4
:109880009C42ADB2B6B217D0029BDB07E0D4059B79
:10989000079A03999342584632B24346E8D0049F50
:1098A000012F1FD0DBF800E0079F0197CDF8008063
:1098B000DEF82490C847DBE7089A0A9B0132013B97
:1098C00052B213F0FF0308920A93A9D10FB0BDE87A
:1098D000F08FDBF80020059BD2F81090099922B296
:1098E000C847C5E7DBF80020079BD2F8109009991C
:1098F00022B2C847BCE7AF2B84BF0133DBB27FE79E
:10990000002794E7C0550100F0B50A2985B0044648
:1099100029D00D2924D0458A877D868AB0F9102068
:109920000B46B0F90E108DE8E000FFF747FFA27D6F
:10993000E389207E91B201EB410503EB45031BB2A5
:10994000E38168B1B4F90A00A2EB820200EB4202A3
:10995000934205DD238A002203EBC1012182E281CB
:10996000012005B0F0BD038A817D002203EBC10315
:109970000382C281012005B0F0BD00BFC181028217
:10998000704700BF002908BF01218175704700BFE3
:1099900081824182704700BFC07D7047B0F90A00E4
:1099A000704700BFB0F90C00704700BFF0B5C47D30
:1099B000BDF81450022C75D0032C6ED0012C32D07F
:1099C000002A79DBB0F90840944265DD002978DB94
:1099D000B0F906605818B042C4BF731A1BB2002B0E
:1099E0005ADD002A1046B8BFD01D012440F3CF0035
:1099F00002F00702704E01EBC01104FA02F2A54218
:109A00003144D2B200F0A480C0F09580022D43D141
:109A1000013B11FA83F04B1E13F8011F51408342A2
:109A20001970F9D1F0BDC488013CA21A12B2002A03
:109A30007BDBB0F9064094422EDD00293DDBB0F916
:109A400008605818B042C4BF731A1BB2002B23DD44
:109A5000C9B2C808584C02EBC01211F00701DBB2C2
:109A600004EB020039D0C1F10801C9B2534E8B4258
:109A7000765C2AD2C3EB010EFF2747FA0EF7012DC1
:109A800006EA070674D06ED3022D40F09480A75CDE
:109A90007E40A6548B421DD2F0BD0489E41A611A9F
:109AA00009B2C4E70689C488013EB21AE41A12B2A8
:109AB000611A002A09B285DAF0BD0B441BB20021FD
:109AC000BDE70B441BB2002182E7012D50D04AD3E1
:109AD000022DDCD05B1ADBB28030072B18D9022DA7
:109AE0004ED0A3F10806C6F3C406B11C00EBC111A9
:109AF000012D0CBFFF24002400F1800202F8804CED
:109B000080328A42FAD1013600EBC61003F0070317
:109B1000002BC1D02A4A012DD35C2DD006D3022DB3
:109B2000BAD1027853400370F0BDF0BD027822EA4A
:109B300003030370F0BD013BD24311FA83F0D2B2AC
:109B40004B1E13F8011F114083421970F9D1F0BD6B
:109B5000013B11FA83F04B1E13F8011F114383429E
:109B60001970F9D1F0BDA75C27EA0606A65491E763
:109B7000A75C3E43A6548DE7027813430370F0BD03
:109B8000A3F10805C5F3C405AC1C00EBC41400F137
:109B9000800212F8801CC94302F8801C8032A24265
:109BA000F7D1013513F0070300EBC5103FF474AF94
:109BB000034AD35CB5E7F0BD38FBFF1F30FBFF1F46
:109BC00028FBFF1FF0B5C47DBDF81450022C76D0E1
:109BD000032C6FD0012C37D000297ADBB0F9064076
:109BE0008C4230DD002A79DBB0F908609818B04269
:109BF000C4BFB31A1BB2002B25DDD2B2D008754CFE
:109C000001EBC01112F00702DBB204EB010071D0CE
:109C1000C2F10802D2B2704E9342B65C62D2C3EB7C
:109C2000020EFF2747FA0EF7012D06EA070600F09D
:109C3000AC80C0F0A580022D40F0CA80675C7E40F9
:109C40006654934253D2F0BDC488E41AA21A12B2E9
:109C5000002977DBB0F908408C42F4DD002A39DBBB
:109C6000B0F906609818B042C4BFB31A1BB2002BFB
:109C7000E9DD00290846B8BFC81D012440F3CF0024
:109C800001F00701534E02EBC01004FA01F1A542A6
:109C900006EB0002C9B268D05AD3022DD3D1013BE2
:109CA00012FA83F0531E13F8012F4A4083421A70B0
:109CB000F9D1F0BD0489013C611A09B2C8E7C68830
:109CC0000489013E711AE41A09B2A21A002912B2DB
:109CD00084DAF0BD13441BB20022C1E713441BB267
:109CE000002281E7012D50D04AD3022DA6D09B1A25
:109CF000DBB28030072B18D9022D4ED0A3F1080615
:109D0000C6F3C406B11C00EBC111012D0CBFFF242A
:109D1000002400F1800202F8804C80328A42FAD19D
:109D2000013600EBC61003F00703002B8BD02B4A43
:109D3000012DD35C2DD006D3022D84D1027853405F
:109D40000370F0BDF0BD027822EA03030370F0BD9A
:109D5000013BC94312FA83F0C9B2531E13F8012F15
:109D60000A4083421A70F9D1F0BD013B12FA83F028
:109D7000531E13F8012F0A4383421A70F9D1F0BD24
:109D8000675C27EA060666545BE7675C3E436654F9
:109D900057E7027813430370F0BDA3F10805C5F33C
:109DA000C405AC1C00EBC41400F1800111F8802C38
:109DB000D24301F8802C8031A142F7D1013513F054
:109DC000070300EBC5103FF43EAF044AD35CB5E790
:109DD000F0BD00BF38FBFF1F30FBFF1F28FBFF1F3C
:109DE000F8B50D1E06DB14461F460646FFF7D6FDE6
:109DF000854200DBF8BD002CFCDB3046FFF7D2FDCE
:109E00008442F7DA3046FFF7C7FD02284BD003281B
:109E100043D0012804D1F388013B1B1B2C461DB203
:109E2000012F03D026D3022F12D0F8BD002C2346D9
:109E3000B8BFE31D43F3CF0305EBC3151E4804F081
:109E40000704435D012101FA04F41C434455F8BDA5
:109E5000002C2346B8BFE31D43F3CF0305EBC31526
:109E6000154804F00704435D012101FA04F45C4045
:109E70004455F8BD002C2346B8BFE31D43F3CF0380
:109E800005EBC3150C4804F00704435D012101FAFA
:109E900004F423EA04044455F8BD3389013B5B1BF9
:109EA00025461CB2BCE7F18832890139013A4D1BC5
:109EB000141B2DB224B2B3E738FBFF1F38B5402284
:109EC00004460D468021FFF761FCFF23044AE57735
:109ED000237784F82030A37763772260204638BD4B
:109EE000C85A01004FF480620021014804F0BEBA54
:109EF00038FBFF1F70B590F91C3001334BD0C26A9C
:109F000090F83630147823431370026B90F8374082
:109F1000137823EA04031370C26A90F8364013786A
:109F200023EA0403137090F821301BBB082480221D
:109F30000FE090F834302E7833432B70856A90F818
:109F400035302E78013C43EA06034FEA52022B706B
:109F50001AD0856A90F835602B7823EA06032B70B7
:109F60001142456AE5D190F834602B7823EA060364
:109F70002B70E3E7114B1A684FF00043D362516333
:109F8000D36A002BFCDA936BC26A90F836301178F2
:109F90000B43137070BD0C4690F91A100848FBF77C
:109FA00065F900210648FAF75FFE21460448FAF7F2
:109FB0005BFE0348BDE87040FBF76AB9F0FAFF1F8B
:109FC000645600202DE9F0410E4690F91C1082766F
:109FD00001310446C676984600F091800121807FC9
:109FE0007A4F00F08BFE012194F8200000F086FEED
:109FF00094F9203094F91E2057F83330E36201259C
:10A0000084F8365094F8213057F83220226384F8CF
:10A010003750002B00F0BD806D48FBF7EDFA4FF094
:10A0200060516B48FBF726FBB8F1000F6DD1AE21F4
:10A030002046FFF75FFFD5212046FFF75BFF802119
:10A040002046FFF757FFA8212046FFF753FF3F2187
:10A050002046FFF74FFFD3212046FFF74BFF00219B
:10A060002046FFF747FF40212046FFF743FF8D21A1
:10A070002046FFF73FFF012E5ED014212046FFF758
:10A0800039FF20212046FFF735FF00212046FFF74A
:10A0900031FFA1212046FFF72DFFC8212046FFF701
:10A0A00029FFDA212046FFF725FF12212046FFF77E
:10A0B00021FF81212046FFF71DFFCF212046FFF71A
:10A0C00019FFD9212046FFF715FFF1212046FFF7A0
:10A0D00011FF2046DB21FFF70DFF20464021FFF74F
:10A0E00009FF2046A421FFF705FF2046A621FFF720
:10A0F00001FF2046AF21BDE8F041FFF7FBBE354828
:10A10000FAF758FEB8F1000F91D0E07F012100F07E
:10A11000F5FD0121E07F00F0DDFD012000F0F4FD00
:10A120000021E07F00F0D6FD0A2000F0EDFD0121C6
:10A13000E07F00F0CFFD7AE720461021FFF7DAFE3E
:10A1400020462021FFF7D6FE20460021FFF7D2FE51
:10A150002046A121FFF7CEFE2046C821FFF7CAFE08
:10A160002046DA21FFF7C6FE20461221FFF7C2FE85
:10A1700020468121FFF7BEFE20469F21FFF7BAFE51
:10A180002046D921FFF7B6FE22212046FFF7B2FE76
:10A190009FE72946207F00F0B1FD2946607F00F04F
:10A1A000ADFD94F91D3094F91C2057F83330A362AB
:10A1B00084F8355094F8213057F83220626284F8E0
:10A1C0003450002B3FF430AF26E700BF345B010072
:10A1D000F0FAFF1F645600202DE9F04121210446CA
:10A1E000FFF788FE20460021FFF784FE20467F21EE
:10A1F000FFF780FE20462221FFF77CFE204600214B
:10A20000FFF778FE20460721FFF774FE94F91C3013
:10A21000013359D0E26A94F8363011784D4DDFF8A9
:10A2200044E10B431370226B94F8373011780B43E1
:10A230001370E26A94F83610137823EA010313705E
:10A2400005F580664FF0004794F8213015F801CFEE
:10A250003BBB0821802212E094F8343090F8008053
:10A2600048EA03030370A06A94F8353090F8008040
:10A27000013948EA03034FEA520203701AD0A06A78
:10A2800094F83580037823EA080303701CEA020F70
:10A29000606AE1D194F83480037823EA08030370FC
:10A2A000E1E7DEF80020D762C2F834C0D36A002BA1
:10A2B000FCDA936BB542C7D1E26A94F83630117874
:10A2C0000B431370BDE8F081234B244F5A780025CF
:10A2D0001A2A4FF01A014FF080029D7008BF4FF00C
:10A2E0000C08597018BF4FF048089A7094F91A106A
:10A2F0001B48FAF7BBFF40211948FAF7B5FC05F1F6
:10A300001006B6B2795D16480135ADB2FAF7ACFC6D
:10A31000B542F7D11248FAF7BBFFB5F5806FE5D12A
:10A32000B8F10C0F0DD0B8F1480F01D0BDE8F081A5
:10A33000094B002027218022987059709A70BDE83F
:10A34000F081054B00201A218022987059709A7074
:10A35000BDE8F08137FBFF1F0060064038FBFF1FA0
:10A3600064560020F0FAFF1F00F08ABA01B441EAF7
:10A37000000313F003036FD1403A41D351F8043B7B
:10A3800040F8043B51F8043B40F8043B51F8043BCF
:10A3900040F8043B51F8043B40F8043B51F8043BBF
:10A3A00040F8043B51F8043B40F8043B51F8043BAF
:10A3B00040F8043B51F8043B40F8043B51F8043B9F
:10A3C00040F8043B51F8043B40F8043B51F8043B8F
:10A3D00040F8043B51F8043B40F8043B51F8043B7F
:10A3E00040F8043B51F8043B40F8043B51F8043B6F
:10A3F00040F8043B51F8043B40F8043B403ABDD2DE
:10A40000303211D351F8043B40F8043B51F8043B7F
:10A4100040F8043B51F8043B40F8043B51F8043B3E
:10A4200040F8043B103AEDD20C3205D351F8043B0E
:10A4300040F8043B043AF9D204320AD0D2071CBFD8
:10A4400011F8013B00F8013B03D30B7803704B7804
:10A45000437001BC704700BF0C2A4AD310F00303BD
:10A4600011D0C3F10403D21ADB071CBF11F8013B62
:10A4700000F8013B07D311F8013B00F8013B11F84C
:10A48000013B00F8013B11F003033FF475AF30B41A
:10A49000043AC91AC3F1040C51F8044B022B19D029
:10A4A000032B0BD0240A51F8043B1D0644EA050493
:10A4B00040F8044B1C46043AF4D216E0240E51F83E
:10A4C000043B1D0244EA050440F8044B1C46043AD0
:10A4D000F4D20AE0240C51F8043B1D0444EA0504BC
:10A4E00040F8044B1C46043AF4D20432B1EB0C01A0
:10A4F00030BC043AA0D3013A11F8013B00F8013B0B
:10A50000F9D20B7803704B7843708B78837001BC61
:10A51000704700BF374A384913681B06FCD40B68E4
:10A5200013F08003F8D172B634490A78002A5FD05C
:10A53000334A3448F0B4344C176806682568D46848
:10A540000C303E44143200681268304F35442C44BD
:10A5500020440244C2F34E022D4E2E482E4D2F4C65
:10A5600042F400423A60376806682D682C4A246835
:10A570000C303E44006812682A4F35442C44204475
:10A580000244C2F34E02284E2848294D294C42F479
:10A5900000423A60376806682D68274A24680C3004
:10A5A0003E4400681268254F35442C442044024440
:10A5B000C2F34E02224E2348234D244C42F4004263
:10A5C0003A60376806682D68214A24680C303E449A
:10A5D0000068126835442C4420440244C2F34E0201
:10A5E0001C4842F4004202600B7062B6F0BC704737
:10A5F00062B6704724B0034024B00B40D856002008
:10A6000038B003403CB0034040B003402CB003409E
:10A6100058B003405CB0034060B0034064B00340F6
:10A620006CB0034030B0034038B00B403CB00B403E
:10A6300040B00B4044B00B404CB00B402CB00B4032
:10A6400058B00B405CB00B4060B00B4064B00B40A6
:10A650006CB00B4030B00B4030B42948294A2A4B2B
:10A660002A4D6024E121047011701B78284C082BBE
:10A6700030D00A2B2748284937D00C2B0CBF352265
:10A680003D2212232A60236002600B60234B244981
:10A690001B78244ABBB101230B601360224B234972
:10A6A0001B78234A012B26D9042B0FD9082B1ED93E
:10A6B000102B94BF862387230B6013601D4B012250
:10A6C0001A7030BC70470B601360E7E784230B609F
:10A6D0001360F3E700F58E200F49083001221323A1
:10A6E0002A60236002600B60D0E73922F7E78523F8
:10A6F0000B601360E2E780230B601360DEE700BFAE
:10A70000004007400140074038FFFF1F08B00340EA
:10A710000CB0034008B00B400CB00B40DB560020DF
:10A7200020B0034020B00B4039FFFF1F24B003408E
:10A7300024B00B40D856002068B10E4A1378C3B934
:10A740000D4909780120107019B10C490C4A0B60B1
:10A750001360FFF781BF074B1A7852B1064A187091
:10A760001378002BF5D0054A054B10601860FFF7F1
:10A7700073BF7047DB560020D856002024B003403A
:10A7800024B00B4028282FD8334B2DE9F0411E5C14
:10A79000FF2E2BD0314B1B78002B2AD132062CD424
:10A7A00072B62F4D2F4C2F46012326602B7062B6B8
:10A7B00072B623681B060CD43B781BB9F4E72B78E0
:10A7C000002BF1D062B601F063FE72B62368180662
:10A7D000F5D5254B1B6800222A7062B6234A1078F3
:10A7E00043FA00F0BDE8F081002070470020BDE88A
:10A7F000F081FFF78FFE3206D2D572B61C4DDFF81E
:10A800007C801C4C06F04007FFB206F03F06D8F8EB
:10A810000030DFB123F01003C8F8003001232660B8
:10A82000134A2B7062B672B6236819060CD41378DB
:10A830001BB9ECE72B78002BE9D062B601F028FEBB
:10A8400072B623681B06F5D50B4BC3E743F0100324
:10A85000C8F80030E2E700BFF85A0100D8560020DF
:10A86000DA56002000B0034010B00340D756002055
:10A87000D956002000B00B4010B00B400CB00B407C
:10A88000F0B585B0102219496846FFF76FFD184AE8
:10A89000127891071DD51749174D0A7812F07002EA
:10A8A00018BF0A701549164A0346802715480F70CD
:10A8B0000026332403212E700470117072B60D4CE3
:10A8C00043F001032046984762B6237813F07003E3
:10A8D00009D10D4B064901E0013B02D00A78D207AD
:10A8E000FAD505B0F0BD237005B0F0BD245B0100C2
:10A8F0000100024000000240040002400700024044
:10A900000A0002400B000240410D0300B0F5006F49
:10A910000AD210B5094B1B78DB07044606D504F1B3
:10A92000A0500078C0B210BD00207047FFF7A8FF0C
:10A9300004F1A0500078C0B210BD00BF0100024079
:10A94000B0F5006F17D238B50F4B1B78DA070D46FC
:10A95000044611D504F1A0500378AB420AD00B4A4B
:10A96000137813F0700318BF1370074A057013783B
:10A97000DB07FCD538BD7047FFF782FF04F1A0501C
:10A980000378AB42EBD1F5E7010002400000024042
:10A9900008B5104C08E0236859050DD423681A0542
:10A9A0000FD42368DB0411D423685803F3D500F0D7
:10A9B00023FB23685905F1D500F00EF823681A052A
:10A9C000EFD500F009F82368DB04EDD500F004F8BA
:10A9D000EAE700BF3480044008B5FFF7D9FF00BFA5
:10A9E000704700BF094908B50B6830B16A46184482
:10A9F000A2F58052904202D20860184608BD03F0CA
:10AA000023F90C2303604FF0FF3008BD3CFFFF1F0C
:10AA1000FEE700BFEFF3138070B9EFF310836BB95B
:10AA2000EFF305825AB94FF48070EFF311832BB125
:10AA3000984228BF184670474FF0FF3070470F2AE2
:10AA400001D81846F1E7014BD05CEEE7F0E300E0F7
:10AA5000704700BF10B40F4B53F8302092F880427B
:10AA60002CB1012369B182F8803010BC704703EB30
:10AA7000C0035B681A6841B922F002021A6010BC78
:10AA8000704782F8003110BC704742F003021A6030
:10AA900010BC7047345B01001C4A02EBC003012963
:10AAA0005B6811D004291BD052F83000002280F8D6
:10AAB000802229B1022920D0032922D01A607047B0
:10AAC0004FF480721A60704752F830004FF4A2724F
:10AAD00080F880121A601A6822F020021A6070470B
:10AAE00052F830104FF4A272012081F880021A60EF
:10AAF0001A6842F020021A60704740F203121A608E
:10AB000070474FF481721A60704700BF345B0100D8
:10AB10001030024B43F82010704700BF00F4FF1FB5
:10AB2000212848D8F8B5042A44D8DFE802F0484B79
:10AB30004E0345004FF410262B4B03EBC0030D468C
:10AB40005C68216811F4E06148D0284B284A294903
:10AB5000C3F89C2104F140422748C3F8A411A2F590
:10AB60009221264FC3F8A0017C292548C3F8A8717B
:10AB7000C3F8AC012CD9A2F594237C2B2AD9A2F5D9
:10AB800096237C2B28D9A2F598237C2B29D9A2F5D2
:10AB90009A227C2A27D81B4872B6236823F4702394
:10ABA00043F08072C4F384011643236040F82150BF
:10ABB000266062B6F8BD70474FF43026BCE74FF40C
:10ABC0000026B9E74FF44026B6E74FF42026B3E756
:10ABD0000D48E1E70D48DFE70D48DDE7FFF75CFFD3
:10ABE000B3E70C48D8E7F8BD345B010000F4FF1F61
:10ABF000D1F9FF1F79F9FF1FA5F9FF1F4DF9FF1FBD
:10AC000021F9FF1F1800002040FFFF1F78FFFF1FE2
:10AC1000C8FFFF1FF8FFFF1F1A4B03EBC00010B463
:10AC2000426802F14043A3F592217C2923D9A3F580
:10AC300094217C290DD9A3F596217C291FD9A3F550
:10AC400098217C2919D9A3F59A237C2B11D80E4C75
:10AC500000E00E4C72B613680D4823F08773C2F300
:10AC6000840123F4803343F08073136044F821009F
:10AC700062B610BC7047074CECE7074CEAE7074C9C
:10AC8000E8E700BF345B01001800002078FFFF1FD9
:10AC900051AA000040FFFF1FF8FFFF1FC8FFFF1F62
:10ACA000014B1868704700BF00D0034030B4054B1B
:10ACB000054D064C002210211A602A6020601960A0
:10ACC00030BC704714D0034004D0034000D0034090
:10ACD000704700BF212801D8FFF7BCBE704700BFF6
:10ACE000212806D8044B53F8303093F80002C0B244
:10ACF00070470020704700BF345B0100212801D855
:10AD0000FFF7CABE704700BF2DE9F843054672B68B
:10AD1000204F214B214A1B683C68126862B65201E1
:10AD200002D5322B88BF013495B3C3F5BB331C4E1B
:10AD3000DFF86490DFF86480FF334FF47A72A6FB8B
:10AD4000031302FB04F404EB931472B6D9F8001059
:10AD50003A68D8F800E062B6C1F5BB33FF33A6FB12
:10AD600003031EF0806FC4EB93134FF47A7002D08C
:10AD7000322988BF013200FB0233B3F57A7F04D356
:10AD8000013D05D004F57A74DFE701F081FBDCE7D3
:10AD9000BDE8F883DC56002018E000E004ED00E098
:10ADA000ABAAAAAAF8B52E4B2E49DFF8D4E0DFF8FB
:10ADB000D4C02D4E2D4D2E4C2E4A2F4F4FF4000057
:10ADC00018604FF0807018604FF0007018604FF0FE
:10ADD000806018604FF00060186000200860282331
:10ADE0004BF6FF71CCF80010CEF8003033601360E2
:10ADF0002B6023603B60B3629362092245F8242CE8
:10AE0000C4F8D80F05F57F65C7F8D41F07F5FF27ED
:10AE100007F5FA67C6F8F83F2B6006F5FF26C4F879
:10AE2000D42F05F5FD2504F5FF24386006F2F476ED
:10AE30001248316005F5FF6504F5FD642B60236061
:10AE40000260FFF709FCFFF743FF1420FFF75CFFE8
:10AE500000F00CFD4FF48C70BDE8F840FFF754BFD4
:10AE600008E100E004800340148003402480034094
:10AE70002C8003401C8003403480034000800B4042
:10AE80000C80034008800340431E032B14D872B685
:10AE90000A4951F8230068B170B4094C058834F8A8
:10AEA0001320466841F82360521B24F8132062B631
:10AEB00070BC704762B6704700207047385700205A
:10AEC00078580020013803280BD872B6074B53F886
:10AED000203043B100205B680130002BFBD162B60B
:10AEE0007047002070471846F9E700BF8C570020D4
:10AEF000F0B472B61A491B4E012311F8014B194FD9
:10AF00009A00240742F0010505D556F8324064B195
:10AF100056F83520BAB10133052BEED162B6124B8B
:10AF200000221A70F0BC00F01BBD0F4C0F4D2178B1
:10AF300007EB4313083001395860217047F832504D
:10AF400062B6F0BC7047084A0949137807EBC5049C
:10AF50000830013B6060137047F8351062B6F0E7C7
:10AF60007C5C01000080FF1FB55700208800400076
:10AF7000C8004000431E032B1DD81B4A400140F06F
:10AF8000100030B4104472B6184CE25C032A1BD88F
:10AF9000DFE802F00212151703220D88E25410F0C8
:10AFA000080F14BFC823882343EA054308314160D2
:10AFB000036062B630BC704708300222EDE705221C
:10AFC000EBE708300422E8E7094A52F8230038B1D9
:10AFD000084A52F82300416042F8231062B6E9E7BC
:10AFE00042F82310034AF7E70080FF1FC4570020F0
:10AFF0008C5700209C5700202DE9F04FDFF814B348
:10B00000DFF814A387B044E0AD4F4FEA930807EB95
:10B01000C809013ED9F8042003F00803F6B2A2F1F2
:10B02000080003F0FF04002B40F0038157F838308C
:10B030001B0C99B222F8081C002B00F0F180A14BE8
:10B0400022F8064C42F8044C53F82620002A00F05F
:10B050006C819D4D55F8263058609C4C45F8260073
:10B0600034F81630194424F8161000F059FC002862
:10B0700000F05481964A974B19F0080F00F1080030
:10B0800018BF1346C9F8040047F8383008238BF876
:10B0900000309BF80040E4B260071BD58E4B1B7854
:10B0A000ABB18E490A7802F0FF032AB1013BDBB253
:10B0B0000B70002B00F0B58389490A7802F0FF037A
:10B0C0002AB1013BDBB20B70002B00F0F6800423A9
:10B0D0008BF8003004F0080303F0FF02002B00F0AF
:10B0E000D5809AF80030DBB21E098DD19C08744FD0
:10B0F00057F8342007EBC401C2F38302013A4968D0
:10B100000C2A7ED8DFE802F081817D7D7D7D7D7D0A
:10B11000427D7D7D07000868724B734D01936C4B37
:10B120004A68724E47F8343081B240F281646D4B08
:10B130006A60286000220120A1423A611A60BA6167
:10B14000307000F2F680B1F5D06F80F0E882B1F592
:10B15000817F00F0D38200F2D881802900F04D81F8
:10B16000822940F09282A988614B01F07F01042975
:10B1700000F28C825F4C89000B44227062701A7856
:10B18000930740F13883207002203AE1554B019338
:10B190001A6862B3584B5949544E18880C7896F87F
:10B1A00000E04028054684F0010C28BF402544F00B
:10B1B0000204BEF1000F81F800C0A0EB050007EB10
:10B1C000C40C0CBF8821C82180B28EF0010E41EA68
:10B1D0000541CCF80420188086F800E02A4447F89E
:10B1E000341010B9402D18BF0022019B1A603E4B4D
:10B1F0001A88B2F5A06F04D100219A785970404B9B
:10B200001A70404A0123137040E7374A158842F20A
:10B210002100854200F052812D4A47F83420F0E7A2
:10B220002B4A2C4B19F0080F18BF134647F838303B
:10B230002CE700F095FB344A344952F82630002BB5
:10B2400000F02D8158688C5D42F8260003F1080259
:10B25000C9F80420032C05D8DFE804F0120F15020A
:10B2600004228A551A8819F0080F0CBF8823C823B6
:10B2700043EA024347F8383008E702228A55F1E7EB
:10B2800003228A55EEE705228A55EBE7E00700F135
:10B290007881210600F1A281A20706D51C4A1D492A
:10B2A00013780220DBB213700870E30602D5194B45
:10B2B00010221A7007B0BDE8F08F00F0BDFC06E761
:10B2C0000080FF1F38570020E456002078580020E7
:10B2D000C800400088004000C057002049570020A7
:10B2E000C8570020E0560020AC57002048570020E7
:10B2F000C0200740B8570020F4560020B457002063
:10B3000098200740942007408C570020C457002005
:10B31000882007408020074090200740B74A47F820
:10B320003800137801331370B0E643F82600B44DAB
:10B3300093E642F22104A14200F0AD8000F20E81BA
:10B34000B1F5086F00F05481B1F5106F40F09D81A8
:10B35000AC4AA9781170AC4D042402E00134142CDD
:10B360000CD057F834301906F8D505EBC403013476
:10B370005868083800F0F4FA142CF2D1A349A44B11
:10B38000A44A0291A449A54C9D4D039405964FF003
:10B39000000988461C4616460495206828B1456871
:10B3A00000F0DEFA2846002DF9D100232360049B2B
:10B3B00030681A46002342F8293028B1456800F069
:10B3C000CFFA2846002DF9D100223260029A98F86F
:10B3D00000301146002241F8042B039A0291023BEF
:10B3E0004FF0000122F81910032B00F2B481DFE8BE
:10B3F00013F0E201AE01E201AE01894C022022709D
:10B400006270EA88824280F00D8286490D78402A77
:10B4100045F0020E944607EBCE0028BF4FF0400CDB
:10B4200004EB0C0344600293CCEB02004FEA0C489F
:10B430004FF001090022C82444EA080385F0010402
:10B4400047F83E3032700C70DFF8BCE1764BDFF825
:10B45000D481002840F02081BCF1400F1BD144F082
:10B46000020407EBC403029FDFF89CE15F60002A3F
:10B4700040F02781020442F0880286F800900D70A7
:10B4800007444EF834203B46402804D10020674A48
:10B49000019910800B60664A01231370B1E68B5D41
:10B4A000032B00F2248101A252F823F08DB000009A
:10B4B0008DB00000D1B50000D7B50000928862B908
:10B4C0005C4ACD1D11F8013B02F8013F8D42F9D1D4
:10B4D000594A1268862A00F0C9805249524E0878AB
:10B4E000327840F0020580F00100087007EBC501DA
:10B4F000002A4FF00000486082F001020CBF882152
:10B50000C82147F83510327086E640F20232914287
:10B5100040F0B080A98801F07F01042900F2B580D5
:10B520006A88002A40F0B180444C89000C4481466E
:10B53000217841F00201217000200290804684466B
:10B54000044638490D7845F0020E07EBCE03B9F1F9
:10B55000000F5C600CBF8824C8246DE742F22124F0
:10B56000A14240F08E80A988002940F04281344BEE
:10B57000344A354C1B68AD78136081460A46257005
:10B58000DAE72B49204B3148264EDFF8B0C0304D6A
:10B59000DFF8D4E02F4F02240C702F4C18605C6051
:10B5A00098602E48D8601A619A610D2332702C4C35
:10B5B0008CF800302B4EFF232B7001209F258EF836
:10B5C00000303A7033702570087007B0BDE8F08F16
:10B5D00000238B555AE501238B5557E51749224B1C
:10B5E00080220D2008701A70A2077FF55EAE55E626
:10B5F000044A0B4C1278227003E700BFB5570020B5
:10B60000E4560020C05700200080FF1F9C570020F8
:10B61000385700208C570020C4570020785800204D
:10B62000B8570020B457002048570020F456002097
:10B63000942007407F58002080580020C0200740F9
:10B64000DC56002088580020D85700208800400091
:10B650008820074098200740F85600204C570020CB
:10B66000842007408C20074080200740754A0F2126
:10B67000117032E7B1F5A06F07D100224FF0010938
:10B680005AE742F221329142F7D06F4B0F221A70E3
:10B690006E4A01231370B4E540287FF6E0AE44F013
:10B6A00002040EEBC401029E4E60AAB183F8009022
:10B6B000674A88F800503346403840334EF834200B
:10B6C000E5E6029B86F80090020442F0C8020D7085
:10B6D00003444EF83420D7E683F80090029B5D4A7D
:10B6E00088F80050403840334EF83420CFE619F047
:10B6F000080F0CBF022303238B55C7E4A98801F070
:10B700007F010429C1D86A88002ABED14E4C890025
:10B710000C448146217821F0020121700CE74E4A49
:10B720005468002CB1D06888B5F804E003E00C320E
:10B730005468002CA9D013888342F8D153887345EC
:10B74000F5D1000A03280CBF2078108959E64FF084
:10B75000010388F8003009F10109B9F1040F04F17F
:10B76000040406F1040608F101087FF416AE3B4B11
:10B77000059E3B4DDFF8F080002018704FF0010966
:10B7800018F8013B05F8043B1A0719D44FEA89045D
:10B7900044F0020244F00304002347F8323047F833
:10B7A0003430304B9D4209F10109E9D196F80090FF
:10B7B00089F00102C0E64FF0000388F80030CAE7C4
:10B7C00000F0AEF818B307EB49134FEA89040830CC
:10B7D0005860204B47F8343000F0A2F868B144F0CC
:10B7E000010307EBC30208305060194A47F83320C1
:10B7F000CEE78146A0E6022003E6184B44F00102A2
:10B800001B7847F83200154A01331370C0E7134B19
:10B81000124A1B784FEA8904013347F83400137049
:10B82000DAE700BE4028844628BF4FF0400C04EB06
:10B830000C03CCEB00004FEA0C48029300224FF0BF
:10B8400001097EE649570020C020074094200740A8
:10B85000C800400088004000805C0100B55700200F
:10B86000C4200740D42007407C5C01002DE9F04152
:10B8700000F0AAFE00231F491A4601EBC30041F85D
:10B8800033200133142B42604FF000041948F4D1E7
:10B89000194A1A4F13681A491A4D1B4EDFF874C023
:10B8A000DFF874E0DFF8748043F480231360C0F3A2
:10B8B00007233B70C0F307430B70000EFF2302F514
:10B8C00028322870D4328CF80030104D8EF80030B9
:10B8D0000F483370012388F80030702681F85040FB
:10B8E0004FF40074102107F8183C2E70046011709A
:10B8F000BDE8F0810080FF1F348004409C20074099
:10B90000B0200740B42007401020074049E400E081
:10B9100008E100E08020074088200740942007408D
:10B9200072B60D480268B2FA82F30B2B10DC4FF0AE
:10B930000041D94022EA0102026062B6074803EBE7
:10B94000C303DB00C2180021C1501046516070478C
:10B9500062B60020704700BF20000020BCF5FF1F2A
:10B960000D4B0E4AC31AA2FB03231B090B2B0CD849
:10B970000B4A127852B972B60A484FF00041026879
:10B9800021FA03F31A43026062B67047064A12783E
:10B99000002AF0D0FFF7ACBABCF5FF1F398EE338B0
:10B9A000B557002020000020C057002038B50F4DAB
:10B9B000286878B143880288C118013393420C7A11
:10B9C00002D24380204638BDFFF7CAFF002320463D
:10B9D0002B6038BD064B1B782BB10320FFF754FAC0
:10B9E00028600028E6D14FF0FF3038BDD457002042
:10B9F000C057002010B5094C206818B1438818447E
:10BA0000007A10BD064B1B782BB10320FFF73CFAE0
:10BA100020600028F2D14FF0FF3010BDD457002035
:10BA2000C0570020044B054A1B6890881BB11A8838
:10BA30005B88D31A18447047D457002078580020E8
:10BA40000B4B1B789BB110B50A4C206848B1FFF72F
:10BA500087FF002303202360FFF716FA30B1FFF7BA
:10BA60007FFF0320FFF710FA0028F8D110BD7047C0
:10BA7000C0570020D45700202DE9F04FDFF8F89090
:10BA800083B0012289F80020019169B3DFF8EC80CE
:10BA9000364F019E8346D8F80000B0B3344D448839
:10BAA000C4F14001B14228BF314604EB010E00222F
:10BAB0001FFA8EFE2A70761AA0F802E000F1080242
:10BAC00051B1013C224459441BF8014B02F8014F8B
:10BAD0008B45F9D1B0F802E0BEF13F0F0BD8254AF3
:10BAE00005211170002ED6D10198002389F800306D
:10BAF00003B0BDE8F08F4022028001460420FFF72A
:10BB000039FA0022C8F80020E9E73A782AB3184D3C
:10BB10004AF2F9244FF0010A07E0013C16D02A78D6
:10BB2000A2B900F0B5FC3A78BAB10420FFF7CAF91F
:10BB30000728F2D889F800A0FFF7F2FEC8F8000045
:10BB40000028ACD10C4B013C1870E8D101234FF018
:10BB5000FF302B7003B0BDE8F08F00234FF0FF30B3
:10BB600089F8003003B0BDE8F08F00BFC057002057
:10BB7000D0570020C8570020C9570020CC570020BC
:10BB800000B583B002AB012103F8010D1846FFF7A1
:10BB900073FF03B05DF804FB38B50E4D0E4C2868FA
:10BBA0000123237028B1408800232370C0F1400096
:10BBB00038BD0A4B1B7813B90020207038BD042013
:10BBC000FFF780F90728F7D8FFF7AAFE28600028BA
:10BBD000E9D1F1E7CC570020C9570020C057002019
:10BBE000F8B5114B1B788BB1104E114D34680127FD
:10BBF0002F7064B10F4A6388002717702146238095
:10BC00000420FFF7B7F9376000232B70F8BDFFF76A
:10BC100087FE084B28B1014604201C70FFF7AAF9E3
:10BC2000F2E71F70F0E700BFC0570020CC5700209C
:10BC3000C9570020C857002038B50E4B1B7873B980
:10BC40000D4C216861B103F0FF054B880B80042087
:10BC5000FFF790F9256038BD084B01221A7038BDF6
:10BC6000FFF75EFE0028F7D00146BDE8384004200B
:10BC7000FFF780B9C9570020CC570020C8570020D3
:10BC8000C029F0B428BFC02172B6124B124E134A1D
:10BC900018600023138033607360B360F360336116
:10BCA0007361012799B15D0903F01F0456F825203F
:10BCB00007FA04F4013322438B4246F82520F2D1DF
:10BCC0000023438001338B4200F58270F9D162B6C4
:10BCD000F0BC7047E4570020EC57002006580020C5
:10BCE000F0B472B6234F244E3C8806F1180306EBDD
:10BCF0008400984212D256F8241099B9021D06F118
:10BD00001B05631CAD1A03EB950503E052F8041BF9
:10BD100041B90133AB421C461046F7D162B6002050
:10BD2000F0BC7047B1FA81F34FF00042DA4021EAEB
:10BD30000201016001B9013410493C800A880132D6
:10BD400094B20C8062B6801B8010C3EB401000EBF5
:10BD5000801083000A480B49006803F5FB531C332D
:10BD60000125C5540D88AA42184488BF0C80F0BC38
:10BD7000704700BF06580020EC57002008580020EC
:10BD8000E4570020E0570020428872B60378012B68
:10BD900003D9013B037062B67047531170B40C4C69
:10BDA0000C4D54F823102E88D2434FF0004002F07F
:10BDB0001F0220FA02F21143074A44F82310B3424B
:10BDC00038BF2B801388013B138062B670BC70476C
:10BDD000EC5700200658002008580020C368B3B173
:10BDE00030B401E0DB688BB1187A9042FAD1586820
:10BDF0005C7A006950F82450002DF3D140F82410EB
:10BE0000087801300870DB68002BEDD130BC70473A
:10BE1000437A8B4206D90369002253F8210043F884
:10BE20002120704700207047037C23BB4368427A7F
:10BE30005B7A9A421FD830B472B60468E3682BB3B9
:10BE4000DA6832B119688C4216D01346DA68002AD3
:10BE5000F8D1D8600023C360A37A0133A3720268CB
:10BE60004168012313728A7A1A448A7242681372F3
:10BE7000037462B630BC70475D6841688D42E4D19E
:10BE8000198903899942F4D01346DFE7E060E1E7BE
:10BE9000037C10B5002B32D04368427A5B7A9A4219
:10BEA0002DD872B60268D36843B3984202D129E014
:10BEB000984202D0DB68002BFAD14368417A1B69B3
:10BEC000044653F8210048B1FFF75EFF72B663687D
:10BED000627A1B69002143F822102268937A013BA1
:10BEE000937223689A7A02B91A726268937A013B54
:10BEF000937263689A7A1AB10023237462B610BDF4
:10BF00001A72F9E7C368D360D7E700BF084B1A7805
:10BF100062B930B407480849D02505704FF0804415
:10BF200001220C6010461A7030BC70470020704728
:10BF3000E85700205EE400E008E100E01A491B4AEF
:10BF40001B48F8B50B681B4D046843F080730B6009
:10BF5000136843F0010313602E6814B915E0646997
:10BF60009CB1237A002BFAD023682F681B682046E7
:10BF700098472B68E188DB1B1B099AB28B42A28091
:10BF800088BFE2806469002CEBD10A4B0A4A1B6827
:10BF900010880A4C9B1B1B0999B28342218001D94E
:10BFA0001180F8BDF8BD00BFFCED00E0001000E01E
:10BFB000DC570020041000E0045800200A5800203C
:10BFC000F0B572B699B902688AB103790F2B0ED811
:10BFD000274C218841FA03F5ED070AD503F10073D8
:10BFE00003F59063B2EB431F03D162B6F0BD204C62
:10BFF0002188002341FA03F212F0010207D0013335
:10C00000102BF7D162B6002203710260F0BD01254A
:10C010009D402943218062B6164E174D174FDFF819
:10C0200064E0D9B20171346844F0020434602C68D1
:10C0300044F002042C60A6F580268224A5F5802514
:10C0400003F100733C6003F59063223E243D0C4CE9
:10C050008EF800105B0131702970217003601A6046
:10C060005A609A60DA601A615A619A61DA61F0BDC9
:10C070000C580020408004403C8004400080004078
:10C080001F8000401A80004003790F2B11D8094A05
:10C0900010B4137072B6084904790A880123A340CA
:10C0A00022EA03030B8062B61022002310BC027147
:10C0B000036070471A8000400C58002010B4EFF362
:10C0C000108272B6437F33B9017F012907D003295B
:10C0D0000FD00123437702B962B610BC7047124CEF
:10C0E0002168A1B1114943610B68836108605861FF
:10C0F000EFE70F4C216881B10E4943610B68836102
:10C10000086058610C4B4FF080511960E1E7074B14
:10C110004161816120601860DBE7064B416181610C
:10C1200020601860EEE700BF1C580020185800205F
:10C13000105800201458002004ED00E070B5EFF313
:10C14000108272B60C4C206880B10C4E00254369F9
:10C15000236073B19D6102B962B6457783689847E1
:10C16000EFF3108272B620680028F0D102B962B6EF
:10C1700070BD3360EFE700BF105800201458002056
:10C18000FFF7DCBF024A136801331360704700BF3A
:10C19000DC560020F8B50E4671B17AB10746144658
:10C1A00000253B6816F8011B1B6838469847013C80
:10C1B0000544F6D12846F8BD0846F8BD1046F8BD3E
:10C1C00030B5044683B002252A4601A80549FEF78A
:10C1D000CDF823682A4601A95B682046984703B03A
:10C1E00030BD00BF445C010010B5036814465B68B5
:10C1F0009847204610BD00BF0EB400B582B003AA18
:10C2000052F8041B019205F07DFF02B05DF804EBCB
:10C2100003B07047F0B507468BB0002A33D0012A2F
:10C2200008BF0A2251B3212400E0F4B2B1FBF2F5B9
:10C2300002FB1511C8B2092900F1300198BFC8B23C
:10C240000AA988BF3730214488BFC0B201F8240C46
:10C25000661E2946002DE8D133B1013CE4B20AAB99
:10C2600023442D2203F8242C3B6801AA11195B6892
:10C270003846C4F1220298470BB0F0BD30228DF849
:10C2800025202124E8E70368C9B21B6898470BB052
:10C29000F0BD00BF0029BABF49422D2300230A2266
:10C2A000FFF7B8BFFFFFFFFF2DE9F04385B08046E1
:10C2B0001946104616461F469DF8305000F030FFD4
:10C2C000002840F0B18027F00044304621464FF06E
:10C2D000FF32594B00F024FF98B9304621464FF009
:10C2E000FF32554B00F0FEFE58B9D8F800305349E4
:10C2F0005B684046032298478146484605B0BDE842
:10C30000F083304639464FF060424D4B00F0FEFE60
:10C31000002870D1304639464FF06042494B00F05A
:10C32000D7FE002867D1304639460022002300F0AE
:10C33000CFFE002863D18146002D65D0424B0024FA
:10C340000022104619463AA3D3E9002300F04EFC20
:10C3500001340B46E1B28D420246F2D830463946EE
:10C3600000F092FA0F46064600F018FF044600F06F
:10C37000C7FB02460B463046394600F083FA4B466F
:10C3800006460F460A2221464046FFF743FF0F2D7F
:10C3900028BF0F2501352E238146EDB28DF80030E0
:10C3A00001240022294B3046394600F01FFC0F467D
:10C3B000064600F0F3FE04AB2344C0B200F13002A5
:10C3C00003F8102C00F0ACFB02460B463046394611
:10C3D00000F058FA0134E4B2AC4206460F46E0D110
:10C3E000D8F8003022465B68404669469847484680
:10C3F00005B0BDE8F083D8F80030154978E707F1BB
:10C4000000474FF0010997E700220F4B30463946AD
:10C4100000F03AFA00F0C2FE4B4601460A224046BE
:10C42000FFF7F8FE814668E7D8F8003009495FE772
:10C43000000000A09999B93FFFFFEF7F505C010019
:10C44000FFFFEF41FFFFEFC10000E03F000024408D
:10C450004C5C0100485C010008B5F7F713FEF6F7E5
:10C460009BFC00F015F8FAE7FFF7EABAFFF7C2BA4B
:10C47000FFF79CBAFFF7D6BAFFF7B2BBFFF78CBB4A
:10C4800008461146FFF7F8BA0846FFF779BB00BF28
:10C490002DE9F843314E337893B1314F3A787AB978
:10C4A0000122D9073A7036D49A0719D400225B07C3
:10C4B0003A7005D52B4B1A6812B1EFF305820AB119
:10C4C000BDE8F883EFF3108172B6186818B1264CF6
:10C4D0002278002A2ED00029F2D162B6BDE8F88376
:10C4E000DFF8908098F80020002ADFD0DFF88890ED
:10C4F000002405E0013498F80030E4B2A34212D9D8
:10C5000059F824502B6828461B6998470028F1D019
:10C510002B699847EEE7FFF785FAC8B9134B1B78EC
:10C520001BB93378C0E73378C0E7337803F0FE03F4
:10C530003370B9E745691D60012323705DB1AA61BD
:10C5400001B962B600254577836898472570B7E73B
:10C5500000F07CF8E2E7064B1D60F1E734000020B4
:10C56000225800201C58002020580020DA0000200B
:10C57000185800203058002024580020F0B44D1ED8
:10C580002E46002400E00134B0FBF2F302FB13005E
:10C59000092800F130078ABF3730F8B2C0B206F878
:10C5A000010F1846002BEED10A1953704CB11078C8
:10C5B00015F8016F28700133E01A834202F801690F
:10C5C000F5DB0846F0BC704770B584B072B6194B05
:10C5D000194D1A48702241260F2480211A702E709E
:10C5E0001A460470197013781B06FCD5144B186892
:10C5F00062B6144B144C984298BF00EB800001A91E
:10C6000098BF40000A22FFF7B9FF01A92046002386
:10C6100011F8012B01333AB10A2B20F8022FF7D180
:10C620001623237004B070BD5B00DBB2237004B02E
:10C6300070BD00BF0000024007000240060002403B
:10C64000080002407F969800C4000020704700BF99
:10C65000C1F30A522DE9F843A2F2FF36132E0B461E
:10C660000D4604468846074621DC002E4EDB3A4A3A
:10C6700042FA06F901EA0902024386461CD034A3B5
:10C68000D3E9002300F000F90022002300F03EFD72
:10C6900048B1002D04DD4FF4801343FA06F6B04490
:10C6A00028EA0905002738462946BDE8F883332ED5
:10C6B00006DDB6F5806F3CD020461946BDE8F8830C
:10C6C000A2F213424FF0FF3929FA02F910EA090FDA
:10C6D000F2D01FA3D3E9002300F0D6F800220023F4
:10C6E00000F014FD0028DED0002D09DD142E2BD023
:10C6F0000123C6F1340603FA06F6371928BF984419
:10C70000454627EA090738462946CEE710A3D3E96C
:10C71000002300F0B9F80022002300F0F7FC002805
:10C72000C1D0002D0CDB55EA040707D000270B4DC4
:10C73000B9E702460B4600F0A7F8BFE73D46B2E76F
:10C7400000274FF00045AEE705F10108D8E700BF2C
:10C750009C7500883CE4377EFFFF0F000000F03F2F
:10C76000C1F30A522DE9F843A2F2FF36132E0B460D
:10C770000D460446884607461CDC002E3FDB3A4A3D
:10C7800042FA06F901EA09020243864617D034A3A9
:10C79000D3E9002300F078F80022002300F0B6FC73
:10C7A00020B1002D40DB28EA09050027384629463C
:10C7B000BDE8F883332E06DDB6F5806F2FD0204616
:10C7C0001946BDE8F883A2F213424FF0FF3929FA67
:10C7D00002F910EA090FF2D021A3D3E9002300F0F7
:10C7E00053F80022002300F091FC0028DED0002D39
:10C7F00020DB454627EA090738462946D8E718A32B
:10C80000D3E9002300F040F80022002300F07EFC72
:10C810000028CBD0002D18DB00273D46C6E7024696
:10C820000B4600F031F8CCE74FF4801343FA06F6DC
:10C83000B044B8E7142E10D00123C6F1340603FA31
:10C8400006F6371928BF9844D3E725F00042074B76
:10C85000224318BF1D460027A8E705F10108C8E7D5
:10C860009C7500883CE4377EFFFF0F000000F0BF9E
:10C870000B460146184601F0E1B900BF81F00041C6
:10C8800002E000BF83F0004330B54FEA41044FEAB5
:10C89000430594EA050F08BF90EA020F1FBF54EA50
:10C8A000000C55EA020C7FEA645C7FEA655C00F0EC
:10C8B000E2804FEA5454D4EB5555B8BF6D420CDDBD
:10C8C0002C4480EA020281EA030382EA000083EA40
:10C8D000010180EA020281EA0303362D88BF30BDE0
:10C8E00011F0004F4FEA01314FF4801C4CEA113136
:10C8F00002D0404261EB410113F0004F4FEA033395
:10C900004CEA133302D0524263EB430394EA050F1F
:10C9100000F0A780A4F10104D5F1200E0DDB02FA8E
:10C920000EFC22FA05F2801841F1000103FA0EF222
:10C93000801843FA05F359410EE0A5F120050EF1E8
:10C94000200E012A03FA0EFC28BF4CF0020C43FA19
:10C9500005F3C01851EBE37101F0004507D54FF026
:10C96000000EDCF1000C7EEB00006EEB0101B1F576
:10C97000801F1BD3B1F5001F0CD349085FEA3000BC
:10C980004FEA3C0C04F101044FEA445212F5800FC7
:10C9900080F09A80BCF1004F08BF5FEA500C50F164
:10C9A000000041EB045141EA050130BD5FEA4C0C47
:10C9B000404141EB010111F4801FA4F10104E9D1D0
:10C9C00091F0000F04BF01460020B1FA81F308BFC7
:10C9D0002033A3F10B03B3F120020CDA0C3208DD93
:10C9E00002F1140CC2F10C0201FA0CF021FA02F16E
:10C9F0000CE002F11402D8BFC2F1200C01FA02F1DE
:10CA000020FA0CFCDCBF41EA0C019040E41AA2BF02
:10CA100001EB0451294330BD6FEA04041F3C1CDACA
:10CA20000C340EDC04F11404C4F1200220FA04F0EA
:10CA300001FA02F340EA030021FA04F345EA030194
:10CA400030BDC4F10C04C4F1200220FA02F001FA56
:10CA500004F340EA0300294630BD21FA04F02946D8
:10CA600030BD94F0000F83F4801306BF81F4801171
:10CA70000134013D4EE77FEA645C18BF7FEA655CE4
:10CA800029D094EA050F08BF90EA020F05D054EAB6
:10CA9000000C04BF1946104630BD91EA030F1EBFBB
:10CAA0000021002030BD5FEA545C05D140004941BF
:10CAB00028BF41F0004130BD14F580043CBF01F5B2
:10CAC000801130BD01F0004545F0FE4141F4700198
:10CAD0004FF0000030BD7FEA645C1ABF1946104673
:10CAE0007FEA655C1CBF0B46024650EA013406BF74
:10CAF00052EA033591EA030F41F4002130BD00BF33
:10CB000090F0000F04BF0021704730B54FF48064EF
:10CB100004F132044FF000054FF0000150E700BF70
:10CB200090F0000F04BF0021704730B54FF48064CF
:10CB300004F1320410F0004548BF40424FF00001BC
:10CB40003EE700BF42004FEAE2014FEA31014FEAFF
:10CB500002701FBF12F07F4393F07F4F81F060514E
:10CB6000704792F0000F14BF93F07F4F704730B5BD
:10CB70004FF4607401F0004521F0004120E700BF50
:10CB800050EA010208BF704730B54FF000050AE0D7
:10CB900050EA010208BF704730B511F0004502D5D8
:10CBA000404261EB41014FF4806404F132045FEADA
:10CBB000915C3FF4DCAE4FF003025FEADC0C18BF7F
:10CBC00003325FEADC0C18BF033202EBDC02C2F175
:10CBD000200300FA03FC20FA02F001FA03FE40EA07
:10CBE0000E0021FA02F11444C1E600BF70B54FF007
:10CBF000FF0C4CF4E06C1CEA11541DBF1CEA1355E9
:10CC000094EA0C0F95EA0C0F00F0DEF82C4481EA50
:10CC1000030621EA4C5123EA4C5350EA013518BF70
:10CC200052EA033541F4801143F4801338D0A0FB5D
:10CC300002CE4FF00005E1FB02E506F00042E0FB0A
:10CC400003E54FF00006E1FB03569CF0000F18BF10
:10CC50004EF0010EA4F1FF04B6F5007F64F54074B8
:10CC600004D25FEA4E0E6D4146EB060642EAC6214B
:10CC700041EA55514FEAC52040EA5E504FEACE2EB8
:10CC8000B4F1FD0C88BFBCF5E06F1ED8BEF1004FBB
:10CC900008BF5FEA500E50F1000041EB045170BD37
:10CCA00006F0004646EA010140EA020081EA03017B
:10CCB000B4EB5C04C2BFD4EB0C0541EA045170BD77
:10CCC00041F480114FF0000E013C00F3AB8014F1F1
:10CCD000360FDEBF002001F0004170BDC4F100043A
:10CCE000203C35DA0C341BDC04F11404C4F12005BB
:10CCF00000FA05F320FA04F001FA05F240EA020016
:10CD000001F0004221F0004110EBD37021FA04F64B
:10CD100042EB06015EEA430E08BF20EAD37070BD05
:10CD2000C4F10C04C4F1200500FA04F320FA05F064
:10CD300001FA04F240EA020001F0004110EBD37066
:10CD400041F100015EEA430E08BF20EAD37070BDD6
:10CD5000C4F1200500FA05F24EEA020E20FA04F3AF
:10CD600001FA05F243EA020321FA04F001F000415E
:10CD700021FA04F220EA020000EBD3705EEA430ECF
:10CD800008BF20EAD37070BD94F0000F0FD101F0FE
:10CD90000046400041EB010111F4801F08BF013C37
:10CDA000F7D041EA060195F0000F18BF704703F075
:10CDB0000046520043EB030313F4801F08BF013DFC
:10CDC000F7D043EA0603704794EA0C0F0CEA1355B8
:10CDD00018BF95EA0C0F0CD050EA410618BF52EA72
:10CDE0004306D1D181EA030101F000414FF0000078
:10CDF00070BD50EA410606BF1046194652EA430686
:10CE000019D094EA0C0F02D150EA013613D195EAF9
:10CE10000C0F05D152EA03361CBF104619460AD141
:10CE200081EA030101F0004141F0FE4141F470014B
:10CE30004FF0000070BD41F0FE4141F4780170BD3B
:10CE400070B54FF0FF0C4CF4E06C1CEA11541DBFA0
:10CE50001CEA135594EA0C0F95EA0C0F00F0A7F8A2
:10CE6000A4EB050481EA030E52EA03354FEA0131CF
:10CE700000F088804FEA03334FF0805545EA1313E2
:10CE800043EA12634FEA022245EA111545EA1065AA
:10CE90004FEA00260EF000419D4208BF964244F141
:10CEA000FD0404F5407402D25B084FEA3202B61A60
:10CEB00065EB03055B084FEA32024FF480104FF434
:10CEC000002CB6EB020E75EB030E22BFB61A7546A8
:10CED00040EA0C005B084FEA3202B6EB020E75EB3B
:10CEE000030E22BFB61A754640EA5C005B084FEAA3
:10CEF0003202B6EB020E75EB030E22BFB61A754670
:10CF000040EA9C005B084FEA3202B6EB020E75EB7A
:10CF1000030E22BFB61A754640EADC0055EA060E3B
:10CF200018D04FEA051545EA16754FEA06164FEA7E
:10CF3000C30343EA52734FEAC2025FEA1C1CC0D12A
:10CF400011F4801F0BD141EA00014FF000004FF0B7
:10CF5000004CB6E711F4801F04BF01430020B4F178
:10CF6000FD0C88BFBCF5E06F3FF6AFAEB5EB030C30
:10CF700004BFB6EB020C5FEA500C50F1000041EB2D
:10CF8000045170BD0EF0004E4EEA113114EB5C04FA
:10CF9000C2BFD4EB0C0541EA045170BD41F48011CD
:10CFA0004FF0000E013C90E645EA060E8DE60CEAD5
:10CFB000135594EA0C0F08BF95EA0C0F3FF43BAFF2
:10CFC00094EA0C0F0AD150EA01347FF434AF95EAA9
:10CFD0000C0F7FF425AF104619462CE795EA0C0F8D
:10CFE00006D152EA03353FF4FDAE1046194622E75A
:10CFF00050EA410618BF52EA43067FF4C5AE50EA34
:10D0000041047FF40DAF52EA43057FF4EBAE12E723
:10D010004FF0FF3C06E000BF4FF0010C02E000BF04
:10D020004FF0010C4DF804CD4FEA410C7FEA6C5CE7
:10D030004FEA430C18BF7FEA6C5C1BD001B050EA8A
:10D04000410C0CBF52EA430C91EA030F02BF90EA75
:10D05000020F0020704710F1000F91EA030F58BF34
:10D06000994208BF90422CBFD8176FEAE37040F096
:10D07000010070474FEA410C7FEA6C5C02D150EA34
:10D08000013C07D14FEA430C7FEA6C5CD6D152EAEF
:10D09000033CD3D05DF8040B704700BF84461046B4
:10D0A00062468C461946634600E000BF01B5FFF7B3
:10D0B000B7FF002848BF10F1000F01BD4DF808ED83
:10D0C000FFF7F4FF0CBF012000205DF808FB00BF54
:10D0D0004DF808EDFFF7EAFF34BF012000205DF8AE
:10D0E00008FB00BF4DF808EDFFF7E0FF94BF0120FB
:10D0F00000205DF808FB00BF4DF808EDFFF7CEFFFC
:10D1000094BF012000205DF808FB00BF4DF808ED3A
:10D11000FFF7C4FF34BF012000205DF808FB00BF0B
:10D120004FEA410C7FEA6C5C02D150EA013C0AD123
:10D130004FEA430C7FEA6C5C02D152EA033C02D115
:10D140004FF0000070474FF0010070474FEA410276
:10D1500012F5001215D211D56FF47873B3EB625249
:10D1600012D94FEAC12343F0004343EA505311F070
:10D17000004F23FA02F018BF404270474FF0000002
:10D18000704750EA013005D111F0004008BF6FF040
:10D19000004070474FF00000704700BF4A0011D2B6
:10D1A00012F5001211D20DD56FF47873B3EB625201
:10D1B0000ED44FEAC12343F0004343EA505323FA0D
:10D1C00002F070474FF00000704750EA013002D182
:10D1D0004FF0FF3070474FF0000070474FEA4102B8
:10D1E000B2F1E04324BFB3F5001CDCF1FE5C0DD9C5
:10D1F00001F0004C4FEAC0024CEA5070B2F1004F0F
:10D2000040EB830008BF20F00100704711F0804F11
:10D2100021D113F13872BCBF01F00040704741F4D6
:10D2200080114FEA5252C2F11802C2F1200C10FADA
:10D230000CF320FA02F018BF40F001004FEAC123BE
:10D240004FEAD32303FA0CFC40EA0C0023FA02F362
:10D250004FEA4303CCE77FEA625307D150EA013338
:10D260001EBF4FF0FE4040F44000704701F0004008
:10D2700040F0FE4040F40000704700BF80F00040E6
:10D2800002E000BF81F0004142001FBF5FEA41039E
:10D2900092EA030F7FEA226C7FEA236C6AD04FEA9E
:10D2A0001262D2EB1363C1BFD218414048404140E3
:10D2B000B8BF5B42192B88BF704710F0004F40F495
:10D2C000000020F07F4018BF404211F0004F41F4B1
:10D2D000000121F07F4118BF494292EA030F3FD07D
:10D2E000A2F1010241FA03FC10EB0C00C3F1200390
:10D2F00001FA03F100F0004302D5494260EB40001F
:10D30000B0F5000F13D3B0F1807F06D340084FEA89
:10D31000310102F10102FE2A51D2B1F1004F40EB7E
:10D32000C25008BF20F0010040EA030070474900E6
:10D3300040EB000010F4000FA2F10102EDD1B0FAB1
:10D3400080FCACF1080CB2EB0C0200FA0CF0AABFA6
:10D3500000EBC25052421843BCBFD0401843704744
:10D3600092F0000F81F4000106BF80F4000001324A
:10D37000013BB5E74FEA41037FEA226C18BF7FEA21
:10D38000236C21D092EA030F04D092F0000F08BF63
:10D390000846704790EA010F1CBF0020704712F04A
:10D3A0007F4F04D1400028BF40F00040704712F189
:10D3B00000723CBF00F50000704700F0004343F0EE
:10D3C000FE4040F4000070477FEA226216BF084624
:10D3D0007FEA23630146420206BF5FEA412390EAE7
:10D3E000010F40F4800070474FF0000304E000BFDD
:10D3F00010F0004348BF40425FEA000C08BF70478E
:10D4000043F0964301464FF000001CE050EA010251
:10D4100008BF70474FF000030AE000BF50EA010266
:10D4200008BF704711F0004302D5404261EB410153
:10D430005FEA010C02BF84460146002043F0B64378
:10D4400008BFA3F18053A3F50003BCFA8CF2083A9D
:10D45000A3EBC25310DB01FA02FC634400FA02FCA6
:10D46000C2F12002BCF1004F20FA02F243EB0200AD
:10D4700008BF20F00100704702F1200201FA02FC0F
:10D48000C2F1200250EA4C0021FA02F243EB020002
:10D4900008BF20EADC7070474FF0FF0C1CEAD05246
:10D4A0001EBF1CEAD15392EA0C0F93EA0C0F6FD007
:10D4B0001A4480EA010C400218BF5FEA41211ED0E5
:10D4C0004FF0006343EA501043EA5111A0FB0131D1
:10D4D0000CF00040B1F5000F3EBF490041EAD371A6
:10D4E0005B0040EA010062F17F02FD2A1DD8B3F122
:10D4F000004F40EBC25008BF20F00100704790F091
:10D50000000F0CF0004C08BF49024CEA502040EAE2
:10D5100051207F3AC2BFD2F1FF0340EAC2507047A8
:10D5200040F400004FF00003013A5DDC12F1190FE6
:10D53000DCBF00F000407047C2F10002410021FA58
:10D5400002F1C2F1200200FA02FC5FEA310040F170
:10D55000000053EA4C0308BF20EADC70704792F0E9
:10D56000000F00F0004C02BF400010F4000F013A21
:10D57000F9D040EA0C0093F0000F01F0004C02BF1C
:10D58000490011F4000F013BF9D041EA0C018FE78B
:10D590000CEAD15392EA0C0F18BF93EA0C0F0AD091
:10D5A00030F0004C18BF31F0004CD8D180EA0100B7
:10D5B00000F00040704790F0000F17BF90F0004F50
:10D5C000084691F0000F91F0004F14D092EA0C0F32
:10D5D00001D142020FD193EA0C0F03D14B0218BFC5
:10D5E000084608D180EA010000F0004040F0FE400B
:10D5F00040F40000704740F0FE4040F440007047A7
:10D600004FF0FF0C1CEAD0521EBF1CEAD15392EA25
:10D610000C0F93EA0C0F69D0A2EB030280EA010C15
:10D6200049024FEA402037D04FF0805343EA1111AE
:10D6300043EA10130CF000408B4238BF5B0042F10C
:10D640007D024FF4000C8B4224BF5B1A40EA0C00B1
:10D65000B3EB510F24BFA3EB510340EA5C00B3EBE3
:10D66000910F24BFA3EB910340EA9C00B3EBD10FD1
:10D6700024BFA3EBD10340EADC001B0118BF5FEA23
:10D680001C1CE0D1FD2A3FF650AF8B4240EBC2504C
:10D6900008BF20F0010070470CF0004C4CEA50200D
:10D6A0007F32C2BFD2F1FF0340EAC250704740F45C
:10D6B00000004FF00003013A37E792F0000F00F04E
:10D6C000004C02BF400010F4000F013AF9D040EACC
:10D6D0000C0093F0000F01F0004C02BF490011F460
:10D6E000000F013BF9D041EA0C0195E70CEAD15358
:10D6F00092EA0C0F08D142027FF47DAF93EA0C0F3F
:10D700007FF470AF084676E793EA0C0F04D14B0222
:10D710003FF44CAF08466EE730F0004C18BF31F0D4
:10D72000004CCAD130F000427FF45CAF31F00043CE
:10D730007FF43CAF5FE700BF4FF0FF3C06E000BF67
:10D740004FF0010C02E000BF4FF0010C4DF804CD8A
:10D750004FEA40024FEA41037FEA226C18BF7FEA9A
:10D76000236C11D001B052EA530C18BF90EA010F9C
:10D7700058BFB2EB030088BFC81738BF6FEAE1702B
:10D7800018BF40F0010070477FEA226C02D15FEAC7
:10D79000402C05D17FEA236CE4D15FEA412CE1D033
:10D7A0005DF8040B704700BF844608466146FFE7FA
:10D7B0000FB5FFF7C9FF002848BF10F1000F0FBDDC
:10D7C0004DF808EDFFF7F4FF0CBF012000205DF8D5
:10D7D00008FB00BF4DF808EDFFF7EAFF34BF01205A
:10D7E00000205DF808FB00BF4DF808EDFFF7E0FFF3
:10D7F00094BF012000205DF808FB00BF4DF808ED44
:10D80000FFF7D2FF94BF012000205DF808FB00BFA6
:10D810004DF808EDFFF7C8FF34BF012000205DF888
:10D8200008FB00BF4FEA4002B2F1FE4F0FD34FF0AA
:10D830009E03B3EB12620DD94FEA002343F000437D
:10D8400010F0004F23FA02F018BF404270474FF02B
:10D850000000704712F1610F01D1420205D110F0B2
:10D86000004008BF6FF0004070474FF00000704765
:10D8700042000ED2B2F1FE4F0BD34FF09E03B3EB3A
:10D88000126209D44FEA002343F0004323FA02F066
:10D8900070474FF00000704712F1610F01D1420252
:10D8A00002D14FF0FF3070474FF00000704700BFCB
:10D8B00053B94AB9002908BF00281CBF4FF0FF31F7
:10D8C0004FF0FF3000F0B8B9ADF1080C6DE904CEAF
:10D8D00000F040F8DDF804E0DDE9022304B0704711
:10D8E00010B500210446FFF775FF20B92046BDE8BA
:10D8F000104000F009B804F1004000F005F8404283
:10D9000061EB410110BD00BFD0B5FFF71BF900224C
:10D910000E4B06460F46FFF769F9FFF73FFC04463A
:10D92000FFF7EEF800220A4BFFF760F902460B46BC
:10D9300030463946FEF7A6FFFFF730FC23460022AB
:10D9400042EA000210461946D0BD00BF0000F03D7B
:10D950000000F0412DE9F0478C460E460446089D34
:10D96000002B50D18A4217466CD9B2FA82FEBEF122
:10D97000000F0BD0CEF1200420FA04F401FA0EF6C9
:10D9800044EA060C02FA0EF700FA0EF44FEA1749C1
:10D99000220CBCFBF9F01FFA87F809FB10C642EA1B
:10D9A000064600FB08F3B34209D9F61900F1FF322D
:10D9B00080F02281B34240F21F8102383E44F61AC1
:10D9C000A2B2B6FBF9F309FB136642EA064403FB75
:10D9D00008F8A04509D9E41903F1FF3280F00A8163
:10D9E000A04540F20781023B3C44C8EB040443EAF3
:10D9F00000400021002D62D024FA0EF400232C6098
:10DA00006B60BDE8F0878B4207D9002D55D000210F
:10DA100085E841000846BDE8F087B3FA83F10029A4
:10DA200040F09080B34202D3824200F2F880841A20
:10DA300066EB03060120B446002D40D085E81010A7
:10DA4000BDE8F08712B90127B7FBF2F7B7FA87FEF6
:10DA5000BEF1000F35D1F31B4FEA17481FFA87FCC0
:10DA60000121B3FBF8F0220C08FB103642EA06460F
:10DA70000CFB00F3B34207D9F61900F1FF3202D2D2
:10DA8000B34200F2CE801046F61AA2B2B6FBF8F30B
:10DA900008FB136642EA06440CFB03FCA44507D9C5
:10DAA000E41903F1FF3202D2A44500F2B580134617
:10DAB000CCEB040443EA00409CE729462846BDE835
:10DAC000F087CEF1200106FA0EF307FA0EF720FADE
:10DAD00001F94FEA1748CE4049EA0309B6FBF8FAC4
:10DAE0004FEA194408FB1A661FFA87FC44EA06430A
:10DAF0000AFB0CF29A4200FA0EF40AD9DB190AF179
:10DB0000FF3180F087809A4240F28480AAF1020AB5
:10DB10003B449B1A1FFA89F9B3FBF8F108FB113358
:10DB200049EA034301FB0CF69E4207D9DB1901F1D8
:10DB3000FF326BD29E4269D902393B449B1B41EABA
:10DB40000A418EE7C1F1200E22FA0EF48B402343E6
:10DB500020FA0EF706FA01F44FEA134C26FA0EF6F5
:10DB60003C43B6FBFCF9270C0CFB19661FFA83F843
:10DB700047EA064609FB08F7B74202FA01F200FA43
:10DB800001FA08D9F61809F1FF3041D2B7423FD95E
:10DB9000A9F102091E44F61BA0B2B6FBFCF40CFB73
:10DBA000146640EA064704FB08F8B84507D9FF1891
:10DBB00004F1FF3028D2B84526D9023C1F4444EA7C
:10DBC0000940C8EB0707A0FB02894F4544464E4673
:10DBD00014D329D065B3BAEB040367EB060707FA41
:10DBE0000EFECB40CF404EEA030385E888000021BB
:10DBF000BDE8F0871346F8E61046E0E6B8EB02040D
:10DC000069EB03060138E5E70446D8E7114695E7D6
:10DC10008146C0E78A467CE7023B3C4448E7084629
:10DC20000AE702383E442FE7C245E7D33E46D1E734
:10DC30002946BDE8F08700BF704700BF13460A467B
:10DC40000146022004F08EBA014B1868704700BFED
:10DC50000805002070B50F4E0F4D761BB61018BF8B
:10DC6000002405D0013455F8043B9847A642F9D169
:10DC70000A4E0B4D761B08F033FAB61018BF00247D
:10DC800006D0013455F8043B9847A642F9D170BD3F
:10DC900070BD00BFEC600100EC6001002461010078
:10DCA000EC600100034A044B1268506B002808BF67
:10DCB00018467047080500200C050020044B054A53
:10DCC0001B685B6B002B08BF134693F82801704755
:10DCD000080500200C050020D0F8EC00704700BFBC
:10DCE00008B5034B1868FFF7DDFFD0F8EC0008BD5E
:10DCF00008050020024B0146186800F003B800BF79
:10DD0000080500202DE9F04F01F10B05162D83B019
:10DD1000064640F29F8035F0070500F1BF80A9421A
:10DD200000F2BC8000F0F0FBB5F5FC7FC0F09C82F7
:10DD30006B0A00F0BA80042B00F28381A80900F17D
:10DD4000390E4FEA4E033830C44F07EB8303A3F17B
:10DD500008015C68A14207D1ACE0002A80F2AC80E7
:10DD6000E468A14200F0A680636823F003035A1B15
:10DD70000F2AF2DDB9493C6901F1080E744500F043
:10DD8000B381636823F003035A1B0F2A00F39981C0
:10DD9000002AC1F814E0C1F810E080F29E80B3F5CB
:10DDA000007F80F06781DB0803F1010C01229B10EA
:10DDB00002FA03F34A6851F83C80C4F8088001EB8A
:10DDC000CC091A43A9F10803E3604A6041F83C40DA
:10DDD000C8F80C40831001249C40944200F28A80D1
:10DDE000144206D120F003006400144200F1040044
:10DDF000FAD007EBC009CC468046DCF80C108C4505
:10DE000007D173E1002A80F28181C9688C4500F056
:10DE10006D814B6823F003035A1B0F2AF2DD0C4679
:10DE2000D1F80CC054F8088F4B1945F001054D602E
:10DE300042F00101C8F80CC03046CCF808807B6184
:10DE40003B61C3F80CE0C3F808E059609A5000F059
:10DE50005DFB1FE0102921D800F056FB102506239A
:10DE600002207E4F07EB8303A3F108025C68944213
:10DE700000F045816368E168A56823F0030323444B
:10DE800030465A68E96042F001028D605A6000F045
:10DE90003DFB0834204603B0BDE8F08F00240C237E
:10DEA0002046336003B0BDE8F08F80234FF0400E72
:10DEB0003F2049E770465DE72344E1685A68A5685A
:10DEC00042F00102E96030468D605A6000F01EFBAE
:10DED0000834204603B0BDE8F08F234430465A682A
:10DEE00042F001025A6000F011FB0834204603B0F2
:10DEF000BDE8F08FBC68636823F00308A84504D32D
:10DF0000C5EB08030F2B00F38C80554BDFF86091B5
:10DF10001A68D9F8003001332A4404EB080A00F0EB
:10DF2000608102F580520F3222F47F6222F00F02EC
:10DF300011463046019200F0DBFCB0F1FF3F834612
:10DF4000019A00F05881824500F2FC80454B196827
:10DF5000DA451144196000F05381D9F80000DFF868
:10DF600010E101301BBFCAEB0B0A5144CEF800B0E0
:10DF700019601BF0070100F01781C1F10800C1F51D
:10DF80008051834408315A44C2F30B02C2EB0109A9
:10DF900049463046019300F0ABFC431C019B00F066
:10DFA0003F81CBEB00024A4442F001021968C7F8F6
:10DFB00008B04944BC42CBF804201960DFF8A490B3
:10DFC00016D0B8F10F0F40F2FD806268A8F10C0383
:10DFD00023F00703E01802F001024FF0050E1A4388
:10DFE0000F2B6260C0F804E0C0F808E000F21C816A
:10DFF0001D4BBC681A68914288BF19601B4B1A6898
:10E000009142626888BF196022F003029542A2EB38
:10E01000050301D80F2B04DC304600F077FA00240A
:10E0200038E7621943F0010345F0010565603046A9
:10E03000BA60536000F06AFA0834204603B0BDE8C5
:10E04000F08F142B71D9542B00F2A480280B00F10F
:10E050006F0E4FEA4E036E3076E600BF7806002062
:10E060003C580020405800203858002034580020E8
:10E07000840A00205A0A042A5ED9142A00F2B380C6
:10E0800002F15C0149005B3207EB810C57F821106B
:10E09000DFF8DC81ACF1080C8C4500F088804A6820
:10E0A00022F00302934202D289688C45F7D1D1F85D
:10E0B0000CC07A68C4F80CC0A160CCF80840CC60F1
:10E0C00088E6631942F0010745F0010565603046B6
:10E0D0004B610B61C3F80CE0C3F808E05F609A5035
:10E0E000083400F013FAD5E64A6873E608F101082F
:10E0F00018F0030F0CF1080C7FF47FAE30E0DC6801
:10E10000A34208BF02303FF435AEB3E60B440C46E1
:10E110005A68C96854F8085F42F001025A603046F4
:10E12000E9608D6000F0F2F9B4E603F15C0E03F1F2
:10E130005B004FEA4E0307E69A0902F139014900F4
:10E140003832A1E7BC424A4B3FF400AF9C6862689A
:10E1500022F003025AE759F80839994540F08280C5
:10E1600010F0030F00F1FF30F5D17B6823EA0403C0
:10E170007B6064009C423FF6BDAE002C3FF4BAAE1B
:10E180001C4240467FF435AE64001C4200F104009E
:10E19000FAD02EE6B3F5AA7F18D8E80B00F1780E76
:10E1A0004FEA4E037730CFE54FF48051EBE6012183
:10E1B000D8F80430921001FA02F21A43C8F8042089
:10E1C000614677E70123CBF8043025E740F254524B
:10E1D000934220D8A80C00F17D0E4FEA4E037C300C
:10E1E000B2E51032A4E6542A26D81A0B02F16F01C8
:10E1F00049006E3248E7BC68626822F0030205E716
:10E20000CAF30B0000287FF4A8AE4244BB6842F07A
:10E2100001025A60ECE6FE234FF07F0E7E2093E56C
:10E2200001224FF00009C1E604F10801304605F073
:10E230001DF8D9F80010DBE6B2F5AA7F05D8DA0B95
:10E2400002F17801490077321EE740F254518A42C8
:10E2500005D89A0C02F17D0149007C3214E7FE21B9
:10E260007E2211E77B6884E7E808431C5B00F8E541
:10E270007806002082B049B15AB16BB113780B60B7
:10E280001278101C18BF012002B0704701A9002AA3
:10E29000F3D1104602B070476FF00100F4E700BF01
:10E2A00001F0FF01102A2BDB10F0070F08D010F847
:10E2B000013B013A8B422DD010F0070F42B3F6D14B
:10E2C000F0B441EA012141EA014122F007047FF064
:10E2D00000070023F0E80256083C85EA010586EABB
:10E2E000010685FA47F5A3FA87F586FA47F6A5FAF7
:10E2F00087F68EB9EED1F0BC01F0FF0102F0070203
:10E3000032B110F8013B013A83EA010313B1F8D1AD
:10E310000020704701387047002D06BF354603388E
:10E32000073815F0010F07D1013015F4807F02BFC7
:10E33000013015F4C03F0130F0BC0138704700BF18
:10E34000032A70B426D940EA01039B0711D0047850
:10E350000D78AC4222D10244431C05E013F8014B76
:10E3600011F8015FAC4219D19342F7D1002070BC83
:10E3700070470C4603461E682568AE421846214683
:10E3800003F1040304F10404E1D1043A032A18461A
:10E390002146F0D8002ADAD11046E8E7601B70BCAD
:10E3A000704700BF8842F0B50DD98B1898420AD249
:10E3B0008118002A51D09A1A13F8014D01F8014D25
:10E3C0009342F9D1F0BD0F2A48D941EA00039B07D7
:10E3D00046D100F1100401F11003154653F8106CFA
:10E3E00044F8106C53F80C6C44F80C6C53F8086C3F
:10E3F00044F8086C103D53F8046C44F8046C0F2D7D
:10E4000003F1100304F11004E8D8A2F1100323F083
:10E410000F0302F00F0E1033BEF1030F1944034433
:10E4200021D91E1F0D467446043C55F8047B46F85E
:10E43000047F032CF8D8AEF1040424F00304043460
:10E440002344214402F0030262B1013B0A4411F863
:10E45000014B03F8014F8A42F9D1F0BD0346F3E7BF
:10E460000346F2E7F0BD7246EEE700BF70B48407E2
:10E4700046D0541E002A41D0CDB2034602E0621EAF
:10E48000E4B3144603F8015B9A07F8D1032C2ED9A4
:10E49000CDB245EA05250F2C45EA054519D903F10A
:10E4A00010022646103E0F2E42F8105C42F80C5C1B
:10E4B00042F8085C42F8045C02F11002F2D8A4F1C0
:10E4C000100222F00F0204F00F041032032C134448
:10E4D0000DD91E462246043A032A46F8045BFAD8B0
:10E4E000221F22F003020432134404F003042CB16F
:10E4F000C9B21C4403F8011BA342FBD170BC704796
:10E5000014460346C2E700BF704700BF704700BF14
:10E510002DE9F04F174683B0002900F0C1800E4668
:10E52000814607F10B05FFF7EFFF56F804EC162DB7
:10E530002EF00304A6F1080840D810221546AF4279
:10E5400041D8944275DAC94B996808EB04008842B7
:10E55000416800F0D98021F0010303445B68DB07C8
:10E560007DD51EF0010F35D039464846FFF7CAFB6E
:10E570000746E0B156F8043C23F001034344A0F100
:10E5800008029A4200F04481221F242A00F23181BD
:10E59000132A00F20481034632461168196051685B
:10E5A000596092689A603146484604F05FFE4846DA
:10E5B000FFF7ACFF384603B0BDE8F08F25F0070544
:10E5C000002D2A46BBDA0C230020C9F8003003B026
:10E5D000BDE8F08F56F8083CC3EB080ADAF80430BF
:10E5E00023F0030C04EB0C039342BDDB5746DAF82F
:10E5F0000C1057F8080F221F242AC160886000F20F
:10E600001781132A40F212813168CAF80810716824
:10E61000CAF80C101B2A00F22B8108360AF11002EE
:10E620003168116071685160B16891603E461C4666
:10E63000D046631B0F2B1DD8D8F8043003F001031C
:10E6400023434444C8F80430636843F00103636023
:10E650004846FFF75BFF304603B0BDE8F08F21F07E
:10E6600003012144914221DBC36882680C46D360D8
:10E670009A60DEE7D8F8042008EB050102F00102F9
:10E68000154343F001020B44C8F804504A605A682D
:10E6900042F0010208315A60484604F0E7FDD7E72E
:10E6A000114603B0BDE8F04FFFF72CBB1EF0010F81
:10E6B0007FF45AAF56F8083CC3EB080ADAF8043086
:10E6C00023F0030C01EB0C0E96458BDBC3688268CC
:10E6D0005746D3609A6057F8081FDAF80C30CB60C1
:10E6E000221F242A996000F29980132A62D9336884
:10E6F000CAF808307368CAF80C301B2A00F2A080F0
:10E7000008360AF1100356E021F0030BA34405F18B
:10E710001000834559DA1EF0010F7FF425AF56F83B
:10E72000081CC1EB080ADAF8041021F0030CE344DA
:10E7300058453FF757AF5746DAF80C1057F8080F0F
:10E74000221F242AC160886000F2B480132A40F29C
:10E75000A5803168CAF808107168CAF80C101B2A25
:10E7600000F2AF8008360AF110023168116071685A
:10E770005160B16891600AEB0501C5EB0B0242F0F4
:10E78000010299604A60DAF8043003F001031D4386
:10E790004846CAF80450FFF7B9FE38465CE73368CC
:10E7A0000360736843601B2A27D800F1080306F151
:10E7B0000802F2E63B4632681A6072685A60B26834
:10E7C0009A603E467446D04633E708EB0501C5EB38
:10E7D0000B0B4BF0010299604A6056F8043C03F0C1
:10E7E00001031D43484646F8045CFFF78FFE3046A0
:10E7F00032E73146FFF7D6FDD5E6B3688360F368AC
:10E80000C360242A28D000F1100306F11002C4E6E8
:10E8100050F8043C23F003031C440AE73146384611
:10E820007446D046FFF7BEFD3E4602E73A46F7E69D
:10E83000314638461C46D046FFF7B4FD3E46F8E662
:10E84000B368CAF81030F368CAF81430242A1BD011
:10E8500010360AF11803AEE7336903617369436147
:10E8600006F1180200F1180397E600BF78060020B1
:10E87000B168CAF81010F168CAF81410242A0FD031
:10E8800010360AF11802CBE63369CAF818307369FA
:10E89000CAF81C3018360AF120038CE73A4664E7C0
:10E8A0003269CAF818207269CAF81C2018360AF1B1
:10E8B0002002B5E6314638460193FFF773FD019B10
:10E8C00059E7B168CAF81010F168CAF81410242A80
:10E8D00003D010360AF1180247E73269CAF8182047
:10E8E0007269CAF81C2018360AF120023DE700BF01
:10E8F00038B5074C0023054608462360FCF772F83C
:10E90000431C00D038BD2368002BFBD02B6038BDE2
:10E910008C5800200EB4F0B59CB021AB0F4953F8D1
:10E92000042B019305466FF00044086802954FF4EC
:10E9300002774FF6FF7602A90695ADF8147004949D
:10E940000794ADF8166001F01FF9029B00221A70BF
:10E950001CB0BDE8F04003B0704700BF08050020C0
:10E960000EB4F0B59CB021AC4FF4017254F8046BB6
:10E97000ADF814200290069000F022F80C4B0194A0
:10E98000054632460B4F1868039523464FF6FF762F
:10E99000002402A907950A970E941394ADF8166007
:10E9A00002F04AFC1CB0BDE8F04003B0704700BF65
:10E9B00008050020B9E9000000207047FFFFFFFFB5
:10E9C00090F800F06DE9024520F007016FF0000CAF
:10E9D00010F0070491F820F040F049804FF0000457
:10E9E0006FF00700D1E9002391F840F000F1080032
:10E9F00082FA4CF2A4FA8CF283FA4CF3A2FA8CF36A
:10EA00004BBBD1E9022382FA4CF200F10800A4FAD0
:10EA10008CF283FA4CF3A2FA8CF3E3B9D1E9042324
:10EA200082FA4CF200F10800A4FA8CF283FA4CF35B
:10EA3000A2FA8CF37BB9D1E9062301F1200182FA15
:10EA40004CF200F10800A4FA8CF283FA4CF3A2FA1B
:10EA50008CF3002BC6D0002A04BF04301A4612BA29
:10EA6000B2FA82F2FDE8024500EBD2007047D1E92C
:10EA7000002304F00305C4F100004FEAC50514F0BB
:10EA8000040F91F840F00CFA05F562EA05021CBF8C
:10EA900063EA050362464FF00004A9E7002A41D06B
:10EAA00040EA010313F00303F0B425D1032A23D96C
:10EAB00004680D68AC421FD1043A35D0A4F1013589
:10EAC00025EA040414F0803F31D1071D0D1D0DE02F
:10EAD00057F8043B0E68A3F10134B34224EA03045F
:10EAE0000AD1043A20D014F0803F23D1032A2946CA
:10EAF000384605F10405EBD803780C789C4202F106
:10EB0000FF320CD182B114B916E06AB17BB110F8B2
:10EB1000013F11F8014FA34202F1FF32F5D0181B5B
:10EB2000F0BC7047104670471046F0BC704718465E
:10EB3000F0BC70470020F3E72046F1E72DE9F041F3
:10EB40000F46904605F078FB04460D46B8F1000FDD
:10EB500011D0C7F30A53C3F16B03002B0BDD1B0568
:10EB600003F17F55002405F5401522462B46FEF79C
:10EB70003DF8BDE8F08120462946BDE8F08100BFA0
:10EB80002DE9F04F1D46A1B00023834628460E46CE
:10EB900007921C9305F014F80024002382460068B5
:10EBA000CDE90434FFF70CFF1B968146324614462C
:10EBB00012F8017B2D2F00F2B180DFE807F017AFCC
:10EBC000AFAFAFAFAFAFAF8383838383AFAFAFAF31
:10EBD000AFAFAFAFAFAFAFAFAFAFAFAFAFAF83AF71
:10EBE000AFAFAFAFAFAFAFAFAF2DAF80079B4FF0C1
:10EBF00000094FF0000A53B100230893079B1E60E1
:10EC0000089B23B149460AF1004389469A46484683
:10EC1000514621B0BDE8F08F00230893621C1B927F
:10EC20006778002FE2D0302F14467BD000230A945F
:10EC30000993A7F13003092B00F2DB834FF00008A2
:10EC4000204645464446082CC8BF08EB880805EB1B
:10EC5000850300F1010007EB43031B90C4BF07EBE2
:10EC60004807A7F130080778D8BFA3F13005A7F10E
:10EC70003003092B04F10104E5D9DAF800104A4603
:10EC8000FFF70CFF00B300203B4681460746A24633
:10EC9000652B00F0B280452B00F0AF800022002CE5
:10ECA00052D118B9099A002A00F0C7824FF0000922
:10ECB0004FF0000A079B002BA2D01B9E9EE701236A
:10ECC0000893ABE71B9272E71B9B03EB09021B92B5
:10ECD00013F809300746A246A3F13002092A00F2D0
:10ECE0007182411C1346002A00F06E8601290F44F0
:10ECF00018BF001905D100F063BE4D00844200F03A
:10ED0000AE840134611E082905EB8501F5DD102C68
:10ED1000DCBF08EB88084FEA4808EFE70023302FF4
:10ED2000089383D16378582B00F04783782B00F049
:10ED3000448301341B942778302FFAD0002FB5D0AC
:10ED400001230A94099374E7102CA2EB07032846C9
:10ED5000A1460C93A8BF4FF01009FDF7D1FEBAF100
:10ED6000000F08BFA246B9F1090FCDE9040113DD78
:10ED7000494B03EBC90353E91223FDF737FF06465E
:10ED800040460F46FDF7BCFE02460B46304639466C
:10ED9000FDF77AFDCDE904010F2C00F385800C9B73
:10EDA000002B27D040F3F3840C9B162B00F37084C8
:10EDB000394F07EBC307D7E90001DDE90423FDF76D
:10EDC00015FF81468A4675E71BA8344904F012FEF8
:10EDD00000283FF40BAF1B9B3149013B1BA81B9341
:10EDE00004F008FE10B91B9B01331B932D4B0593B8
:10EDF00000230493DDE9049A5CE7002C00F0D6813F
:10EE00001B9E731C1B9373782B2B00F0D3822D2B2E
:10EE100000F00B824FF0000CA3F13002092A00F23F
:10EE2000C682302B05D11B9A01321B921378302BEE
:10EE3000FAD0A3F13102082A3FF630AF1B9A0D92A7
:10EE4000511C303B1B910C935378A3F1300EBEF153
:10EE5000090F0FD80C9A01311B9102EB820203EBD0
:10EE600042020B78A3F1300EBEF1090FA2F130027D
:10EE7000F1D90C920D9A891A082900F301840C9A91
:10EE800044F61F618A42A8BF0A46BCF1000F3FF456
:10EE900006AF524203E700BFE05F0100E45C0100FF
:10EEA000E85C01000000F07F0C9BC9EB0409994469
:10EEB000B9F1000F40F37A8319F00F010AD0B44B77
:10EEC00003EBC101D1E90001DDE90423FDF78EFE6A
:10EED000CDE9040139F00F0640F0068200230993C2
:10EEE0000095234652460A99584604F017FF1090A1
:10EEF000002800F0D9820C9A0026002AC2F10003F3
:10EF0000A8BF33460D9322EAE2730C933746B2460C
:10EF1000109C5846616804F091FE8046002800F07D
:10EF200025832269023204F10C0192000C30FBF7B8
:10EF30001DFADDE904341EA81DA9CDE90A341A46DC
:10EF4000019023460091584605F002FA1C900028D3
:10EF500000F02F840121584604F07AFF074600286C
:10EF600000F004831D9A002AC0F228810D9B0C9D9D
:10EF70009E1809981E9B8749121A1A44013A8A4220
:10EF8000C3F1360380F2E780891A1F29A3EB01033E
:10EF900000F31B8101228A400F9200221192F41883
:10EFA0001D44099BA64232461D44A8BF2246AA42E0
:10EFB000A8BF2A46002A02DDA41AAD1AB61A0D9B74
:10EFC000BBB139461A46584604F0E4FF074600280C
:10EFD00000F0CC8201461C9A584604F043FF0028FA
:10EFE00000F0C4820E901C99584604F04DFE0E9A13
:10EFF0001C92002C08DD22461C99584605F01AF890
:10F000001C90002800F0D5830C9B43B141460C9A1C
:10F01000584604F0BFFF8046002800F0A782002D6C
:10F0200008DD41462A46584605F004F88046002887
:10F0300000F09C82002E08DD39463246584604F026
:10F04000F9FF0746002800F0918242461C99584675
:10F0500005F068F88246002800F088820026C36820
:10F06000C66039460E9305F03DF8B042C0F2B88351
:10F0700000F007843946504605F0C6F900224FF0EB
:10F08000804304460D46FEF72DF8002868D00E9BFD
:10F09000002B00F0A280059B3F4D0F9699463E4BFA
:10F0A000119300243D4E3E4B4A4616409E4200F0CE
:10F0B000D181099B33B3B6F1D46F23D8DDF84490E6
:10F0C0000F98494630A3D3E90023FEF70BF8B0B1FF
:10F0D0000F984946FEF762F8002800F03583FDF7E7
:10F0E0000FFD0F9011910E9B002B40F028830F9B7A
:10F0F0001493119B03F100431593DDE9144505F1C9
:10F10000D6639D1BDDE90A0105F096F802460B4621
:10F1100020462946FDF76AFDDDE90A23FDF7B4FB29
:10F12000CDE904010C46099B23B91C4B23409E42A8
:10F1300000F0DE811C99584604F0A6FD4146584671
:10F1400004F0A2FD3946584604F09EFD514658464B
:10F1500004F09AFDDCE60022119201220F921EE7D4
:10F16000104B204629460022FDF740FD0E9B0F90D4
:10F170001191002B54D101F1004312901393059B80
:10F18000DDE9124599468DE70000C0FFFFFFDF4132
:10F19000E05F010002FCFFFF0000F03F0000F07F95
:10F1A0000000E07F0000E03F4FF00109002842D15D
:10F1B000099B002B3FF41AAD044621E60C9B0D9EE3
:10F1C0009D1AD6E64FF0010962E5BD4CA41A012252
:10F1D00002FA04F111910F92E1E6DDE9041200292F
:10F1E00040F0C780C2F313039146002B40F0C78064
:10F1F0000022B44B20462946FDF76AFF002840F064
:10F200006283B14B204629460022FDF7EFFC01F155
:10F2100000430F90189011911993DDE9184541E7CB
:10F220000F9A119BCDE91223A9E74FF0010CB31CF3
:10F230001B93B378F0E50024E2E5B9F1000F7FF409
:10F24000D5AC493B252B3FF6D1AC01A252F823F0B7
:10F25000C9ED0000EDEB0000EDEB0000EDEB000070
:10F26000EDEB00008DF30000EDEB0000EDEB000096
:10F27000EDEB0000EDEB0000EDEB0000EDEB00002E
:10F28000EDEB0000EDEB0000EDEB0000EDEB00001E
:10F29000EDEB0000EDEB0000EDEB0000EDEB00000E
:10F2A000EDEB0000EDEB0000EDEB0000EDEB0000FE
:10F2B000EDEB0000EDEB0000EDEB0000EDEB0000EE
:10F2C000EDEB0000EDEB0000EDEB0000EDEB0000DE
:10F2D000C9ED0000EDEB0000EDEB0000EDEB0000F0
:10F2E000EDEB00008DF30000B6F59A7F00F3DC80B3
:10F2F0003611012EDFF8F49140F30283DDE90401B9
:10F3000000234F46984616F0010F08F101084FEA16
:10F31000660604D0D7E90023FDF768FC0123012E1F
:10F3200007F10807EFD1002B40F05C83059BA3F1A8
:10F330005473059309EBC808DDE90423D8E90001FB
:10F34000FDF754FC21F000431B0D604A1B0593425E
:10F35000CDE9040100F2A880A2F58012934240F2A8
:10F36000BB825B4B0593002309934FF0FF3304935B
:10F37000B6E5DDE90412012900F0EA819146002397
:10F380000F93504B534D119300248BE61BA8524909
:10F3900004F030FB00283FF429AC1B9B1B78282B82
:10F3A00000F0FC824D4B05930023049322E51B964D
:10F3B000002274E44FF0000C39E7089A02951CAB68
:10F3C00001920093464A1DAB1BA9584604F08AF8E7
:10F3D00010F0070605463FF469AC062E40F0748134
:10F3E000013400231B944FF000094FF0000A0893EA
:10F3F00060E4DAF8001020464A46FFF74FFB48B1B8
:10F400004FF0000A3B46D0465546504657465446B4
:10F41000D1463DE41B9B03EB09021B9213F8093014
:10F42000302B06D101321B921378302B00F10100F2
:10F43000F8D0A3F13102082A40F29A814FF0000A75
:10F44000652BD046554657463FF4AEAE54464FF076
:10F45000010920E4A9F154730593DDE90423104662
:10F46000194604F0E9FE02460B4620462946FDF700
:10F47000BDFBDDE90423FDF707FA21F00043CDE9E8
:10F4800004011B0D174ADDE90A011B059342CDE972
:10F49000160140F2F8800E4B994264D00C4B059354
:10F4A0004FF0FF33049345E60F4B059300222223D0
:10F4B0000492DDE9049ACBF80030FFF7FBBB00BFF4
:10F4C000E2FBFFFF0000F03F0000E03F0000A07CF7
:10F4D000FFFFEF7F0000F0BFF05C01000000F8FFCD
:10F4E000305D0100FFFF9F7C0000F07FB8600100ED
:10F4F0000F9E119D30462946FDF728FEFDF710FBB3
:10F500000B46024629463046FDF7BCF90E9B0546E0
:10F510000E46002B36D1049B002B33D1C4F31304C9
:10F5200084BBA5A3D3E90023FDF7D2FD00283FF457
:10F5300001AE5646DDE9049A1C980146584604F08F
:10F54000A3FB4146584604F09FFB3946584604F059
:10F550009BFB1099584604F097FB3146584604F03F
:10F5600093FBFFF7A7BB169B013397D156461C9818
:10F57000974B0593002222230492DDE9049ACBF8ED
:10F580000030DAE78EA3D3E9002328463146FDF7A1
:10F590009FFD0028CDD1284631468BA3D3E9002317
:10F5A000FDF7B4FD00283FF4C5ADC2E73FF496ACCB
:10F5B000C9F1000616F00F020AD0864B03EBC20316
:10F5C000DDE90401D3E90023FDF73AFCCDE90401AC
:10F5D00036113FF483AC1F2E38DC16F0100300F018
:10F5E000C2816A23002E099313DDDDE904017A4FFD
:10F5F0000023F20704D5D7E90023FDF7F7FA01232A
:10F60000761007F10807F4D1002B40F0EE81099B3A
:10F610009BB1DDE90412C2F30A53C3F16B03002B63
:10F6200011460ADD1F2B40F3A6810022342B0492E1
:10F6300040F3D0814FF05C73059300220023DDE995
:10F640000401FDF73BFD00283FF44AAC2223CBF830
:10F6500000304FF000094FF0000AFFF72BBB1B9959
:10F660000134082840F38D80102CDCBF08EB88089B
:10F6700002EB480800204B1C1B934B78FFF72CBB78
:10F6800044F61F6201E4059B03F1547405944AE5B6
:10F690000C9EC4F125039E423FF706AC4D4DC4F1CC
:10F6A0000F0405EBC401341BDDE90423D1E900019B
:10F6B00005EBC405FDF79AFAD5E90023FDF796FAA4
:10F6C00081468A46FFF7F6BA1C9A3AB135211EA840
:10F6D00004F0C4FE58461C9904F0D6FA062E0BD846
:10F6E000DFE806F0291D1813041D29006FF0004300
:10F6F00005934FF0FF33049329077FF57BAB059B00
:10F7000043F000430593FFF775BB314B059300238E
:10F710000493F1E71E9B04931F9B0593ECE71D9A4E
:10F720001F9B1E99049102F2334223F4801343EA93
:10F7300002530593E0E7002305930493DCE70F9A57
:10F74000119BCDE91423D8E4244A11920F90CAE406
:10F75000DDE904129146002A7FF411AE56462223B9
:10F76000CBF800301C984FF000094FF0000AE4E697
:10F770001B9A0A920025303B471C1146AA46A84610
:10F78000012405EB850503EB4505002073E70C9983
:10F7900011F1160FFFF688AB0E4AA2EBC102D2E9B7
:10F7A0000023DDE90401FDF74BFB81468A46FFF7A4
:10F7B00081BA5646DCE600BF9535A094FFFFCF3FE7
:10F7C0009535A094FFFFDF3F35E5AF350000E03F02
:10F7D0000000F07FE05F0100085D01000000F03FE5
:10F7E0000E9B5646DDE90A9A7BBBDDE9041261BB3C
:10F7F000C2F31303144643BB22F000431B0D1B0549
:10F80000B3F1D66F21D9736913B93369012B1CDDAC
:10F8100031460122584604F00DFC3946064604F0F4
:10F8200061FC002811DD099B002B40F0AC80704B7F
:10F830002340A3F580136FEA13536FEA0353059334
:10F840004FF0FF330493DDE9049A099BBBB1694B88
:10F85000179300231693DDE9162348465146FDF71A
:10F86000C5F903460C4681468A46CDE9043431B9D0
:10F87000049B23B922231C98CBF800305DE61C982A
:10F880005BE60E9B5646DDE90A9A53B3DDE9044573
:10F89000594BC5F3130199422A4646D0119B53B3E5
:10F8A000059A1342D1D00E9B099ADDE9040153B3A6
:10F8B000FFF744F902460B4648465146FCF7E4FF81
:10F8C00081468A46C1E74D4B4D4C11930023CDE94B
:10F8D00018340E9B0F93A0E401F154730593FFF7C6
:10F8E000FDBADDE90412C2F313031446002BD5D18F
:10F8F0000029D3D197E70F9B049A1342A5D0D2E7F2
:10F900004FF0000812E5FFF719F902460B4648468A
:10F910005146FCF7B7FF0022002381468A46FDF7D7
:10F92000CDFB00287FF41BAF8FE7099B0499FBB147
:10F930002F4B2B40B3F1D46F1AD81B0DC3F16B03BF
:10F940004FF0FF3000FA03F38B42A7D12D498A42D2
:10F950003DD0274B134003F58013059300230493F8
:10F96000DDE9049A71E7002E09933FF73EAE64E6A5
:10F970004FF0FF33E8E74FF0FF3202FA03F3049A47
:10F980001A40049259E61A4B2340B3F1D66F3FF761
:10F9900050AFB3F15C7F3FF75AAFE0E61BA81EAA59
:10F9A000194904F03FF805287FF4FCAC1F9B43F095
:10F9B000FF4343F4E00305931E9B0493FFF71ABA39
:10F9C00020461B9901344CE608461B9953E6013347
:10F9D000BFD1CCE5203B4FF0FF3202FA03F30B40DE
:10F9E00005932AE6CDE90401A0E4CDE904010EE681
:10F9F0000000F07F00005039FFFF0F000000E03FE3
:10FA00000000E0BFFFFFEF7FF45C0100054B1B68C7
:10FA100010B45B6B044C002B08BF234610BCFFF7EF
:10FA2000AFB800BF080500200C0500202DE9F84FF5
:10FA3000DDF828900F46804616461D468B4600E0AE
:10FA4000A3465C46484614F801ABFEF745F950441E
:10FA5000417801F0080101F0FF0C0029F0D1524675
:10FA60002D2A61D02B2A04BF9BF801200BF1020440
:10FA7000002D43D0102D65D0A946BCF1000F0CBF5E
:10FA80006FF0004A4FF0004A0021BAFBF9FE084629
:10FA900009FB1EAA05E029D009FB0030012114F85A
:10FAA000012BA2F13003092B05D9A2F14103192B37
:10FAB0000AD8A2F137039D420EDD4A1CEFD08645DD
:10FAC000E9D24FF0FF31EAE7A2F16103192B03D825
:10FAD000A2F157039D42F0DC4B1C15D0BCF1000F86
:10FAE00010D14EB1E1B93760BDE8F88F9A45D3DA4D
:10FAF00070464FF0FF31D2E7BDE8F88F302A1AD0B8
:10FB00000A25B9E74042ECE7BCF1000F4FF02203B1
:10FB10000CBF6FF000404FF00040C8F80030F6B165
:10FB2000671E3760BDE8F88F0BF102049BF80120D7
:10FB30004FF0010C9CE7237803F0DF03582B08D02B
:10FB4000082599E7302A97D1237803F0DF03582B53
:10FB500092D14FF0100962784D4602348DE7BDE82E
:10FB6000F88F00BF30B5064C064D2468646B83B037
:10FB7000002C08BF2C460094FFF758FF03B030BD9F
:10FB8000080500200C0500202DE9F04FC1B00C46FF
:10FB9000099115460E930A9004F014F80368179320
:10FBA0001846FEF70DFFA38916901E0603D523699C
:10FBB000002B01F01A8100231A46129325932493F7
:10FBC00019930B93DFF864A4149230AB23939946F6
:10FBD0001592A84698F800304446EBB1252B02D187
:10FBE0001AE0252B03D014F8013F002BF9D1C8EB04
:10FBF00004058DB1249B259AC9F8008001332A445D
:10FC0000072BC9F804502592249300F3A68009F12C
:10FC100008090B9B2B440B932378002B00F0A68044
:10FC200000231A468DF86F3019460C9307934FF056
:10FC3000FF3B637804F101085D4608F10108A3F178
:10FC40002000582800F22584DFE810F08803230400
:10FC50002304900323042304230423042304230400
:10FC60009703A50323045D00E2002304FE000501C1
:10FC70000501050105010501050105010501050154
:10FC8000230423042304230423042304230423043C
:10FC90002304230415018102230481022304230485
:10FCA00023042304C60223042304CD0223042304D3
:10FCB000230423042304F702230423042503230439
:10FCC00023042304230423042304230423042304FC
:10FCD000230466037903810281028102810379038F
:10FCE00023042304D1032304DB03A3006400EE03F5
:10FCF0002304F5032304AA0323042304BC030C9860
:10FD00000E9340420C90079B43F00403079398F82E
:10FD1000003092E70E98AB46002104688DF86F1012
:10FD2000071D0798302378228B458DF870304FF0EF
:10FD300000058DF8712040F00203C0F2C78320F067
:10FD4000800343F00203079354EA05030E9700F083
:10FD500093830F461192B348CEE223AA09990A98D9
:10FD600004F0C2FE48B90DF1C00952E7259B23B14A
:10FD70000A98099923AA04F0B7FE099B9B8913F0FE
:10FD8000400F0B9B18BF4FF0FF33184641B0BDE842
:10FD9000F08F1193AB46002A41F03382079A12F09C
:10FDA000200300F02E820E9F073727F0070300275D
:10FDB00003F10801BB450E91D3E900458DF86F7042
:10FDC000C0F2798722F08003079354EA050300F01C
:10FDD000758330AEE20842EA4572E90804F0070391
:10FDE0000D461446303354EA050206F8013DF1D1C0
:10FDF000079AD10740F18480302B00F081803022B7
:10FE0000731E06F8012C30AAD21A0D921E467AE013
:10FE100098F800302A2B08F1010401F0B981A3F110
:10FE20003000092898BF002501F26C8114F8013BCD
:10FE300005EB850500EB4505A3F130000928F5D950
:10FE400045EAE575A046FAE6079B43F08003079371
:10FE500098F80030F1E6A3F1300000231C4618F8B2
:10FE6000013B04EB840400EB4404A3F130000928B7
:10FE7000F5D90C94E3E61193AB46002A41F0AB812F
:10FE8000079B43F010030793079B980640F13085CA
:10FE90000E9F073727F00707D7E9002307F108016E
:10FEA0000E9114461D46002A73F10003C0F25B85D3
:10FEB000BBF1000F9DF86F70C0F23885079B23F0EF
:10FEC0008003079354EA050300F0DB81002D08BF8F
:10FED0000A2CC0F0DB8130AE204629460A220023DE
:10FEE000FDF7E6FC303206F8012D204629460023B6
:10FEF0000A22FDF7DDFC04460D4654EA0503EBD16A
:10FF000030AB9B1B0D930D9B5B45B8BF5B460893C5
:10FF10000023139317B1089B01330893079B13F039
:10FF200002030F9302D0089B02330893079B13F040
:10FF30008403109340F0D7820C9B089A9D1A002DE1
:10FF400040F3D182102D2599249A374F27DD18963A
:10FF500048461024B946099E2F460A9D04E0103FEA
:10FF6000102F00F1080016DD01322F4B24921031C2
:10FF7000072A259180E81800F1DD23AA314628469A
:10FF800004F0B2FD00287FF4F8AE103F102F259941
:10FF9000249A30A8E8DC189E3D464F46814601323F
:10FFA0006C18072A25942492C9F80070C9F80450E7
:10FFB00000F328849DF86F7009F1080977B1249B3C
:10FFC000013301340DF16F010122072B2594249395
:10FFD00089E8060000F3A08309F108090F9B6BB1C3
:10FFE000249B013302341CA90222072B259424935D
:10FFF00089E8060000F39C8309F10809109B802B17
:020000021000EC
:1000000000F0D5820D9BC3EB0B07002F39DD074AAB
:10001000249B0F92102F28DD22464FF0100B0A9DD3
:10002000099C0AE0705D0100905D0100445D0100E3
:10003000103F102F09F1080916DD01331032072B8C
:100040002592249389E8000CF2DD23AA2146284654
:1000500004F04AFD00287FF490AE103F102F259A3F
:10006000249B0DF1C009E8DC144601330F9A249358
:100070003C44072B259489E8840000F3418309F16F
:100080000809079BDA0500F13082249B0D99C9F815
:10009000006001330C44072B2594C9F80410249305
:1000A00000F3188309F10809079B59073FD50C9BFA
:1000B000089A9D1A002D3ADD102D249BBC4F23DD9C
:1000C00022461026DDF828B0099C04E0103D102DD2
:1000D00009F1080917DD0133B54924931032072BC4
:1000E000259289E84200F1DD23AA2146584604F012
:1000F000FBFC00287FF441AE103D102D259A249B77
:100100000DF1C009E7DC144601332C44072B25947C
:100110002493C9F80070C9F8045008DD23AA09998E
:100120000A9804F0E1FC00287FF427AE259C0B9B85
:100130000C9A08998A42ACBF9B185B180B93002C51
:1001400040F0D482002324930DF1C00942E51193BD
:10015000AB46002A41F051800E9F073727F0070376
:1001600003F108020E921A6814925B681593159BAE
:10017000149D23F00044284621464FF0FF328D4B5A
:10018000FCF7CEFF002840F0C284284621464FF0FD
:10019000FF32884BFCF7A6FF002840F0B884149883
:1001A000159900220023FCF793FF002840F04F87A9
:1001B0009DF86F70804E814B079921F08001079167
:1001C000119903224FF0000B08924729D8BF1E4611
:1001D0000D92CDF84CB09DE6079B43F008030793C2
:1001E00098F8003029E51193AB46002A41F01180C0
:1001F000079B43F010030793079A12F020037FF444
:10020000D2AD079911F0100200F02C850E988DF8F0
:100210006F30BBF1000F046800F104074FF00005D8
:10022000C0F248850A4622F08002079254EA05028D
:100230000E9700F043811F46CBE51193AB46002A91
:1002400040F0E387079B43F010030793079A12F0EF
:10025000200300F032830E9F073727F007030027A3
:1002600003F10801BB450E91D3E900458DF86F708D
:10027000C0F25C8322F08003079354EA05037FF405
:1002800025AEBBF1000F00F0FE80002440AE3034FC
:1002900006F8414D34E61193AB46002A40F09787AB
:1002A000079B47489D0640F197800E9F073727F030
:1002B0000703D3E9004503F108020E92079A12F0F2
:1002C000010700F0418254EA050300F005859DF81E
:1002D00044208DF871200027079A8DF86F70302325
:1002E000BB458DF8703042F00203C0F2B58622F0B3
:1002F000800343F00203079330AE230904F00F019B
:1003000043EA05732A091C461546435C06F8013D7D
:1003100054EA0503F1D1F3E50E9911930A688DF8BB
:10032000982000230A461F468DF86F3004320123BF
:100330000893BB4613970E920D9326AEEEE51193EC
:10034000AB46002A3FF4A0AD8DF86F109CE5079BEB
:1003500043F04003079398F800306EE498F80030BB
:1003600000297FF46AAC0122202166E4079B43F058
:100370000103079398F800305FE40E9C23680C9308
:1003800018460028234603F10403FFF6B8AC0E9389
:1003900098F8003051E498F8003001222B214CE409
:1003A0001193AB46002A3FF451AF8DF86F104DE723
:1003B000905D0100FFFFEF7F505C0100545D010084
:1003C0005C5D01001193AB46002A40F02A87079B31
:1003D00099489D063FF569AF079BDC0640F13584DF
:1003E0000E9A1346043314680E93002566E798F8B6
:1003F00000306C2B00F0E284079840F0100007906A
:100400001BE4002A40F00987079B9B0640F1068405
:100410000E9A0B991368CD170846043229460E929E
:10042000C3E90001FFF7D6BB079B43F02003079306
:1004300098F8003001E40E9A1193166800248DF8A4
:100440006F40171D002E00F0CD85002DC0F21885DD
:100450002A4621463046FDF723FF002800F02A8671
:10046000831B0D93A34623EAE3730E970893CDF8FD
:100470004CB09DF86F704DE56F481192BBF1000FC5
:1004800040F073815F464FF0000BCDF834B030AED2
:1004900039E51193002A40F0AC86119A002A3FF406
:1004A00065AC002301211F4608918DF898208DF836
:1004B0006F309B4613930D9126AE2FE5BBF1000FD5
:1004C00000F0038600270024002582E45A480793A1
:1004D000119254EA05030E974FF000077FF40CAF1A
:1004E0000024002508E7259C68E5119B652B40F357
:1004F000A9801498159900220023FCF7DFFD00283D
:1005000000F03581249B4D4AC9F8002001330134A5
:100510000122072B25942493C9F8042000F3E883D3
:1005200009F108091D9B129A934203DB079BDB0725
:100530007FF5BAAD249B1699179AC9F800200133AC
:100540000C44072B2594C9F80410249300F340842D
:1005500009F10809129B5D1E002D7FF7A5AD384AF1
:10056000249B0F92102D40F3E68110260A9FDDF8A0
:1005700024B005E009F10809103D102D40F3DB819E
:1005800001331034072B25942493C9F800A0C9F82F
:100590000460EFDD23AA5946384604F0A5FA002886
:1005A0007FF4EBAB259C249B0DF1C009E4E70C9B89
:1005B000089A9F1A002F7FF725AD214A249B0F929E
:1005C000102F2BDD4A462146B946102537460A9C96
:1005D000099E06E0A9F11009B9F1100F02F1080215
:1005E00018DD01331031072B25912493C2F800A0A8
:1005F0005560EFDD23AA3146204604F075FA002845
:100600007FF4BBABA9F11009B9F1100F2599249B18
:1006100030AAE6DC3E460C464F46914601330F9A1F
:1006200024933C44072B259489E8840000F34582F9
:1006300009F10809E6E400BF705D01008C5D01006E
:10064000445D0100129B249D012B40F3088201357B
:1006500001340123072D25942495C9F80060C9F8B9
:10066000043000F30D8209F10809169A179BC9F8A6
:10067000003001351444072D25942495C9F8042031
:1006800000F30E8209F1080900231498159900223D
:10069000FCF714FD129B002840F0C380013B01359C
:1006A00001361C44072D24952594C9F80060C9F82B
:1006B000043000F3F58009F10809199AC9F80420FB
:1006C000013514441FAB072D25942495C9F800303B
:1006D0007FF7E8AC23AA09990A9804F005FA0028E4
:1006E0007FF44BAB259C0DF1C009DDE423AA0999E9
:1006F0000A9804F0F9F900283FF424ADFFF73DBB58
:1007000023AA09990A9804F0EFF900287FF435AB81
:10071000259C0DF1C009B4E423AA09990A9804F0B4
:10072000E3F900287FF429AB259C0DF1C00955E4BD
:1007300023AA09990A9804F0D7F900287FF41DAB81
:10074000259C0DF1C00959E4BBF1000F8DF86F70C5
:10075000C0F2DA8222F08003079354EA05037FF4A3
:10076000CBADBBF1000F3FF48DAE0027B8E61D9D69
:10077000002D40F3CC82139B129A9342A8BF1346DC
:10078000002B1D460DDD249BC9F8006001332C446D
:10079000072B2594C9F80450249300F3A38309F18F
:1007A0000809139B002DA8BF5B1B002B1D4640F3BF
:1007B000F680BA4A249B0F92102D40F38082224685
:1007C0001027DDF828B0099C05E009F10809103D63
:1007D000102D40F3738201331032072B259224939E
:1007E000C9F800A0C9F80470EFDD23AA21465846D5
:1007F00004F07AF900287FF4C0AA259A249B0DF111
:10080000C009E4E723AA09990A9804F06DF90028C1
:100810007FF4B3AA9DF86F70259C0DF1C009FFF716
:10082000CDBB5E1E002E7FF748AF9C4B0F93102E62
:100830002CDDCDF834801027B046DDF828B0099EB5
:1008400006E0A8F11008B8F1100F09F108091ADD47
:1008500001351034072D25942495C9F800A0C9F856
:100860000470EEDD23AA3146584604F03DF9002815
:100870007FF483AAA8F11008B8F1100F259C249DDD
:100880000DF1C009E4DC4646DDF834800F9B0135EC
:100890003444072D2594249589E848007FF70BAF51
:1008A00023AA09990A9804F01FF900287FF465AA81
:1008B000259C249D0DF1C009FFE6079911F0100257
:1008C00000F008810E988DF86F30BBF1000F0468BE
:1008D00000F104074FF0000526DB0A4622F08002F3
:1008E000079254EA05020E971F467FF4EFAAC8E468
:1008F000079BD9062AD4079B5A0627D50E99B1F92A
:1009000000400431E51722462B460E91FFF7CBBA83
:100910000E998DF86F30BBF1000F0C6801F10407E0
:100920004FF0000580F245820E971F4654EA0503FA
:100930007FF4CCAAAAE401330F9A24932C44072B0A
:10094000259489E824007FF7ADABC3E60E9A1468BE
:1009500013460433E51722460E93002A2B4673F103
:100960000003BFF6A5AA64424FF02D0765EB4505CD
:10097000BBF1000F8DF86F70FFF6A8AA079B23F05C
:1009800080030793FFF7A2BA23AA09990A9804F0F3
:10099000ABF800287FF4F1A9259C0DF1C009139A4A
:1009A0001D9B32441746129A934247DB079AD5079C
:1009B00044D412990E44F51BCB1A9D42A8BF1D4684
:1009C000002D2E460DDD249AC9F8007001322C440A
:1009D000072A2594C9F80450249200F3128309F1E0
:1009E0000809002EACBF9D1B1D46002D7FF75CAB98
:1009F0002A4A249B0F92102D9DDD10260A9FDDF8B8
:100A000024B004E009F10809103D102D93DD0133F5
:100A10001034072B25942493C9F800A0C9F804606A
:100A2000F0DD23AA5946384604F05EF800287FF42A
:100A3000A4A9259C249B0DF1C009E5E7249A1698EA
:100A40001799C9F8001001320444072A2594C9F8FF
:100A50000400249200F3A58209F10809A9E7079B85
:100A6000D8073FF5F4AD013501340123072D259456
:100A70002495C9F80060C9F804307FF71CAE0FE771
:100A800023AA09990A9804F02FF800287FF475A981
:100A9000259C249D0DF1C009E7E500BF445D0100E0
:100AA00023AA09990A9804F01FF800287FF465A981
:100AB000259C249D0DF1C009E6E523AA09990A9811
:100AC00004F012F800287FF458A9259C0DF1C00904
:100AD000FFF798BA079911F040033FF419AF0E9849
:100AE0008DF86F200346BBF1000F03F10403048867
:100AF0004FF00005C0F2B98121F08001079154EA5E
:100B000005010E9317467FF4E1A9FFF7BABB149CC9
:100B100022462046159C23462146FCF701FB00286F
:100B200040F01583119BBBF1FF3F23F020030D9391
:100B300000F07682472B00F09281079B43F480738C
:100B40001093159B1F1E149B0893BBBF3B4603F1DC
:100B5000004700232D230F93119B662B00F0638227
:100B6000462B00F05E810D9B089A452B21A81EA9FB
:100B70000CBF0BF101055D46049003911DA80221F5
:100B80003B460290019500910A9801F0E1FB119B10
:100B9000672B064640F07D82079BDA0740F1BF8253
:100BA00074190898394600220023FCF787FA0028B8
:100BB00040F0A481219B9C4206D930215A1C2192ED
:100BC0001970219B9C42F9D89B1B12930D9B472BBC
:100BD00000F08181119B652B40F36A82119B662B8B
:100BE0001D9B139300F04782139A12998A42C0F218
:100BF0003682079BD90700F1898222EAE2730D92BF
:100C0000672211920F9A002A40F05B810893109B93
:100C1000079393469DF86F70FFF77CB9079BDF063B
:100C20000BD4079B5E0608D50E9A136804320E9209
:100C3000BDF82C201A80FEF7CDBF0E9A136804323F
:100C40000E920B9A1A60FEF7C5BF079B0E9A13F01F
:100C5000400F134600F00E81043314880E930025D4
:100C6000FFF72CBB079911F0400317D00E988DF8B1
:100C70006F200346BBF1000F03F1040304884FF01B
:100C80000005C0F2F58021F08001079154EA0501CA
:100C90000E933FF413AC1746FFF79BB80E998DF8EF
:100CA0006F30BBF1000F0C6801F104074FF0000535
:100CB00080F281800E970027FFF78BB8144601332E
:100CC0000F9A24932C44072B259489E824003FF79E
:100CD0005BAE09F1080962E60027BB458DF86F702D
:100CE000FFF6FEAB079B23F080030793FFF7C6BB1D
:100CF00023AA09990A9803F0F7FE00287FF43DA87B
:100D0000259C0DF1C0090DE40E9FFFF7E2BB249B6B
:100D1000B14AC9F80020013301340122072B259480
:100D20002493C9F804206FDC09F108092DB9129B3E
:100D30001BB9079BDF077FF5B7A9249B1699179A64
:100D4000C9F8002001330C44072B2594C9F804107E
:100D5000249300F3C98109F108096D42002D40F385
:100D6000A3809E4A0F92102D40F32981224610271E
:100D7000DDF828B0099C05E009F10809103D102DA7
:100D800040F31C8101331032072B25922493C9F8BC
:100D900000A0C9F80470EFDD23AA2146584603F0ED
:100DA000A3FE00287EF4E9AF259A249B0DF1C0092B
:100DB000E4E7079A92E5079AFFF735BA079B43F0F5
:100DC0002003079308F1010898F80030FEF735BFBB
:100DD00023AA09990A9803F087FE00287EF4CDAF74
:100DE000259C0DF1C009FFF7B5BB40210A98FCF71F
:100DF00089FF099A10601061002800F0F381099AB8
:100E000040235361FEF7D7BE23AA09990A9803F03D
:100E10006BFE00287EF4B1AF1D9D259C0DF1C0092D
:100E200084E721A81EA9049003911DA80321029024
:100E3000089ACDF804B03B4600910A9801F088FA70
:100E40005D460646119B462B06EB05047FF4A9AED2
:100E50003378302B00F06D811D9D2C44A1E6BBF151
:100E6000000F08BF4FF0010B67E60E9317465DE5D4
:100E70000E9320E7043314680E930025FFF71EBA83
:100E80003046FDF79DFDA34603460D90FFF7EBBAF4
:100E900023AA09990A9803F027FE00287EF46DAF73
:100EA000259C249B0DF1C0091299C9F800600133FB
:100EB0000C44072B25942493C9F804107FF7F2A85B
:100EC00008E42D270893109B07938DF86F704FF05F
:100ED000000BFFF720B81D9BDD1C11DB9B450FDBD2
:100EE000139381E623AA09990A9803F0FDFD0028CF
:100EF0007EF443AF259C0DF1C00952E4234663E61E
:100F0000119A023A1192013B002B9DF844201D9347
:100F1000B8BF5B428DF87C20B4BF2D222B22092B59
:100F20008DF87D2040F3FD800DF18B0004462C4AA6
:100F300082FB0321DA17C2EBA10202EB8201A3EBD1
:100F4000410303F13001092A134604F8011DEEDCC8
:100F500021463033DAB201F8012D884240F23F8158
:100F60000DF17E01234601E013F8012B01F8012B5E
:100F70009842F9D1431C1B1B0DF17E0213441FAA9A
:100F80009B1A129A1993012A13440D9340F3F68089
:100F90000D9B169A134400220D93139223EAE373D8
:100FA00030E623AA09990A9803F09EFD00287EF4F2
:100FB000E4AE1D9B259C0DF1C009FAE414460133F3
:100FC0000F9A24932C44072B259489E824003FF79B
:100FD0005FAF09F1080967E78C5D0100445D01001E
:100FE00067666666062D2B4628BF06230D9323EA07
:100FF000E373B3460E971396374608938B4EFEF76E
:1010000089BF23AA09990A9803F06EFD00287EF48F
:10101000B4AE1D9B129A259CD31A0DF1C009E0E4D1
:101020004FF0060B89E521A81EA9049003911DA885
:1010300003210290089ACDF804B03B4600910A982B
:1010400001F086F95D46064600EB0B0400E72D270C
:101050008DF86F70FFF7AEB80793FFF74DB9169A8A
:10106000129B1344139A0D93002A7FDD672223EA13
:10107000E3731192C6E5002B40F39880BBF1000F9B
:101080006BD1079AD40768D41A460D9223EAE3730A
:10109000B8E5119B472B7FF483AD079BDB073FF53A
:1010A000D1AE219B9B1B12930D9B472B3FF413AF9B
:1010B0001D9B28E725EAE5730E9708930D95834657
:1010C00013909DF86F70FEF725BF079BDB075F4607
:1010D00005D540AE302306F8413DFEF711BFCDF8EF
:1010E00034B030AEFEF70FBF23AA09990A9803F077
:1010F000FBFC00287EF441AE1D9D259C249B0DF138
:10110000C0092AE6A0460025FEF799BD169A139B52
:10111000134467220D93119223EAE37372E5219B36
:1011200052E5303330228DF87F308DF87E2020ABB1
:1011300025E70898394600220023FBF7BFFF002867
:101140007FF48AAEC5F101051D952C4429E5384E82
:10115000384B9DF86F70FFF72FB8139B169A9D18A8
:1011600005EB0B030D9323EAE3734BE5139B0D9AF9
:10117000C3F101031A4413460D9277E7079B13F05E
:1011800001037FF405AF13930D9B23EAE37339E565
:101190000E9898F8013005680430002D0E90A04696
:1011A000BEF64BAD4FF0FF35FEF747BDBBF1000F6C
:1011B00002D1079BD80707D5169B5D1C05EB0B03D7
:1011C0000D9323EAE3731DE501230D931AE58DF8D2
:1011D0006F10FFF765B88DF86F10FEF751BE0DF177
:1011E0007E03CCE60A9A0C2313604FF0FF30FEF723
:1011F000CDBD8DF86F10FFF750B98DF86F10FEF769
:10120000ABBF8DF86F10FEF7C9BD8DF86F10FFF7FB
:1012100019B88DF86F10FEF7EBBF8DF86F10FFF760
:10122000F3B88DF86F10FFF7D2B800BF845D0100EE
:10123000485C0100585D01002DE9F04F8B46B1F983
:101240000C10ADF52B7D824688041446049309D416
:10125000DBF8643041F4005123F40053ABF80C1078
:10126000CBF8643026460023069303931F4605936C
:1012700016F8013B0F936BB3FCF732FD0F9A104445
:10128000437803F0080303F0FF0543B3DBF80430B1
:1012900011E0FCF725FDDBF800301A78104401332B
:1012A000427811070FD5DBF80420CBF80030531E2D
:1012B0000137CBF80430002BEBDC5946504603F0E5
:1012C000D5FC0028E5D03446264616F8013B0F939E
:1012D000002BD1D105980DF52B7DBDE8F08F252A87
:1012E00040F0848094F801802C46731CB8F1780F8C
:1012F00000F24382DFE818F092004102410241020D
:1013000041024102410241024102410241024102C5
:1013100041024102410241024102410241024102B5
:1013200041024102410241024102410241024102A5
:101330004102410241024102410241024102410295
:10134000410279004102410241024102D8014102B9
:101350004102410241024102CF01CF01CF01CF0141
:10136000CF01CF01CF01CF01CF01CF014102410217
:101370004102410241024102410241024102410255
:10138000C101B9014102B9014102410241024102D8
:10139000B30141024102A301410241024102410263
:1013A00041024102410241029301410241025101C5
:1013B0004102410241024102410241024102220135
:1013C0008801B901B901B9011C019800410241022B
:1013D000D50041020D010101F30041024102EB0081
:1013E0004102DF004102410293011E46DBF8043056
:1013F000002B40F35382DBF8003016F8012C1978EB
:1014000091427FF467AFDBF804200133013ACBF857
:1014100000300137CBF80420344655E74FF0FF3059
:101420000DF52B7DBDE8F08F0293DBF80430002B27
:1014300040F36382B84B069300230393032601E035
:10144000CBF800E0FCF74CFCDBF8002011780844F6
:1014500002F1010E437803F0080303F0FF08002BAC
:1014600000F07F82DBF80430013B002B07F101071D
:10147000CBF80430E4DC5946504603F0F7FB002873
:10148000E0D0059A002AC9D0BBF80C3013F0400F09
:10149000134618BF4FF0FF3318460DF52B7DBDE8FE
:1014A000F08F96F80180B8F16C0F00F0028245F0E1
:1014B00001051E4619E70293DBF80430002B40F3C8
:1014C0004882964B06930A2303930326BAE70293B6
:1014D000DBF80430002B40F334820226B2E702939B
:1014E000DBF80430002B45F4087540F3A0808B4BEB
:1014F0000693102303930326A4E70293DBF804303A
:10150000002B40F3A480854B069308230393032606
:1015100098E7EA061E46029300F1F2806B0740F15D
:10152000D48104990B681F800B1D04933446CBE6CD
:1015300096F8018045F004051E46D6E60293DBF8D6
:101540000430002B40F3ED81002C08BF012415F07E
:10155000010340F02281EA0640F18B811D4609E03B
:101560001344CBF800301544A41A03F07FFB002885
:1015700040F07B81DBF80420DBF80030A2425946C2
:101580005046EDDB121B2344CBF804202544CBF856
:101590000030029E2F44344696E60DF14809194664
:1015A000484602F0ADFFDBF80430002B064640F35E
:1015B000B081002CDBF8002008BF4FF0FF34EB06B1
:1015C000117840F1A080A046002500E0117819F8BC
:1015D00001300132002B00F04381DBF80430CBF8FE
:1015E00000200135013BA542CBF8043000F03581E5
:1015F000002BEBDC5946504603F038FB002840F046
:101600002B81DBF80020E1E70293DBF80430002BAC
:101610003ADD414B06930A230393032612E7029314
:10162000DBF80430002B45F400753FF760AF5946F6
:10163000504603F01BFB00283FF459AF21E702930B
:10164000DBF80430002B45F001053FF75CAF59464D
:10165000504603F00BFB00283FF455AF11E796F816
:10166000018045F002051E463FE60293DBF8043098
:10167000002B40F35E810426E4E60293DBF804309D
:10168000002B45F00105C4DC5946504603F0EEFA44
:101690000028BED0F5E604EB840408EB4404303C9B
:1016A00096F801801E4620E696F8018045F0100568
:1016B0001E461AE610AB4146184608220793FCF76F
:1016C000D5FE15F0100940F05D84049A13460433EA
:1016D000D2F8008004930026FCF702FBDBF8003010
:1016E0001B7818444378180702D4002C40F0FC8380
:1016F000B9F1000F04D1C8F80090059B01330593A0
:10170000029E3446E0E5049805680346043305EB81
:10171000040802932C4606E065FB0000B548010072
:10172000DBF80020117819F80130501CC3B1DBF848
:101730000430CBF80000013BCBF80430137804F8F8
:10174000013BA0450CD0DBF80430002BE8DC594607
:10175000504603F08BFA0028E2D0A5423FF491AE48
:10176000651B3FF4B7AD059A013200230592029A3A
:10177000049223702F443446A6E50293FCF7B0FA96
:101780004044437803F00303012BDBF8043000F0FE
:101790009680002B3FF73DAF76E710AB1846082246
:1017A00000210793FCF762FE15F0100308937DD12A
:1017B000049A13460433D2F80090049300250DF5E3
:1017C000A478FCF77BFAA8423FF45BAE9BE80C00E0
:1017D00012F8010BCBF80020013B079A00926E1C17
:1017E000CBF80430494608F80500334642465046D7
:1017F00002F0F6F9411C3FF444AEA0B9089B13BBBC
:10180000C9F800303744013C09F10409DBF8043021
:10181000002B4FF000050DDD002CD2D1089B002BD2
:101820003FF46BAF6CE7023010D1DBF80430002BD3
:101830003546C6DC5946504603F018FA0028EBD06E
:10184000002DEBD01DE63744013CDFE7089B374411
:10185000013C002BDAD1D7E7A84645462F448AE75A
:10186000002D3FF437AD2F4485E7002D7FF491AE76
:1018700007E6049D23462968CDF800B001225046B2
:1018800003F012FA2E1D00283FF4FBAD059B0496D1
:10189000029E013307440593344615E559465046E8
:1018A00003F0E4F900283FF4A6ADEAE54FF00009A3
:1018B00084E796F8028045F00205023615E5002B14
:1018C00045F001053FF7A5AEDEE6EC070CD4A8070E
:1018D0000AD5049A029E13683846F9170432049216
:1018E000C3E900013446EFE4049A029E13681F60C6
:1018F0001346043304933446E6E45946504603F055
:10190000B5F900287FF4BDAD7E4B03900693032606
:1019100098E55946504603F0A9F900283FF449AE2E
:10192000AFE55946504603F0A1F900283FF40CAE4C
:10193000A7E55946504603F099F900283FF49BAEBD
:101940009FE55946504603F091F900283FF4C5AD94
:1019500097E55946504603F089F900283FF4B1ADA8
:101960008FE5032E00F09B81042E40F03982504613
:1019700002F028F9631E02680A92B3F5AE7F40F2C6
:1019800063826FF4AE7163180C9340F25D1452AB36
:101990004FF000081A46089345F4F0654346CDF829
:1019A0003480CDF82C804646CDF824809146DBF873
:1019B00000000178A1F12B0EBEF14E0F00F247811D
:1019C000DFE81EF07A0045017A00450145016E000E
:1019D0004F004F004F004F004F004F004F004F008F
:1019E0004F004501450145014501450145014501BE
:1019F00040014501450145012801210145014501FD
:101A0000A20045014501450145018B004501450105
:101A10004501450145018500450145014501450157
:101A20007F0045014501450145014501450145014D
:101A300040014501450145012801210145014501BC
:101A4000A20045014501450145018B0045014501C5
:101A50004501450145018500450145014501450117
:101A60007F0013EB080F16D125F4C07589F800101C
:101A700009F10109DBF804100139002904F1FF34F0
:101A800007F10107CBF8041040F3EE800130CBF8EA
:101A90000000002C8BD1002E42D025F480753FE051
:101AA000EA05DED50C9A25F080050136002AE1D042
:101AB000013A0C920134DDE72A06ECD525F08005C9
:101AC000D4E7B8F1070FE6D14FF00808CEE7B8F138
:101AD000060FE0D14FF00708C8E7002B40F0DA808E
:101AE0002EB905F4E06EBEF5E06F00F03F82B8F16C
:101AF000010F02D0B8F1040FCDD108F101085FFA4F
:101B000088F8B3E765FB0000B8F1000F40F0B9803A
:101B1000002EC2D105F4E06EBEF5E06F00F0368213
:101B2000013B012B40F27D8208F1FF33062B16D8D2
:101B3000B8F1020F40F29C82B8F1030F0FD0A8F168
:101B40000404E4B26FEA0408C84419F8011D5A46B7
:101B5000504603F049F8C845F7D1013F3F1BE9055E
:101B60001CD56A0500F16F8219F8011C652909F17D
:101B7000FF3407F1FF380BD0452909D05A465046AB
:101B800003F032F819F8021CA7F10208A9F10204C7
:101B90005A46504603F028F84746A14615F0100271
:101BA0007FF4AEAD05F4C063B3F5806F89F8002013
:101BB00000F0F1810B9B002B40F0FE810899002280
:101BC0005046FDF723FFEB078046894600F13F8131
:101BD00015F0020540F03B81049C02460B46261D91
:101BE0002468FBF79DFA002840F05C824046494695
:101BF000FBF7F4FA04962060059B029E01330593DF
:101C00003446FFF761BBB8F1020F7FF444AF4FF0E9
:101C100003082BE705F4A06EBEF5806F05D06A05BA
:101C20007FF539AF002E3FF47BAFAA0504D4099AA3
:101C3000CDF83490B21A0B9225F4F06545F4C075D6
:101C4000002613E7012B7FF426AF02230EE70A9A42
:101C500092F800E08E457FF41EAFAA057FF51BAF1A
:101C600025F42075099601E759465046079302F07E
:101C7000FDFF079B00287FF40EAF002C7FF497AE8A
:101C800009E7B8F1030F3FF438AFB8F1050F3FF49F
:101C900034AF00E7022B7FF42AAF0323E6E6631E8E
:101CA000B3F5AE7F86BF6FF4AE7004EB0009C1469A
:101CB00052AB10463A464F46DDF80C90089388BF69
:101CC00040F25D1445F458651E464FF00008A1F13E
:101CD0002B034D2B51D8DFE803F07E507E50506F20
:101CE000696969696969694A4A5050505050505051
:101CF000444444444444505050505050505050502C
:101D000050505050505050275050505050505050FC
:101D1000444444444444505050505050505050500B
:101D2000505050505050502705F4C063B3F5007F19
:101D300023D125F4007545F4A0654FF010093170EA
:101D40000136DBF80430013B002BCBF8043072DDA8
:101D50000130CBF80000013C0FD0DBF80000017827
:101D6000B5E7B9F10A0F08DD25F43865E7E7BD4BA3
:101D700033F91990B9F1080FF6DCE9051746CDF8EB
:101D80000C9007D5089B9E4200F2F480089B9E426F
:101D90003FF4A0AA15F0100400F09280089BF61AF8
:101DA00046443744029E3446FFF78EBAAD4B25F4C5
:101DB000386533F91990C2E72B05C0D5B9F1000F8A
:101DC00003D145F400754FF008096B0540F1C08060
:101DD00025F4B065B3E72B06CFD525F08005AEE737
:101DE000002C08BF4FF0FF3415F001037FF462AC04
:101DF000E90633D51D46FBF773FFDBF800301A7890
:101E000010440133427812073FF5C3ABDBF80420DE
:101E1000CBF800300135531EAC42CBF804303FF410
:101E2000B8AB002BE7DC5946504602F01FFF0028F4
:101E3000E1D0FFF7AEBB59465046039202F016FFC1
:101E4000039A002887D098E7CDF830809FE5049A60
:101E5000136804320492C3E90089CDE6049A156838
:101E6000161D2C44A846FBF73BFFDBF80020137837
:101E70001844511C43781B0715D4DBF80430CBF809
:101E80000010013BCBF80430137808F8013B4445BF
:101E90000AD0DBF80430002BE5DC5946504602F04E
:101EA000E5FE0028DFD04446059A0496029E651B95
:101EB0000023013223702F4405923446FFF704BA01
:101EC00022463470039B0899069C5046A047AA06F8
:101ED00046D46B077BD5049A1368043204921880A9
:101EE000059B0133059359E7FBF7E8FE86423FF473
:101EF000C8AA9BE80C0012F8010BCBF80020079A47
:101F0000009252AA751C013B9055CBF80430414613
:101F10002B46504601F064FE461C3FF4B2AA00284E
:101F20006BD1C8F8000001F03DFE002800F0AF8042
:101F3000002D3FF4DDAB52AB5C19013D5A4614F85D
:101F4000011D504602F050FE002DF6D1FFF7D0BB28
:101F500025F460750FB1013F013408F10108F0E686
:101F6000049A1368043204921860B9E725F4F06506
:101F700001237BE516F8011C5A46504602F034FE58
:101F8000013E03E70DF13C08FFF7A5BB25F4F06522
:101F90004FF001086AE5099BF61A7242002E3FF4E1
:101FA0000DAE0DF29B23994528BF0DF29A294846A4
:101FB0002D49FCF7AFFC01E60D9C21460A230131B7
:101FC0005046FDF7CFFD0B9BA146C21AE9E715F07D
:101FD0000102C5D1AC07C3D5069B1946234B9942D4
:101FE0005046039B089963D002F09EFB049A136845
:101FF00004320492C3E9000172E7023020D12E4678
:10200000DBF80430002B3FF767AB5946504602F02F
:102010002DFE00283FF460AB002E7FF432AAFFF7BC
:1020200067BB089B99457FF655A919F8011D5A46CB
:10203000504602F0D9FD089B9945F6D1FFF74AB901
:10204000D8F800006FE7089B99457FF643A919F877
:10205000011D5A46504602F0C7FD089B9945F6D12E
:10206000FFF738B9A05D0100C45D0100B54801006B
:10207000089B99457FF62EA919F8011D5A4650462E
:1020800002F0B2FD089B9945F6D1FFF723B92F4422
:10209000013CB9F1000F03D108F104084E46AFE747
:1020A0000646ADE7284602F065FA04962060A3E5EF
:1020B00002F008FD9AE700BFF0B5ADF5057D04AD6F
:1020C00000930F4613464FF4007403AA2946039465
:1020D000064602F067FE88B1044602463946039B75
:1020E000304600F029F8AC42039004D03046214637
:1020F00001F0BCF803980DF5057DF0BD4FF0FF3001
:10210000F9E700BF10B4044C13460A4601462068A4
:1021100010BCFFF7D1BF00BF0805002021B1FF2A86
:1021200004D80A7001207047084670478A2303606C
:102130004FF0FF30704700BF70B50D46084C114698
:1021400006461A46284600232360FAF74DF8431C3A
:1021500000D070BD2368002BFBD0336070BD00BF82
:102160008C5800202DE9F047254C2568D5F84841CA
:102170000646884692469946C4B360681F2817DC15
:10218000431C76B104EB80050122C5F888A0D4F881
:10219000881182401143022EC4F88811C5F80891B5
:1021A0001ED00230636044F820800020BDE8F08734
:1021B000144B03B34FF4C870FBF79CFD0446D0B139
:1021C000D5F84831002780E88800C5F848413846EE
:1021D0000123C4F88871C4F88C71002EE1D0D1E7D6
:1021E000D4F88C110A43C4F88C21DAE705F5A674FB
:1021F000C5F84841C1E74FF0FF30BDE8F08700BFA8
:10220000D45C0100F5DC0000024B13B1024800F081
:1022100005B8704700000000A93101000023014605
:102220001A461846FFF79EBF02690B69934200F3F6
:102230008D802DE9F04F03F1FF3801F1140700F113
:10224000140B57F828205BF828304FEA880483B035
:102250000132B3FBF2F90BEB0403009407EB040A21
:102260000193B9F1000F39D00025BC46DE462B465C
:102270005CF8046BDEF80020B4B209FB0455360CA0
:102280002C0C09FB0644ADB25B1BA6B213FA82F319
:10229000C6EB124606EB23469BB243EA0643E245F1
:1022A0004EF8043B4FEA14454FEA2643E0D2009B28
:1022B0005BF8033093B9019C231F9B450CD254F863
:1022C000043C4BB9A4F1080302E01A68043B1AB9B4
:1022D0009B4508F1FF38F8D3C0F81080044601F0A0
:1022E00001FF00282EDB09F101095D46002357F8A4
:1022F000041B28688AB29A1A090C12FA80F2C1EB00
:10230000104303EB224391B241EA0341BA4545F839
:10231000041B4FEA2343EAD25BF828200BEB880327
:1023200082B91A1F93450BD253F8042C42B9083BCB
:1023300002E01A68043B1AB99B4508F1FF38F8D34C
:10234000C4F81080484603B0BDE8F08F0020704705
:102350002DE9F04F016C97B08146239C92469B4635
:1023600049B1426C4A60012393408B6001F08CFCC0
:102370000023C9F84030BBF1000FD84633DB0023FF
:102380002360A54B1A4608EA0303934214D0504633
:10239000594600220023FAF791FE054648B3229AD7
:1023A00001231360249B002B00F0C5809B4818601C
:1023B000013817B0BDE8F08F229A42F20F73136014
:1023C000BAF1000F00F0A2809548249B002BF0D0BA
:1023D000C378002B00F0B18000F10803249A136049
:1023E00017B0BDE8F08F01232BF000482360C346EF
:1023F000C7E714AA15AB0192009352465B464846C4
:1024000001F0A6FF5FEA1854089040F08880149D00
:10241000159C2C4404F23243202B40F39182C3F1EB
:10242000400304F2124008FA03F82AFA00F040EAE6
:102430000800FAF765FB0123013CA1F1F871109344
:102440000022784BFAF71EFA6DA3D3E90023FAF7BE
:10245000CDFB6DA3D3E90023FAF716FA0646204612
:102460000F46FAF75DFB6AA3D3E90023FAF7BEFB38
:1024700002460B4630463946FAF706FA06460F463C
:10248000FAF764FE00220490002330463946FAF73A
:102490001FFE002840F03082049E162E00F2298292
:1024A000614B03EBC603D3E9000152465B46FAF7E2
:1024B0002DFE002800F04982731E049300230C9324
:1024C0002C1B631E029300F1328200230593049BB0
:1024D000002BC0F22382029A0B9311461944002369
:1024E00002910A93209B092B29D8052B40F358868B
:1024F000043B20930025209B023B032B00F23586F2
:10250000DFE813F02C03280237035904444B474AF1
:10251000C8F31300002814BF1846104655E7CBF344
:10252000130343F07F5110955046A4F2FF3441F459
:102530004011149D84E73E483BE7C31C4EE7002151
:10254000C9F844104846209101F078FB4FF0FF3362
:102550000693209A0D93012307902192C9F8400019
:102560000993159B002BC0F2D180049A0E2A00F328
:10257000CD802D4B03EBC203D3E90034CDE9023407
:10258000219B002BC0F2008356465F4650465946B9
:10259000DDE902AB52465B46FAF752FCFAF7D6FD8C
:1025A0000446FAF7BDFA52465B46FAF71FFB0B46A4
:1025B000024639463046FAF765F9079D04F13003C3
:1025C0002B70069B012B06460F4605F1010562D0D4
:1025D0000022184BFAF70AFB0022002306460F469A
:1025E000FAF76CFD00287ED1CDF81490DDF818A024
:1025F000DDF81CB0DDE9028929E000BFAFF30080FF
:1026000061436F63A787D23FB3C8608B288AC63FF8
:10261000FB799F501344D33F0000F07F8D5D010094
:10262000DC5E01000000F83FE05F0100D05E0100C9
:102630008C5D010000002440FAF7D8FA0022002344
:1026400006460F46FAF73AFD002840F0B7834246A7
:102650004B4630463946FAF7F3FBFAF777FD044666
:10266000FAF75EFA42464B46FAF7C0FA02460B46C4
:1026700030463946FAF706F904F1300E05F801EB59
:10268000CBEB050ED64506460F464FF00002B04B89
:10269000D2D1DDF8149032463B4630463946FAF73F
:1026A000F3F806460F4602460B46DDE90201FAF74B
:1026B0000FFD40B932463B46DDE90201FAF7FEFC68
:1026C00088B1E3070FD515F8014C079A6B1E04E09B
:1026D0009A4200F02C8413F8014D392C03F10105C6
:1026E000F6D001341C700899484601F0CDFA00225A
:1026F000049B2A70229A01331360249B002B00F064
:10270000A78307981D6017B0BDE8F08F099A002ACB
:1027100000F01281209A012A40F35882069B0A9AFF
:102720005F1EBA42C0F29783D71B069B002BC0F2F4
:102730008A84059D069B059A1A440592029A0121F6
:102740001A444846029201F083FB064665B102999D
:1027500000290B4608DDA942059AA8BF2B46D21ACC
:10276000ED1ACB1A059202930A9B002B40F3FC82D0
:10277000099A002A00F00182002F00F0FE81314604
:102780003A46484601F006FCDDF820800146424604
:102790000646484601F066FB41460446484601F0BD
:1027A00073FA0A9BDB1B0A9340F0E681012148463D
:1027B00001F04EFB0B9B8046002B00F01982014676
:1027C0001A46484601F0E6FB209B012B804640F369
:1027D000F8820027D8F8103008EB8303186901F05D
:1027E000E9FAC0F12000029A104410F01F0000F036
:1027F000F681C0F12003042B40F3CA84059BC0F18D
:102800001C00034405931346034405440293059BAF
:10281000002B05DD21461A46484601F00BFC044614
:10282000029B002B05DD41461A46484601F002FC9A
:1028300080460C9B002B40F07C82069B002B40F3D3
:102840009582099B002B40F0F581DDF81CB0069FB6
:102850005D4602E001F022FA044641462046FFF7B9
:10286000E3FC00F1300A05F801ABCBEB0503BB42FA
:102870004FF00A024FF0000321464846EADB079B6F
:10288000069A012AACBF9B1801331D464FF0000B7E
:1028900021460122484601F0CDFB4146089001F057
:1028A00021FC002840F30D8315F8012C07996B1EBD
:1028B00004E08B4200F0788213F8012D392A03F1ED
:1028C0000105F6D001321A704146484601F0DCF9A4
:1028D000002E3FF408AFBBF1000F05D0B34503D085
:1028E0005946484601F0D0F93146484601F0CCF946
:1028F000F9E601230C93E3E5DDF810804046FAF792
:102900000FF902460B4630463946FAF7D7FB002846
:102910007FF4C2AD08F1FF330493BDE5059A049B33
:10292000D21A5B420A93002305920B93DAE55B42CD
:10293000059300230293CAE50A9F059D099E05E7BA
:10294000C3F120080AFA08F073E50C90B8E500BF5F
:102950000000244000230993049B219A13440D9303
:102960000133002B069340F38382069C2646002108
:10297000172EC9F844100BD9012204235B0003F180
:102980001400B042114602F10102F7D9C9F844100F
:10299000484601F053F90E2C0790C9F840003FF665
:1029A000E0AD002D3FF4DDAD04995746D84600292F
:1029B000CDE90E7840F39282914B01F00F020E1197
:1029C00003EBC203F006D3E9004540F14C828D4B86
:1029D00050465946D3E90823FAF732FA06F00F06B3
:1029E00082468B464FF0030886B1864FF10709D522
:1029F00020462946D7E90023FAF7F8F808F101083C
:102A000004460D46761007F10807EFD122462B4603
:102A100050465946FAF714FA06460F460C9B43B146
:102A20000022794B30463946FAF752FB002840F035
:102A300020834046FAF774F832463B46FAF7D6F858
:102A4000724B0022F9F720FF069B0446A1F1507556
:102A5000002B00F0DF81049BDDF818801193099BA7
:102A6000002B00F09782664B694903EBC80353E9DA
:102A700002230020FAF7E4F922462B46F9F702FF79
:102A800082468B4630463946FAF760FB0446FAF731
:102A900047F802460B4630463946F9F7F3FE303424
:102AA000079DE4B206460F462C7002460B46504680
:102AB00059460135FAF72AFB00284CD132463B46ED
:102AC00000205149F9F7DEFE02460B4650465946B2
:102AD000FAF71CFB002840F00D83B8F1010F40F31A
:102AE000B381079B98440DE000204749F9F7CAFEDF
:102AF00052465B46FAF7ECFA002840F0FB82454567
:102B000000F0A281504659460022424BFAF76EF877
:102B10000022404B82468B4630463946FAF766F82B
:102B20000F460646FAF712FB0446F9F7F9FF02468C
:102B30000B4630463946F9F7A5FE3034E4B252462A
:102B40005B4605F8014B06460F46FAF7C1FA3246D6
:102B50003B460028C8D0119B0493C4E50023099389
:102B6000219B002B40F389811E461C460D93069342
:102B7000FDE601230993F3E708940A9A0899484669
:102B800001F008FA044611E6069B002B3FF7FCAC67
:102B900040F0DA820022204BDDE90201FAF726F844
:102BA00052465B46FAF7A8FADDF818804646002838
:102BB00000F0F280219B079DDB4304934146484689
:102BC00001F062F8002E3FF48EAD8DE6109A002AD7
:102BD00000F0418203F233430A9F059DABE51C20C0
:102BE000059B03440593029B0344054402930EE6B0
:102BF000209B012B40F382820B9F0120F3E500BF55
:102C0000E05F0100B86001000000F03F00001C40E0
:102C10000000E03F00002440000014403146002343
:102C20000A22484601F03AF80D9B002B064640F375
:102C300097820693002D05DD31462A46484601F06D
:102C4000F9F90646002F40F07C810596069B079A0D
:102C5000DDF814B0013BD31808930AF0010309937F
:102C60001746C24651462046FFF7DEFA3146054672
:102C7000204601F037FA5A4602905146484601F084
:102C800051FAC268804605F13003002A49D1014655
:102C90002046069301F026FA41460590484600F08A
:102CA000F3FF059A069B2AB9209919B909990029B9
:102CB00000F0368202990029C0F2E48005D1209903
:102CC00019B90999002900F0DD80002A00F34D812F
:102CD000089A3B7007F101089742454600F054817D
:102CE000214600230A22484600F0D8FF5E450446EC
:102CF00031464FF000034FF00A0248460BD000F077
:102D0000CDFF5946064600230A22484600F0C6FF7A
:102D100047468346A6E700F0C1FF4746064683467E
:102D2000A0E701464846059300F0AEFF0122059B4F
:102D3000C0E74146204601F0D5F90028BFF67DAD39
:102D40002146049C0023013C0A224846049400F0DA
:102D5000A5FF099B0446002B7FF460AF0D9B002B61
:102D600040F3F681069370E5089C1FE5209B022B3B
:102D70007FF767AD069B002B40F079814146052225
:102D8000484600F08BFF01468046204601F0AAF934
:102D9000002808947FF70EAF049A07993123013277
:102DA00004920B704D1C09E7049A01320492079AB1
:102DB0003123137088E501230993CDE5DDF81490E4
:102DC00091E4BAF1000F7FF404ADCBF31303002BB1
:102DD00040F03F812BF000473F0D3F0537B1059B89
:102DE00001330593029B0133029301270B9B0120C2
:102DF000002B3FF4F8ACEDE44046F9F791FE324683
:102E00003B46F9F7F3FE0022BF4BF9F73DFD0446C0
:102E1000A1F15075304639460022BC4BF9F732FD1E
:102E200022462B4606460F46FAF770F980460028E0
:102E300040F00581224605F1004330463946FAF755
:102E400047F908B14646B5E6DDE90EABFFF789BBA9
:102E50000798FFF7AEBA0A9B0B9A0A97FB1A1A4417
:102E60000B92002761E4DDE90EAB4FF00208BBE5F1
:102E70001C460021C9F844108AE5012421940D94D0
:102E80000694F6E7002AD046CDF814B09A4611DD34
:102E900021460122484601F0CDF84146044601F0A2
:102EA00021F9002840F34981BAF1390F00F0068179
:102EB00005F1310AB34687F800A07D1C059E0894F1
:102EC00002E504D11AF0010F01D0EDE4154615F822
:102ED000013C302B05F1FF32F8D0F5E4049B5C4255
:102EE000002C00F0BF808A4B04F00F0203EBC203FA
:102EF000D3E90023DDE90E01F9F778FE2411064637
:102F00000F4600F02A81834D4FF00208E20709D5F1
:102F100030463946D5E90023F9F768FE08F1010883
:102F200006460F46641005F10805EFD176E50799CE
:102F300030220A70049A15F8014C01320492FFF70E
:102F4000D0BB7168484600F079FE33699A1C05468B
:102F5000920006F10C010C30F7F708FA294601221D
:102F6000484601F067F8059070E6392BCDF814B0AB
:102F7000D04600F0A38003F1010AB34687F800A011
:102F80007D1C059E08949FE45A46D046B3469A4657
:102F900016467DE45E4908F1FF3A01EBCA0122467C
:102FA0002B46D1E90001F9F721FECDE9120139469E
:102FB0003046FAF7CBF80446F9F7B2FD02460B4665
:102FC00030463946F9F75EFC079A3034B8F1010F04
:102FD00006460F46147002F101051ED0079B03EB55
:102FE000080BA84600224C4B30463946F9F7FEFD47
:102FF0000F460646FAF7AAF80446F9F791FD303471
:1030000002460B4630463946F9F73CFC08F8014BBE
:10301000C34506460F46E5D1554400223F4BDDE946
:103020001201F9F731FC32463B46FAF751F8002815
:103030004CD0119B049315F8014CFFF746BB4FF0A1
:1030400000084646A8E6059B069A9D1A0023FFF74E
:1030500072BB0027CAE6149B0A9F059DC3F1360385
:10306000FFF769BBDDE90E674FF00208D6E408946C
:10307000A0E5069B002B3FF4BFAE0D9B002B7FF716
:10308000E3AE0022244B30463946F9F7AFFD064641
:103090000F4608F10100F9F743FD32463B46F9F7C8
:1030A000A5FD0022184BF9F7EFFB049ADDF83480F8
:1030B000013A0446A1F150751192D0E43922B34689
:1030C0000894059E3A707D1CFFF7F0BBDDE91223E2
:1030D00000201249F9F7D6FB32463B46FAF716F8BC
:1030E00008B9B1E6154615F8013C302B05F1FF3261
:1030F000F8D030E5119B0493FFF7E7BABAF1000F5F
:103100007FF47AAD61E600BF00001C40000014406F
:10311000E05F0100B8600100000024400000E03FD3
:10312000392BCDF814B0D046DDF808B09A46C5D09A
:10313000BBF1000F3FF7BCAEBCE67FF4BBAE1AF0AC
:10314000010F3FF4B7AEAFE64FF00008464631E559
:10315000209B022B21DC0D9B04E64FF002085DE46E
:10316000209B022B19DC0D9B63E50024C9F8444029
:103170002146484600F062FD4FF0FF3306930D9361
:10318000012307902194C9F840000993FFF7E9B99A
:103190003FF43DABC0F13C0022E50D9B0693E9E511
:1031A0000125FFF7A8B900BF38B5074D074C2C1B08
:1031B000A41005D0013C55F8043D9847002CF9D1E6
:1031C000BDE8384002F0AEBF000000000000000083
:1031D000F8B5234F0C460646FBF796F9BB685D68C9
:1031E00025F00305291B01F6EF7121F47F6121F021
:1031F0000F01A1F58054B4F5805F07DB0021304654
:10320000FBF776FBBB682B44984204D03046FBF7B3
:103210007DF90020F8BD61423046FBF769FB0130C3
:103220000DD0104BBA6819682D1B45F001053046CA
:10323000091B55601960FBF769F90120F8BD0021F1
:103240003046FBF755FBBA68831A0F2BDEDD064CC0
:103250000449246843F00103001B53600860D5E76C
:103260007806002040580020840A0020002945D01C
:103270002DE9F0410D468046FBF746F955F8047CF0
:103280006A4927F00103A5F10804E2188E68506826
:10329000B24220F0030062D0FE0750600BD455F814
:1032A000087CE41B01F1080EA56875453B446FD00E
:1032B000E768EF60BD6015186D68ED0742D543F013
:1032C00001026260E350B3F5007F18D2DB085A1C9C
:1032D0004D6851F83270A76001209B1000FA03F38B
:1032E00001EBC2001D430838E0604D6041F83240F8
:1032F000FC604046BDE8F041FBF708B970475A0A48
:10330000042A53D89A0902F139077F0002F13805DF
:1033100001EB870051F827204449083890424DD0EE
:10332000516821F003018B4202D292689042F7D19A
:10333000D068E060A2608460D4604046BDE8F0419F
:10334000FBF7E4B895683A4FBD4203443FD0D068DC
:10335000E86043F0010285606260E350B3E7FF0775
:10336000034407D455F8082CA41A1344A068E26853
:10337000C26090602F4A126843F00100934260607F
:103380008C60B6D32C4B40461968FFF721FFB0E79D
:1033900011184968C90744D49168D268CA600344C7
:1033A00043F0010091606060E350A2E7142A17D84F
:1033B00002F15C077F0002F15B05A9E7AA104B68E8
:1033C000012505FA02F213434B600246B1E743F0D0
:1033D00001024C610C61E560A5606260E35088E722
:1033E000542A06D81A0B02F16F077F0002F16E050E
:1033F0008EE7B2F5AA7F06D8DA0B02F178077F00D4
:1034000002F1770584E740F25450824206D89A0CC4
:1034100002F17D077F0002F17C0579E7FE277E251A
:1034200076E743F001026260E35062E7780600202D
:1034300080060020800A00203C58002002694B11C1
:1034400093422EDAF0B511F01F0100F1140606EBDD
:10345000820206EB830E29D056F823300EF10405C4
:10346000AA4223FA01F4C1F1200C39D900F1100766
:103470002B6803FA0CF3234347F8043F55F8043B49
:10348000AA4223FA01F4F3D8CEEB0202053A22F065
:10349000030204323244146004B10432931B9B10C3
:1034A00016E000230361002343617047724512D97F
:1034B00000F11004714651F8045B44F8045F8A423D
:1034C000F9D86FEA0E03134423F0030304339B106F
:1034D000036113B1F0BD0023036100234361F0BD1C
:1034E0003246D8E72DE9F04F8BB089460590169803
:1034F0000392089300F064FB0368029318461C468D
:10350000FBF75EFAD9F8003000909A782118302A3B
:1035100011F801BC40F0A98103334FF000081C46AC
:1035200013F8012B302A08F10108F8D0B24EB35C31
:10353000002B00F0F08023784FF0000AF35C554632
:10354000274623B117F8013FF35C002BFAD1009A0C
:1035500002993846FBF7A2FA002800F092803B78E7
:10356000002D00F07181ED1BAA000192502B00F09C
:103570009180702B00F08E803D46C9F80070BAF142
:10358000000F40F0B7802B1B013B072B514604DD99
:103590005B10072B01F10101FADC059800F04EFBEE
:1035A00003461433A5420490079340F2D381994611
:1035B000009B4FF00008C3F10103474606930FE05C
:1035C000202F00F09F803A46043715F8013CF35C49
:1035D000554603F00F039340A54248EA030815D966
:1035E00015F8013C5B4505F1FF3AE9D1069B5344D0
:1035F000A342E5D31846009A02990993FBF74EFAC5
:10360000099B0028DCD11D46A542E9D849F8048B66
:10361000079B049AC3EB09094FEAA90313614046CB
:103620004FEA431900F0C6FB039B1E68C0EB09007C
:10363000B04200F3E380C0F209810027039B019AA6
:103640009B689A4200F397800398019943689942D6
:1036500080F2B5805D1AAE4200F30F81C268022A83
:1036600000F07F81032A00F05C81012A00F07D8157
:103670000598049900F008FB149A00231360502069
:103680003DE0002D00F019813B786CE700230193A9
:103690004FF0010A7B782B2B00F0AC802D2B75D0DE
:1036A000791C0025F35C54485A1E182A3FF664AF73
:1036B0004A78825C501E1828A3F1100301F1010121
:1036C0000BD811F8010F03EB830302EB4303325CC9
:1036D000501E1828A3F11003F3D905B15B42019ADB
:1036E0003D461A440F460192C9F80070BAF1000F26
:1036F0003FF449AFB8F1000F0CBF062000200BB01B
:10370000BDE8F08FC9F800804FF0000809F1040906
:103710004246042759E7009D02992A462046FBF7B6
:10372000BDF9002836D023782746502BAED0702B19
:10373000ACD0C9F80070DDE7049B9B689F4280F223
:1037400034813B46049800EB830201210133022CB3
:103750000361516100F018819F4280F2DB800121FA
:103760000498FFF76BFE039B019A9B6801329A4213
:10377000019240F3D2800598049900F085FA149ADA
:103780000023A32013600BB0BDE8F08F0125BB78A8
:10379000B91C87E7625DB35C6719002B69D0302ADA
:1037A0003C4604D114F8013F302BFBD0F35CB3FA54
:1037B00083FA3D464FEA5A1A4FF00108C0E6012449
:1037C00067B1039BDB68022B00F08580032B00F0C0
:1037D0008680012B00F0B58044F01004149B1A463B
:1037E000049B1360089B1A46019B136020460BB094
:1037F000BDE8F08F0025CAE7E05E0100841B21468A
:10380000049800F04FFE002835D0621E5111079831
:1038100002F01F0350F82110012707FA03F30B42AF
:103820000AD0BA4240F39B80A11E049800F03AFEF1
:10383000002800F094800327019B0498234421462C
:103840000193FFF7FBFDF9E601958FE6341A049921
:103850000598224600F0EEFB019B04901B1B019390
:103860000346143307930027E8E69C1C4FF000083A
:103870005CE6134659E70746DEE76C1E002F4ED183
:1038800024B12146049800F00DFE07466311079A03
:10389000049852F8232004F01F04012303FA04F4CF
:1038A0001442294618BF47F00207FFF7C7FD039BE4
:1038B0005B680193761B022482E700997B5CF25CD3
:1038C0007D182F46002A3FF44EAE17F8013FF25CF8
:1038D000002AFAD147E6159BC3F101031593159B06
:1038E000002B3FF479AF049B079D1F694FEA8708BF
:1038F00005EB08002B46002104E043F8041B984226
:103900007FF61AAF1A68B2F1FF3FF6D00132022CEF
:103910001A6039D016F01F063DD121245EE7012739
:10392000B4E7159A002A3FF4A3AE08990B60079BF1
:10393000049901220A611A60149B1A4662201160E0
:10394000DDE6BA077FF548AF079B1B683B43DB0703
:10395000C9D441E7DDF81C904FF0000856E6022775
:103960006AE7159A002AE0D082E6AE427FF480AE84
:10397000012EDADD711E049800F094FD00283FF45A
:1039800077AE039B5B68D0E7039B1B68013B9E42BD
:1039900024D0222422E74544C6F1200655F8040C21
:1039A00000F008FAB042B8DAD9E6049BDDF81490CA
:1039B00059684846013100F041F904990B699A1C95
:1039C000054692000C310C30F6F7D0FC04994846BD
:1039D00000F05AF904952B691435B3E6731106F01B
:1039E0001F0655F823200123B340134214BF21249E
:1039F0002224F3E630B4046808E014F8013FA3F190
:103A00004105192D98BF2033934208D111F8012B9D
:103A1000002AF2D101340460012030BC704700203C
:103A200030BC70472DE9F04F0B68DFF8749185B01A
:103A3000591102EB810113F01F0301911CBF0431E6
:103A40000191019C029003930023194644F8043C21
:103A50009A469E46029BA4F1040C1D68E04660460F
:103A600015F8013F23B319F80340002C43D1202B54
:103A70005DD8D645F4DD404513D2072911DCC1F1EC
:103A8000080189000668C1F1200B03465F6807FA48
:103A90000BF4344327FA01F61C6043F8046F984591
:103AA000F4D890423AD815F8013F0821002BDAD11A
:103AB000BEF1000F3DD0404501D207295CDD9042A8
:103AC0003BD9134650F8041B43F8041B8445F9D234
:103AD000002143F8041B9C45FBD2019B53F8043C96
:103AE0002BB962453AD05CF8043D002BF9D0052093
:103AF00005B0BDE8F08F013108290EF1010E06DD99
:103B00009042ADD9002340F8043C012104380368F9
:103B100004F00F0444EA03140460A1E70023A0F1B9
:103B2000040840F8043CF2464046194698E7292B21
:103B30001BD0042005B0BDE8F08F039B002BCCD038
:103B4000019C039B54F8041CC3F120034FF0FF3089
:103B500020FA03F30B4044F8043CC1E7012305209D
:103B6000CCF8003005B0BDE8F08F029B01351D6038
:103B7000BEF1000F9FD1DCE7C1F108039B0005688F
:103B8000C3F1200701464E6806FA07F42C4326FAD3
:103B900003F50C6041F8045F8845F4D88FE700BF57
:103BA000E05E0100FF2801D90020704710B50446EF
:103BB000FAF796F82044407800F00800C0B210BD33
:103BC000F0307047044A054B1268506B002808BF5C
:103BD0001846F030704700BF080500200C05002093
:103BE000F0B583B00746089D92B1114C114E246880
:103BF000646B0095002C08BF3446D4F8E440A0471D
:103C0000431C03D100228A232A603B6003B0F0BD2D
:103C1000074B08491B685B6B0095002B08BF0B46E0
:103C200014462146044AD3F8E4400123A047E7E7BD
:103C3000080500200C050020F0500100C36C70B591
:103C400005460C464BB153F8240080B1026843F896
:103C5000242000230361C36070BD2122042101F0F0
:103C6000D1F8E86403460028EDD1002070BD0121A1
:103C700001FA04F6721D2846920001F0C3F80028EC
:103C8000F3D044608660E4E731B1C36C4A6853F80E
:103C90002200086043F82210704700BFF0B50C699D
:103CA00083B00D46064601F1140E0027DEF8000031
:103CB00081B202FB01310B0C000C02FB003389B214
:103CC000013701EB0341BC424EF8041B4FEA13439A
:103CD000ECDC3BB1AA68944207DA05EB84020134BC
:103CE00053612C61284603B0F0BD6968019301312E
:103CF0003046FFF7A3FF2A69023205F10C0107469F
:103D000092000C30F6F732FBF26C6968019B52F8B6
:103D10002100286042F821503D46DEE72DE9F843B6
:103D2000234C089D1F46083384FB034EDB17C3EB6F
:103D30006E0EBEF1010F06460C46904635DD01239E
:103D400000215B009E4501F10101FADC3046FFF7DE
:103D500075FF0123B8F1090F4561036121DD04F10D
:103D600009094D46444415F8013B0146303B0A22FF
:103D70003046FFF793FFA542F5D109EB0804083C54
:103D800047450CDDC8EB0707274414F8013B014603
:103D9000303B0A223046FFF781FFA742F5D1BDE84C
:103DA000F8830A344FF00908EAE70021CEE700BFA4
:103DB000398EE338030C1B04B3B90004102310F050
:103DC0007F4F04BF0002083310F0704F04BF0001A2
:103DD000043310F0404F04BF80000233002807DB9B
:103DE000420003D4202070470023E8E7581C7047A6
:103DF00018467047036813F0070207D0D90720D48C
:103E00009A0720D49B0803600220704799B209B931
:103E10001B0C102213F0FF0F04BF1B0A08321907F6
:103E200004BF1B090432990704BF9B080232D9075B
:103E300004D45B0801D12020704701320360104692
:103E40007047002070475B0803600120704700BF87
:103E500010B50C460121FFF7F1FE01224461026119
:103E600010BD00BF2DE9F04F0D691769BD4283B049
:103E70000C46164604DA2A4634463D460E46174698
:103E8000A368616805EB07089845C8BF0131FFF7D3
:103E9000D5FE00F1140C0CEB8809CC45009005D23E
:103EA0006346002143F8041B9945FBD806F1140230
:103EB00002EB870A04F11403524503EB850E54D23A
:103EC000CDF80490994652F8043B1FFA83FBBBF1EE
:103ED000000F20D000204F466646054600E01E46F3
:103EE00057F8044B3068A1B283B20BFB0131240CAC
:103EF000000C4B190BFB040000EB134099B2334646
:103F000041EA0041BE454FEA104543F8041BE6D89C
:103F1000756052F8043C5FEA134B20D0DCF80030A7
:103F2000674618464D46002100E037462C88000CB5
:103F30000BFB040001449CB23E4644EA014346F8B0
:103F4000043B786855F8044B83B2240C0BFB043413
:103F500004EB1143AE454FEA1341E6D87B6092452E
:103F60000CF1040CAFD8DDF80490B8F1000F0BDDB4
:103F700059F8043CA9F104091BB105E059F8043DC6
:103F800013B9B8F10108F9D10098C0F8108003B056
:103F9000BDE8F08F12F003032DE9F0411446074607
:103FA0002ED10E46A4101CD0BD6C95B3E3074FF084
:103FB000000806D4641014D02868A8B10546E307A9
:103FC000F8D52A4631463846FFF74CFFB6B172683D
:103FD000FB6C641053F82210316043F822600646EF
:103FE000EAD13046BDE8F0812A4629463846FFF737
:103FF00039FF2860C0F800800546E0E70646D9E7AB
:104000005A1E0B4D002355F82220FFF747FE0646A7
:10401000C8E701213846FFF711FE40F27121012265
:104020000023416102610546B8640360BEE700BF3A
:10403000A86001002DE9F04791460A698B684FEAB4
:10404000691404EB020808F101059D420E46824600
:10405000496804DD5B009D4201F10101FADC504634
:10406000FFF7ECFD002C00F1140238DD02EB8403B5
:10407000002142F8041B9342FBD1346906F114017C
:1040800019F01F0901EB840E21D0C9F12002002490
:104090000F6807FA09FC4CEA04049C4643F8044BF9
:1040A00051F8044B8E4524FA02F4F1D8CCF80440C0
:1040B0000CB108F10205DAF84C307268013D53F892
:1040C00022100561316043F82260BDE8F087043BAF
:1040D00051F8042B43F8042F8E45F9D8EBE713462B
:1040E000CBE700BF02690B69D21A12D19B001430D2
:1040F0001431194410B4034401E098420BD253F830
:10410000044D51F8042D9442F7D007D3012010BC80
:10411000704710467047002010BC70474FF0FF30CA
:10412000F5E700BF2DE9F8430B690F4611695B1AEB
:10413000002B904617D1890007F1140208F11405ED
:104140005318294401E09A425ED253F8046D51F8A5
:10415000044DA642F7D060D23B46144647464FF086
:104160000109984606E05DDB07F1140502F114042D
:104170004FF000097968FFF761FDD8F810303E690B
:10418000C0F80C9004EB830CA64605EB860700F103
:10419000140400235EF8041B55F8048B8AB213FA4A
:1041A00088F3090C9A1AC1EB184303EB224392B22D
:1041B00042EA0342F44544F8042B4FEA2343E9D88A
:1041C000AF4217D9A446294651F804EB13FA8EF2F0
:1041D000131403EB1E4392B242EA03428F424CF89F
:1041E000042B4FEA2343EFD8ED433D4425F003056C
:1041F00004352C44043C22B954F8043D013E002B04
:10420000FAD00661BDE8F8830021FFF717FD01220F
:10421000002302614361BDE8F8832C464FF000099A
:104220001546A7E73B4607F1140408F11405474675
:104230004FF0010998469DE70F4B0B40A3F15073D7
:10424000002B02DD0020194670475B421B15132B23
:104250000BDD143B1E2BDDBFC3F11F03012202FA4D
:1042600003F301230021184670474FF40022002079
:1042700042FA03F1704700BF0000F07F2DE9F041E2
:10428000066900F1140808EB860656F8047C3846E7
:10429000FFF790FDC0F120030A280B60A6F104038C
:1042A0001ADC984538BF56F8083CC0F10B0227FAD3
:1042B00002F138BF23FA02F200F1150341F07F55F5
:1042C00028BF002207FA03F345F4401543EA02042D
:1042D00020462946BDE8F081984520D2B0F10B0276
:1042E00056F8081C1ED007FA02F040F07F50C2F1C9
:1042F0002007A6F1080340F4401021FA07FE984574
:1043000040EA0E0520D256F80C3C01FA02F023FADE
:1043100007F20243144620462946BDE8F0810B38D7
:1043200009D1014647F07F550C4645F4401520461B
:104330002946BDE8F08107FA00F040F07F550022E1
:1043400045F440151446E6E701FA02F21446E2E7A6
:104350002DE9F04182B001211C46C3F30A571546EE
:10436000089EFFF76BFCC4F3130480460FB144F4BE
:10437000801401941DB302A840F8085DFFF73AFDD0
:10438000002834D19DE80C00C8F81420002B0CBF85
:1043900001210221C8F81830C8F81010DFB908EB65
:1043A0008103A0F2324030601869FFF703FD099BDA
:1043B000C0EB41101860404602B0BDE8F08101A892
:1043C000FFF718FD019BC8F8143001212030C8F810
:1043D0001010002FE3D0099BA7F233470744C0F128
:1043E000350037601860404602B0BDE8F0819DE8B6
:1043F0000C00C0F1200103FA01F10A43C34001930C
:10440000C8F81420C2E700BF2DE9F04383B00E4680
:1044100069460746FFF732FF04460D46304601A9BC
:10442000FFF72CFF89469DE80A003A693669C91AE8
:10443000961B01EB4613002B80460BDD05EB035169
:104440000D4642464B4620462946F8F7F9FC03B094
:10445000BDE8F083A9EB0357B946F2E770B41469DD
:1044600002F1140301394E1103EB84040136A34217
:1044700000EB86060CD2011F53F8045B41F8045F81
:104480009C42F9D8A31A153B23F0030304331844C4
:10449000864204D9002340F8043B8642FBD870BC16
:1044A000704700BF03694A11934210B400F114042D
:1044B0000FDA04EB83039C421FD253F8040C043B35
:1044C00018B114E053F8042D8AB99C42FAD310BCF9
:1044D00070470FDD11F01F010CD054F8220020FAB4
:1044E00001F303FA01F1884204EB8203E3D00120D7
:1044F00010BC704704EB8203DDE70020E7E700BF54
:1045000070B40D785E2D2FD0002201311646431E67
:1045100000F1FF0403F8012FA342FBD185B186F01F
:10452000010242554C1C14F8013C2D2B0ED05D2B82
:1045300009D013B11D462146F3E7084670BC704709
:10454000481E70BC7047204670BC70474E785D2E88
:10455000F0D0B542EEDC023143190135AE4203F82A
:10456000012FFADC0234DEE701224D7816460231D3
:10457000CDE700BF004870470000C07F2DE9F04F35
:1045800085B09A460291039001920F460E9E00E07C
:104590002F463D46304615F8014BF9F79DFB204468
:1045A000437803F0080303F0FF02002BF0D12D2C19
:1045B00000F083802B2C08BF7C78009208BFBD1CC4
:1045C000BAF1000F0CD0BAF1100F00F09580009BEB
:1045D0005646F7176BB94FF0FF386FF000490CE003
:1045E000302C7FD00A2600274FF00A0A009B002BB0
:1045F000F1D04FF000084FF0004932463B464046AC
:104600004946F9F755F93B469346404632464946F6
:10461000F9F74EF94FF0000E002200230FE045D0CD
:1046200002FB07F406FB0344A2FB0623234412EB20
:104630000C0243EBEC734FF0010E15F8014BA4F1A3
:10464000300CBCF1090F06D9A4F1410CBCF1190FD3
:104650000DD8A4F1370CE24512DDBEF1FF3FECD0DE
:10466000994208BF9042DAD24FF0FF3EE5E7A4F14D
:10467000610CBCF1190F03D8A4F1570CE245ECDC36
:10468000BEF1FF3F1ED0009911B1524263EB4303CC
:104690000199002942D0BEF1000F1FD1029D1046A2
:1046A0001946019B1D6005B0BDE8F08FE345B7DA00
:1046B00002460B464FF0FF3EBFE70123BD1C7C784E
:1046C00000937DE7009B2BBB4FF0FF306FF0004164
:1046D000039A22231360019B13B9E4E7104619469D
:1046E000013DDEE72B7803F0DF03582B0BD00826C3
:1046F00000274FF0080A79E7302C12D12B7803F00D
:10470000DF03582B0DD16C781026002702354FF0AF
:10471000100A6BE700204FF00041D9E71046194618
:10472000C1E71026002761E730B5064C064D246826
:10473000646B83B0002C08BF2C460094FFF71EFF6B
:1047400003B030BD080500200C0500202DE9F84F0E
:10475000DDF828900E460746154698468B4600E041
:10476000A3465C46484614F801ABF9F7B5FA504445
:10477000407800F0080000F0FF0C0028F0D151460E
:104780002D2961D02B2904BF9BF801100BF10204E5
:10479000B8F1000F0CD0B8F1100F5CD04FF0FF3320
:1047A000B3FBF8F308FB03FA6FEA0A0AC14607E015
:1047B000302961D04FF00A083D4BC1464FF0050A41
:1047C0004FF0000E704606E02FD009FB00204FF09E
:1047D000010E14F8011BA1F13002092A05D9A1F13B
:1047E0004102192A0BD8A1F1370290450FDDBEF125
:1047F000FF3FEED09842E7D94FF0FF3EE9E7A1F145
:104800006102192A03D8A1F157029045EFDCBEF1ED
:10481000FF3F11D0BCF1000F00D0404255B1BEF1B6
:10482000000F0DD12E60BDE8F88F5245CDDD4FF061
:10483000FF3ECEE7BDE8F88F22233B60704645B3CC
:10484000661E2E60BDE8F88F0BF102049BF8011084
:104850004FF0010C9CE730291DD1237803F0DF03D2
:10486000582B1ED14FF010096178C8464FF00F0A3F
:1048700002346FF07043A3E7237803F0DF03582B73
:10488000F0D04FF00808C1464FF0070A6FF06043C0
:1048900096E7BDE8F88F4FF00F0A6FF07043C146FE
:1048A0008EE7C1464FF00F0A6FF0704388E700BFF4
:1048B0009999991930B5064C064D2468646B83B0FC
:1048C000002C08BF2C460094FFF740FF03B030BD1A
:1048D000080500200C0500202DE9F04F85B08B461F
:1048E000029017461E4688460E9C00E0A8464546A4
:1048F000204615F8019BF9F7EFF94844437803F097
:10490000080303F0FF02002BF0D14C462D2C00F0E1
:104910008C802B2C08BF98F80140019208BF08F149
:104920000205DEB1102E00F087804FEAE6793246AC
:104930004B464FF0FF304FF0FF31F8F7B9FF3246EA
:1049400003908A464B464FF0FF304FF0FF31F8F7A7
:10495000AFFFB0469646039A53460CE0302C00F069
:104960008180574B4FF0050E4FF099324FF00A08F7
:104970004FF000090A264FF0000C0020002112E041
:10498000994208BF904240D000FB09F408FB014463
:10499000A0FB0801214410EB0A0041EBEA714FF043
:1049A000010C15F8014BA4F1300ABAF1090F06D930
:1049B000A4F1410ABAF1190F0DD8A4F1370A5645EE
:1049C00012DDBCF1FF3FECD08B4208BF8242D7D250
:1049D0004FF0FF3CE5E7A4F1610ABAF1190F03D8E3
:1049E000A4F1570A5645ECDCBCF1FF3F12D0019B05
:1049F00013B1404261EB410127B1BCF1000F12D16C
:104A00005D463D6005B0BDE8F08FF245BCDD4FF07E
:104A1000FF3CC6E7029A222313604FF0FF304FF0AD
:104A2000FF31002FEED0013DEBE7012308F1020535
:104A300098F80140019374E7302C24D12B7803F0CF
:104A4000DF03582B2AD14FF0FF336C7803934FF0DC
:104A50000F0E02356FF0704A4FF010084FF000094A
:104A6000102678E72B7803F0DF03582BEBD04FF0BC
:104A7000070E4FF0FF326FF060434FF008084FF021
:104A80000009082677E74FF00F0E4FF0FF326FF066
:104A900070434FF010084FF000096CE74FF010081A
:104AA0004FF0000942464B464FF0FF304FF0FF31C8
:104AB000F8F7FEFE6FF0704396464FF0FF325AE76C
:104AC0009999991930B5064C064D2468646B83B0EA
:104AD000002C08BF2C460094FFF7FEFE03B030BD4B
:104AE000080500200C0500202DE9F04F936883B0E5
:104AF0009046002B72D083464FF000091668086874
:104B00008B680D464C46002C45D09C421F469A4669
:104B100046D3AB8913F4906F2DD06F69296907EBE9
:104B20004707C1EB000A07EBD777601C7F105044A2
:104B3000B8423A4684BF07463A465B0533D511462C
:104B40005846F9F7DFF8002837D052462969019016
:104B5000F5F70CFCAA89019B22F4906242F08002D6
:104B6000AA81CAEB070203EB0A006F612B61286080
:104B7000AA602746A24652464946F9F713FCD8F8E0
:104B80000820AB682868DB1B5044141BAB6028600E
:104B9000C8F8084014B3D6F8009074680836B2E735
:104BA0002746A246E7E75846F9F7B2FC0346002835
:104BB000D7D129695846FEF759FB0C23CBF80030B2
:104BC000AB89002243F040034FF0FF30AB81C8F8BF
:104BD0000820C8F8042003B0BDE8F08F0020C8F812
:104BE000040003B0BDE8F08F4B1C70B51BD0938957
:104BF000146B23F020039381CDB2BCB114465268EC
:104C0000636B9A420E4609DA23685A1E226003F843
:104C1000016C636801336360284670BD214600F073
:104C200085F80028F0D04FF0FF35F5E710691368DC
:104C300028B1984203D213F8010C85420FD0936338
:104C400013465668D66302F1400403205063146390
:104C500003F8421F012113605160284670BD51685E
:104C6000013B013113605160D6E700BF10B50C461F
:104C7000096B69B104F14003994201D0FEF7F6FADD
:104C8000E36B63600020206313B1A36B236010BD4E
:104C9000A3892269226043F020030022A38162607D
:104CA0004FF0FF3010BD00BF2DE9F04F83B002FB85
:104CB00003F901929A460C9CB9F1000F29D00746DE
:104CC0000E464D464FF000080FE02168F5F74EFB09
:104CD0002268C4F804805A442260214638465E4463
:104CE000CBEB0505FFF7C2FFB8B9D4F804B05D45BA
:104CF00030465A46E9D82A462168F5F737FB6268FC
:104D00002368521B2B4450466260236003B0BDE809
:104D1000F08F484603B0BDE8F08F019BC5EB090951
:104D2000B9FBF3F003B0BDE8F08F00BF01F1400321
:104D30002DE9F0410C46096B994214D0666B77005F
:104D40003A46F9F7E5FB054640B300EB0608324664
:104D500040462946F5F70AFBC4F8008025636763DF
:104D60000020BDE8F0814FF48061F8F7CBFFA8B1D7
:104D700094F8423020634FF48062626380F8FF331E
:104D800094F8413080F8FE3394F8403080F8FD33D9
:104D900000F2FD3020600020BDE8F0814FF0FF30D0
:104DA000BDE8F08170B515469AB0146809B1002CC1
:104DB0001AD100244FF42272ADF80C200094049410
:104DC0001A464FF6FF761E9B029469460594ADF88D
:104DD0000E60FAF7D9FE002811DB009B2860002244
:104DE0001A7004981AB070BD4FF4C162009104911A
:104DF000ADF80C20E4DA8B2303600020F2E70020FA
:104E0000F0E700BF10B502FB01F1F8F77BFF0446A5
:104E1000D8B150F8042C22F00302043A242A18D8FE
:104E2000132A14D900231B2A0360436016D9242AAD
:104E30008360C36011BF00F110020361436100F1A0
:104E400018020023136053609360204610BD024691
:104E5000F7E70021F9F70AFB204610BD00F1080230
:104E6000EFE700BF000000000000000011AA0000F2
:104E70000000000000000000CD080000B90800009C
:104E80006D04000055080000FD07000069080000DF
:104E9000A10800000000000000000000CD08000094
:104EA000B90800006D04000055080000FD0700006F
:104EB00069080000A10800000000000000000000D8
:104EC00049060000290C00009906000000000000BF
:104ED0000000000051070000256400007365747530
:104EE000702E747874000000436F6D6D656E7420D1
:104EF000544D20002F2F000073657475702E747848
:104F000074206E6F74206F70656E65640000000021
:104F10006E6F2073657475702066696C65000000A3
:104F2000560000004D6F6E6F0000000053746572F4
:104F3000656F000025642025643A202564202564DF
:104F40002025642025642025642025640A0D0000A6
:104F5000536574206761696E3A000000436C6F63AB
:104F60006B2072656164206661696C002F253034A6
:104F7000642D2530326400002530346425303264DD
:104F80002530326454253032642530326425303285
:104F9000645F256C75256C755F25322E3166644221
:104FA0005F25322E3166565F76657225732E7761E6
:104FB00076000000427566666572733A2000000054
:104FC0005249464600000000574156450000000087
:104FD000666D7420000000006461746100000000D0
:104FE00046253036642E7761760000004E657720C6
:104FF0006469656C2073746172743A004469656C0D
:1050000020526563205365636F6E64730000000077
:1050100052656300536C70006B487A006442000074
:10502000252E3066000000004C696D204200000013
:10503000640000004C696D204D0000004400000039
:105040004E000000202000004E65787420537461EB
:1050500072740000436172643A0000005265636F2D
:1050600072642053746172742E0000004E657720C4
:105070006469656C2073746F703A000043757272D6
:10508000656E742054696D653A20000053746F702A
:105090002054696D653A20004E6578742053746120
:1050A00072743A0053746F70706564005361666582
:1050B00020746F207475726E206F666600000000A9
:1050C00073657474696E677300000000536E6170DD
:1050D00020342E3000000000436172642046726567
:1050E000652F546F74616C204D42000020202020F9
:1050F00000000000766F6C467265653A00000000A3
:10510000566F6C756D65204D4220000046726565D6
:1051100020737061636520284D42293A2000000009
:105120002F000000556E61626C6520746F20616312
:1051300063657373207468652053442063617264EF
:105140000000000043617264204661696C00000049
:1051500043757272656E74204361726420000000B2
:1051600046696C65204D422000000000467265656E
:10517000204D42200000000043757272656E74205D
:10518000436172642046696C6573200053746172D8
:1051900074696E672E2E000050726573732055502F
:1051A0002B444E20746F2053746F70005265636FF0
:1051B00072643A0073000000536C6565703A000039
:1051C0005261746500000000252E3166206B487A1C
:1051D000000000004761696E3A0000005965617285
:1051E0003A0000004D6F6E74683A00004461793AED
:1051F00000000000486F75723A0000004D696E753E
:1052000074653A005365636F6E643A0064656C615F
:1052100079446179733A00004261745061636B7341
:105220003A0000004C6F6767657268656164000052
:1052300054696D6520746F2066697273742072659D
:10524000636F726420000000536C6565700000009D
:105250005374617274000000536E6F6F7A6520485A
:1052600048204D4D205353200000000072656320FC
:10527000647572200000000072656320696E7420FE
:105280000000000053746172742054696D653A2007
:1052900000000000454E5445523A53746172742028
:1052A0005265636F7264696E6755502F444E3A734E
:1052B00063726F6C6C206D656E750000454E5445D1
:1052C000523A536574205265636F7264204475725C
:1052D0000A55502F444E3A7363726F6C6C206D65A3
:1052E0006E750000454E5445523A53657420536C18
:1052F000656570204475720A55502F444E3A7363A9
:10530000726F6C6C206D656E75000000454E5445E3
:10531000523A5365742053616D706C65205261740C
:105320006555502F444E3A7363726F6C6C206D65F7
:105330006E750000454E5445523A536574204761DE
:10534000696E20286442290A55502F444E3A7363EF
:10535000726F6C6C206D656E75000000454E544593
:10536000523A53657420446174652F54696D650A1F
:1053700055502F444E3A7363726F6C6C206D656E9E
:1053800075000000454E5445523A5365742023423F
:105390006174205061636B730A55502F444E3A7309
:1053A00063726F6C6C206D656E750000454E5445E0
:1053B000523A5365742044656C617920537461726C
:1053C000740A55502F444E3A7363726F6C6C206DA3
:1053D000656E75005265636F726400004761696EA7
:1053E0000000000054696D650000000042617474A3
:1053F0006572790044656C617900FFFF0000000070
:1054000000000000B946000065460000FD470000AE
:10541000694600002948000000000000000000006C
:10542000394900000000000000000000694C000045
:10543000094D00006D040000A54C0000A94C0000BF
:10544000BD4C0000E54C0000020003000400050014
:10545000060008000A000C001000140018002000CC
:1054600028003800400060008000C000000180017A
:10547000000280020003FFFF0000008000000180A6
:105480000000000000000280000001000110000088
:1054900000000200011001000320000001000200D2
:1054A0000320010004300000032002000320030059
:1054B00005400000054001000650000006500100B4
:1054C000076000000760010008700000076002002C
:1054D000087001003C80044000100000041A000025
:1054E000FF7F000011100000C55400000C080000F0
:1054F00000020000000200000B0700004002000054
:10550000000200000D0E000040020000000200003A
:105510000A020906141715160F0000000002000009
:105520000002000000020000000200000002000073
:105530000002000000020000000200000002000063
:105540000101020204040808100000004558464109
:105550005400FFFF000000000000000091900000D8
:1055600039900000C1910000000000000000000020
:1055700011920000F9910000990600001F1C1F1EE7
:105580001F1E1F1F1E1F1E1F000000000000000026
:105590000999000095C100006D040000710400002D
:1055A00011AA0000A5950000F196000011970000D7
:1055B000899600002D9700006997000089970000E8
:1055C00000000000003E5B4F5B3E3E6B4F6B3E1C9D
:1055D0003E7C3E1C183C7E3C181C577D571C1C5EB4
:1055E0007F5E1C00183C1800FFE7C3E7FF0018248B
:1055F0001800FFE7DBE7FF30483A060E2629792935
:1056000026407F050507407F05253F5A3CE73C5A69
:105610007F3E1C1C08081C1C3E7F14227F22145F46
:105620005F005F5F06097F017F006689956A6060A1
:1056300060606094A2FFA29408047E040810207E9B
:10564000201008082A1C08081C2A08081E10101020
:10565000100C1E0C1E0C30383E3830060E3E0E0666
:10566000000000000000005F0000000700070014B9
:105670007F147F14242A7F2A122313086462364978
:105680005620500008070300001C22410000412260
:105690001C002A1C7F1C2A08083E08080080703065
:1056A00000080808080800006060002010080402D4
:1056B0003E5149453E00427F4000724949494621DA
:1056C00041494D331814127F1027454545393C4A4E
:1056D0004949314121110907364949493646494965
:1056E000291E0000140000004034000000081422AD
:1056F000411414141414004122140802015909061B
:105700003E415D594E7C1211127C7F494949363E1B
:10571000414141227F4141413E7F494949417F0901
:105720000909013E414151737F0808087F00417F0C
:1057300041002040413F017F081422417F4040400A
:10574000407F021C027F7F0408107F3E4141413EA2
:105750007F090909063E4151215E7F091929462624
:105760004949493203017F01033F4040403F1F2028
:1057700040201F3F4038403F6314081463030478FF
:1057800004036159494D43007F414141020408101F
:1057900020004141417F040201020440404040405A
:1057A000000307080020545478407F2844443838C8
:1057B00044444428384444287F385454541800083A
:1057C0007E090218A4A49C787F0804047800447D14
:1057D00040002040403D007F1028440000417F40B1
:1057E000007C047804787C08040478384444443805
:1057F000FC1824241818242418FC7C0804040848E5
:105800005454542404043F44243C4040207C1C2035
:1058100040201C3C4030403C44281028444C909090
:10582000907C4464544C44000836410000007700EA
:1058300000004136080002010204023C2623263CF7
:105840001EA1A161123A4040207A38545455592182
:10585000555579412254547842215554784020546A
:105860005579400C1E5272123955555559395454B8
:10587000545939555454580000457C410002457D27
:10588000420001457C407D1211127DF0282528F050
:105890007C545545002054547C547C0A097F49327D
:1058A000494949323A4444443A324A4848303A41F4
:1058B00041217A3A42402078009DA0A07D3D42429D
:1058C000423D3D4040403D3C24FF2424487E494326
:1058D000662B2FFC2F2BFF0929F620C0887E090399
:1058E00020545479410000447D413048484A3238C0
:1058F0004040227A007A0A0A727D0D19317D2629EC
:10590000292F28262929292630484D4020380808E3
:10591000080808080808382F10C8ACBA2F10283417
:10592000FA00007B000008142A142222142A14080A
:105930005500550055AA55AA55AAFF55FF55FF0019
:105940000000FF00101010FF00141414FF001010CE
:10595000FF00FF1010F010F0141414FC001414F7E2
:1059600000FF0000FF00FF1414F404FC14141710CF
:105970001F10101F101F1414141F00101010F0001F
:105980000000001F101010101F10101010F0100059
:105990000000FF101010101010101010FF10000069
:1059A00000FF140000FF00FF00001F10170000FCA4
:1059B00004F414141710171414F404F40000FF0076
:1059C000F714141414141414F700F71414141714FF
:1059D00010101F101F141414F4141010F010F00005
:1059E000001F101F0000001F14000000FC14000026
:1059F000F010F01010FF10FF141414FF141010100A
:105A00001F00000000F010FFFFFFFFFFF0F0F0F0BC
:105A1000F0FFFFFF0000000000FFFF0F0F0F0F0F50
:105A20003844443844FC4A4A4A347E02020606029C
:105A30007E027E0263554941633844443C04407E03
:105A4000201E2006027E020299A5E7A5991C2A497C
:105A50002A1C4C7201724C304A4D4D303048784807
:105A600030BC625A463D3E494949007E0101017EF3
:105A70002A2A2A2A2A44445F444440514A44404046
:105A8000444A51400000FF0103E080FF0000080885
:105A90006B6B083612362436060F090F0600001805
:105AA000180000001010003040FF0101001F01012C
:105AB0001E00191D1712003C3C3C3C000000000079
:105AC00000000000000000000999000095C10000DE
:105AD0006D04000071040000E19D0000A595000028
:105AE000C59B0000AD990000899600002D9700002D
:105AF0006997000089970000050E08090D0C06073C
:105B00000F0400130393050E08090D0C06070F047C
:105B1000FFFFC585848687C4FFFF001303931A9295
:105B200017FFFFFF6FF07F030370037813F0800F00
:105B3000FBD070474008FE4340A004404408FE43A9
:105B400044A004400018FE4300C004403000FE435F
:105B5000309004403400FE43349004401C18FE434F
:105B60001CC004401018FE4310C004400818FE4337
:105B700008C004400C18FE430CC004400C10FE4347
:105B80000CB004401010FE4310B004401810FE4347
:105B900018B004401C10FE431CB004401410FE4317
:105BA00014B004400418FE4304C004400010FE4337
:105BB00000B004400008FE4300A004400408FE4377
:105BC00004A004400C08FE430CA004400808FE4357
:105BD00008A004401418FE4314C004401818FE43E3
:105BE00018C004400410FE4304B004400810FE43F3
:105BF00008B004401400FE43149004404C08FE43D7
:105C00004CA004400420FE4304D004402410FE4372
:105C100024B004402010FE4320B004402810FE436E
:105C200028B004402C10FE432CB004400020FE435A
:105C300000D004404808FE4348A004401000FE4342
:105C4000109004400D0AFFFF6E616E006F766600D3
:105C5000696E6600000000000000000089C40000BA
:105C600081C400007DC4000079C4000075C4000038
:105C700071C400006DC4000069C40000001519154E
:105C800000010000380000201200000000020000A7
:105C9000640000204300000000030000C00000205A
:105CA00000000000010309044C0000200000000077
:105CB00002030904A80000200000000003030904F7
:105CC000C4000020000000000000000000000000F0
:105CD00000000000E000002043000000504F534946
:105CE0005800FFFF6E660000696E6974790000005D
:105CF000616E00FF34000000CEFBFFFFCB0300000D
:105D00000100000000000000BC89D897B2D29C3C82
:105D100033A7A8D523F649393DA7F444FD0FA53292
:105D20009D978CCF08BA5B25436FAC642806681139
:105D300035000000CEFBFFFFCB0300000100000098
:105D40000000000030303030303030303030303013
:105D500030303030494E46004E414E003031323303
:105D60003435363738394142434445460000000057
:105D700030313233343536373839616263646566C1
:105D800000000000286E756C6C2900003000FFFFD9
:105D90002020202020202020202020202020202003
:105DA0000A000100020003000400050006000700CD
:105DB000080009000A000B000C000D000E000F0087
:105DC0001000FFFF65256C6400FFFFFF002020200E
:105DD000202020202020282828282820202020209B
:105DE000202020202020202020202020208810106B
:105DF00010101010101010101010101010040404C7
:105E00000404040404040410101010101010414184
:105E10004141414101010101010101010101010172
:105E20000101010101010101101010101010424286
:105E30004242424202020202020202020202020242
:105E400002020202020202021010101020000000E2
:105E50000000000000000000000000000000000042
:105E60000000000000000000000000000000000032
:105E70000000000000000000000000000000000022
:105E80000000000000000000000000000000000012
:105E90000000000000000000000000000000000002
:105EA00000000000000000000000000000000000F2
:105EB00000000000000000000000000000000000E2
:105EC00000000000000000000000000000FFFFFFD5
:105ED000496E66696E697479000000004E614E007B
:105EE00000000000000000000000000000000000B2
:105EF00000000000000000000000000000000000A2
:105F00000000000000000000000000000000000091
:105F100010111213141516171819000000000000B4
:105F2000001A1B1C1D1E1F000000000000000000C6
:105F30000000000000000000000000000000000061
:105F4000001A1B1C1D1E1F000000000000000000A6
:105F50000000000000000000000000000000000041
:105F60000000000000000000000000000000000031
:105F70000000000000000000000000000000000021
:105F80000000000000000000000000000000000011
:105F90000000000000000000000000000000000001
:105FA00000000000000000000000000000000000F1
:105FB00000000000000000000000000000000000E1
:105FC00000000000000000000000000000000000D1
:105FD00000000000000000000000000000000000C1
:105FE000000000000000F03F00000000000024401E
:105FF00000000000000059400000000000408F40F9
:10600000000000000088C34000000000006AF84063
:106010000000000080842E4100000000D012634187
:106020000000000084D797410000000065CDCD41FD
:10603000000000205FA00242000000E876483742DE
:10604000000000A2941A6D42000040E59C30A2427C
:106050000000901EC4BCD64200003426F56B0C43F1
:106060000080E03779C3414300A0D8855734764398
:1060700000C84E676DC1AB43003D9160E458E143F9
:10608000408CB5781DAF154450EFE2D6E41A4B446E
:1060900092D54D06CFF08044F64AE1C7022DB544B3
:1060A000B49DD9794378EA44050000001900000046
:1060B0007D000000FFFFFFFF0080E03779C3414310
:1060C000176E05B5B5B89346F5F93FE9034F384D5E
:1060D000321D30F94877825A3CBF737FDD4F15750A
:1060E000F8B500BFF8BC08BC9E4670470922010005
:1060F00035040000CD1C000091480000AD4A0000AE
:10610000C54A0000DD4A0000F14B0000094C0000C8
:10611000214C0000394C0000514C00009952000005
:0461200069A300006F
:04612400F8B500BF0B
:086128004867FF7F0100000041
:1061300038B5084B1C681C6054B1074D94FAA4F3A1
:10614000B3FA83F355F823309847631E1C40F5D10A
:1061500038BD00BFA0D004401800002038B5084B5F
:106160001C681C6054B1074D94FAA4F3B3FA83F38E
:1061700055F823309847631E1C40F5D138BD00BF49
:10618000A0C00440F8FFFF1F38B5084B1C681C6016
:1061900054B1074D94FAA4F3B3FA83F355F82330BE
:1061A0009847631E1C40F5D138BD00BFA0B0044025
:1061B000C8FFFF1F38B5084B1C681C6054B1074D61
:1061C00094FAA4F3B3FA83F355F823309847631E87
:1061D0001C40F5D138BD00BFA0A0044078FFFF1FD0
:1061E00038B5084B1C681C6054B1074D94FAA4F3F1
:1061F000B3FA83F355F823309847631E1C40F5D15A
:1062000038BD00BFA090044040FFFF1F0000000009
:106210000400000004000000CDCC4C40020000004F
:1062200000000C420000144200001842000024420A
:1062300000002442000040420000804200008A42E8
:1062400000009E42342E303000000000401F00004D
:10625000803E0000007D000044AC000080BB0000D8
:1062600000770100400D030090D00300E09304008C
:1062700050520100D453010048520100C0510100A6
:10628000DC530100E4530100EC530100F45301001E
:10629000040000003C00000000803B4701000000BB
:1062A0003C00000000803B463C0000000000104223
:1062B0000000184200002C4200003C420000404216
:1062C000000078420000B4420000C8420000D642FC
:1062D0000800000094520100BC520100E452010089
:1062E0000C530100345301005C530100845301003E
:1062F000AC5301006800000000004842FFFF0000AE
:1063000000C00240D4540100000000000000000062
:10631000000000000000000000000000000000007D
:10632000000000000000000000000000000000006D
:106330000000000000000000000103070F1F3F7F66
:106340000080C0E0F0F8FCFE00000000000000004B
:10635000000000000000000000000000000000003D
:10636000000000000000000000000000000000002D
:10637000000000000000000000000000000000001D
:10638000000000000000008080800000000000008D
:106390000000000000000000008080C0C00000007D
:1063A00000000000000000000000000000000000ED
:1063B00000000000000000000000000000000000DD
:1063C00000000000000000000000000000000000CD
:1063D00000000000000000000000000080C0E0F0AD
:1063E000F8FCF8E0000000000000000000000000E1
:1063F000000000000080808080800080800000001D
:1064000000808080808000FFFFFF0000000080800F
:10641000808000008080000080FFFF8080008080FE
:10642000008080808000808000000000008080006C
:10643000008C8E84000080F8F8F8800000000000D6
:106440000000000000000000F0F0F0F0F0F0F0F0CC
:10645000F0F0F0F0E0E0C08000E0FCFEFFFFFF7F26
:10646000FFFFFFFFFF000000000000000000000031
:10647000000000FEFFC70101010183FFFF00007C57
:10648000FEC70101010183FFFFFF0038FEC7830142
:10649000010183C7FFFF000001FFFF010100FFFFB3
:1064A0000701010100007FFF80000000FFFF7F0067
:1064B00000FFFFFF000001FFFFFF010000000000E0
:1064C0000000000000000000030F3F7F7FFFFFFF80
:1064D000FFFFFFFFE7C7C78F8F9FBFFFFFC3C0F05E
:1064E000FFFFFFFFFFFCFCFCFCFCFCFCFCF8F8F0F1
:1064F000F0E0C000010303030303010303000000F5
:106500000001030303030101030100000001030371
:106510000303010103030000000303000000030361
:10652000000000000000000103030303030100005A
:10653000000103010000000303010000000000004F
:10654000000000000000000000000080C0E0F0F942
:10655000FFFFFFFFFF3F1F0F87C7F7FFFF1F1F3D15
:10656000FCF8F8F8F87C7DFFFFFFFFFFFFFFFF7FDF
:106570003F0F070030300000000000000000000066
:10658000000000000000000000000000FEFEFC0013
:1065900000000000000000000000000000000000FB
:1065A0000000000000E0C00000000000000000004B
:1065B000000030300000000000000000000000007B
:1065C000000000000000000000C0FEFFFFFFFFFF12
:1065D000FFFFFFFF7F7F3F1F0F071F7FFFFFF8F8C1
:1065E000FFFFFFFFFFFEF8E00000000100000000D9
:1065F00000000000FEFE000000FCFEFC0C06060E83
:10660000FCF80000F0F81C0E0606060CFFFFFF0069
:1066100000FEFE00000000FCFEFC00183C7E66E66A
:10662000CE84000006FFFF0606FCFEFC0C060606F4
:106630000000FEFE0000C0F8FC4E4646464E7C7848
:1066400040183C76E6CECC80000000000000000040
:1066500000000000000000000000000001070F1F04
:106660001F3F3F3F3F1F0F030000000000000000DE
:10667000000000000F0F0000000F0F0F00000000CF
:106680000F0F000003070E0C18180C060F0F0F0059
:1066900000010F0E0C180C0F070100040E0C180C53
:1066A0000F070000000F0F00000F0F0F0000000089
:1066B00000000F0F00000007070C0C181C0C06064A
:1066C00000040E0C180C0F07000000000000000072
:1066D00000000000000000000000000000000000BA
:1066E00000000000000000000000000000000000AA
:1066F000000000000000000000000000000000009A
:106700000000000000000000000000000000000089
:106710000000000000000000000000000000000079
:106720000000000000000000000000000000000069
:106730000000000000000000000000000000000059
:1067400000000000000000000A0400009058002033
:1067500051AA000051AA000051AA000051AA00004D
:1067600051AA000051AA000051AA000051AA00003D
:1067700051AA000051AA000051AA000051AA00002D
:1067800051AA000051AA000051AA000051AA00001D
:1067900051AA000051AA000051AA000051AA00000D
:1067A00051AA000051AA000051AA000051AA0000FD
:1067B00051AA000051AA000051AA000051AA0000ED
:1067C00051AA000051AA000051AA000051AA0000DD
:1067D00051AA000051AA000051AA000051AA0000CD
:1067E00051AA000051AA000051AA000051AA0000BD
:1067F00051AA000051AA000051AA000051AA0000AD
:1068000051AA000051AA000051AA000051AA00009C
:1068100051AA000051AA000051AA000051AA00008C
:1068200051AA000051AA000051AA000051AA00007C
:10683000FFFFFFFF5C5C010000000000E8030000B8
:1068400000000000010000001201100102000040E1
:10685000C0168304750201020301000018035400EE
:10686000650065006E0073007900640075006900C2
:106870006E006F0009024300020100C032090400EB
:10688000000102020100052400100105240101019C
:1068900004240206052406000107058203100040B7
:1068A00009040100020A000000070503024000007D
:1068B0000705840240000000160355005300420003
:1068C0002000530065007200690061006C00000048
:1068D000040309040C030000000000000000000095
:1068E00000000000000000000000010000000000A7
:1068F00000000000CC030020340400209C04002091
:106900000000000000000000000000000000000087
:106910000000000000000000000000000000000077
:106920000000000000000000000000000000000067
:106930000000000000000000000000000000000057
:106940000000000000000000000000000000000047
:106950000000000000000000000000000000000037
:106960000000000000000000000000000000000027
:106970000000000000000000000000000000000017
:106980000000000000000000000000000000000007
:1069900000000000000000000100000000000000F6
:1069A0000E33CDAB34126DE6ECDE05000B000000BB
:1069B00000000000000000000000000000000000D7
:1069C00000000000000000000000000000000000C7
:1069D00000000000000000000000000000000000B7
:1069E00000000000000000000000000000000000A7
:1069F0000000000000000000000000000000000097
:106A00000000000000000000000000000000000086
:106A10000000000000000000000000000000000076
:106A20000000000000000000000000000000000066
:106A30000000000000000000000000000000000056
:106A40000000000000000000000000000000000046
:106A50000000000000000000000000000000000036
:106A60000000000000000000000000000000000026
:106A70000000000000000000000000000000000016
:106A80000000000000000000000000000000000006
:106A900000000000000000000000000000000000F6
:106AA00000000000000000000000000000000000E6
:106AB00000000000000000000000000000000000D6
:106AC00000000000000000000000000000000000C6
:106AD00000000000000000000000000000000000B6
:106AE00000000000000000000000000000000000A6
:106AF0000000000000000000000000000000000096
:106B00000000000000000000000000000000000085
:106B10000000000000000000000000000000000075
:106B20000000000000000000000000000000000065
:106B30000000000000000000000000000000000055
:106B40000000000000000000000000000000000045
:106B50000000000000000000000000000000000035
:106B60000000000000000000000000000000000025
:106B70000000000000000000000000000000000015
:106B80000000000000000000000000000000000005
:106B900000000000000000000000000000000000F5
:106BA00000000000000000000000000000000000E5
:106BB00000000000000000000000000000000000D5
:106BC00000000000000000000000000000000000C5
:106BD00000000000000000000000000000000000B5
:106BE00000000000000000000000000000000000A5
:106BF0000000000000000000000000000000000095
:106C00000000000000000000000000000000000084
:106C10000000000000000000000000000000000074
:106C20000000000000000000000000000000000064
:106C30000000000000000000000000000000000054
:106C40000000000000000000000000000000000044
:106C50000000000000000000000000000000000034
:106C60000000000000000000000000000000000024
:106C70000000000000000000000000000000000014
:106C80000000000000000000000000000000000004
:106C900000000000000000000000000000000000F4
:106CA00000000000000000000000000000000000E4
:106CB00000000000000000000000000000000000D4
:106CC00000000000000000000000000000000000C4
:106CD00000000000000000000000000000000000B4
:106CE00000000000000000000000000000000000A4
:106CF0000000000000000000000000000000000094
:106D00000000000000000000000000000000000083
:106D10000000000000000000E00000204300000030
:106D20000000000000000000000000000000000063
:106D30000000000000000000000000004300000010
:106D40000000000000000000000000000000000043
:106D500000000000000000000000000043000000F0
:106D60000000000000000000000000000000000023
:106D700000000000000000000000000043000000D0
:106D80000000000000000000000000000000000003
:106D900000000000000000000000000043000000B0
:106DA00000000000000000000000000000000000E3
:106DB0000000000000000000000000004300000090
:106DC00000000000000000000000000000000000C3
:106DD0000000000000000000000000004300000070
:106DE00000000000000000000000000000000000A3
:106DF0000000000000000000000000001D21010054
:106E000075E2000000000000CC5D01006850010048
:106E1000F0500100F0500100F0500100F05001006E
:106E2000F0500100F0500100F0500100F05001005E
:106E3000F0500100FFFFFFFFFFFFFFFFFFFFFFFF1D
:106E4000FFFF0000010041534349490000000000DA
:106E50000000000000000000000000000000000032
:106E600000000000000041534349490000000000B9
:106E70000000000000000000000000000000000012
:106E80000000000000000000000000000000000002
:106E9000780600207806002080060020800600206A
:106EA000880600208806002090060020900600201A
:106EB0009806002098060020A0060020A0060020CA
:106EC000A8060020A8060020B0060020B00600207A
:106ED000B8060020B8060020C0060020C00600202A
:106EE000C8060020C8060020D0060020D0060020DA
:106EF000D8060020D8060020E0060020E00600208A
:106F0000E8060020E8060020F0060020F006002039
:106F1000F8060020F80600200007002000070020E7
:106F20000807002008070020100700201007002095
:106F30001807002018070020200700202007002045
:106F400028070020280700203007002030070020F5
:106F500038070020380700204007002040070020A5
:106F60004807002048070020500700205007002055
:106F70005807002058070020600700206007002005
:106F800068070020680700207007002070070020B5
:106F90007807002078070020800700208007002065
:106FA0008807002088070020900700209007002015
:106FB0009807002098070020A0070020A0070020C5
:106FC000A8070020A8070020B0070020B007002075
:106FD000B8070020B8070020C0070020C007002025
:106FE000C8070020C8070020D0070020D0070020D5
:106FF000D8070020D8070020E0070020E007002085
:10700000E8070020E8070020F0070020F007002034
:10701000F8070020F80700200008002000080020E2
:107020000808002008080020100800201008002090
:107030001808002018080020200800202008002040
:1070400028080020280800203008002030080020F0
:1070500038080020380800204008002040080020A0
:107060004808002048080020500800205008002050
:107070005808002058080020600800206008002000
:1070800068080020680800207008002070080020B0
:107090007808002078080020800800208008002060
:1070A0008808002088080020900800209008002010
:1070B0009808002098080020A0080020A0080020C0
:1070C000A8080020A8080020B0080020B008002070
:1070D000B8080020B8080020C0080020C008002020
:1070E000C8080020C8080020D0080020D0080020D0
:1070F000D8080020D8080020E0080020E008002080
:10710000E8080020E8080020F0080020F00800202F
:10711000F8080020F80800200009002000090020DD
:10712000080900200809002010090020100900208B
:10713000180900201809002020090020200900203B
:1071400028090020280900203009002030090020EB
:10715000380900203809002040090020400900209B
:10716000480900204809002050090020500900204B
:1071700058090020580900206009002060090020FB
:1071800068090020680900207009002070090020AB
:10719000780900207809002080090020800900205B
:1071A000880900208809002090090020900900200B
:1071B0009809002098090020A0090020A0090020BB
:1071C000A8090020A8090020B0090020B00900206B
:1071D000B8090020B8090020C0090020C00900201B
:1071E000C8090020C8090020D0090020D0090020CB
:1071F000D8090020D8090020E0090020E00900207B
:10720000E8090020E8090020F0090020F00900202A
:10721000F8090020F8090020000A0020000A0020D8
:10722000080A0020080A0020100A0020100A002086
:10723000180A0020180A0020200A0020200A002036
:10724000280A0020280A0020300A0020300A0020E6
:10725000380A0020380A0020400A0020400A002096
:10726000480A0020480A0020500A0020500A002046
:10727000580A0020580A0020600A0020600A0020F6
:10728000680A0020680A0020700A0020700A0020A6
:0872900000000200FFFFFFFFF8
:00000001FF
