:1000000000800020BD0100000DAB0000C5AA00006B
:10001000C5AA0000C5AA0000C5AA0000C5AA000024
:10002000C5AA0000C5AA0000C5AA00000DAB0000CB
:100030000DAB0000C5AA0000B5C20000B9C20000A7
:100040000DAB00000DAB00000DAB00000DAB0000D0
:100050000DAB00000DAB00000DAB00000DAB0000C0
:100060000DAB00000DAB00000DAB00000DAB0000B0
:100070000DAB00000DAB00000DAB00000DAB0000A0
:100080000DAB00000DAB00000DAB00000DAB000090
:100090000DAB00000DAB00000DAB00000DAB000080
:1000A000354F00000DAB00000DAB00000DAB0000A4
:1000B0000DAB00000DAB00000DAB00000DAB000060
:1000C0000DAB00000DAB00000DAB00000DAB000050
:1000D0000DAB00000DAB00000DAB00000DAB000040
:1000E0000DAB00000DAB00000DAB00000DAB000030
:1000F0000DAB00000DAB00000DAB00000DAB000020
:100100000DAB00000DAB00000DAB00000DAB00000F
:100110000DAB00000DAB00000DAB00000DAB0000FF
:100120000DAB00000DAB00000DAB00000DAB0000EF
:100130000DAB00000DAB00000DAB00000DAB0000DF
:100140000DAB00000DAB00000DAB00000DAB0000CF
:100150000DAB00000DAB00000DAB00000DAB0000BF
:100160000DAB00002DB100000DAB00000DAB000089
:100170000DAB00000DAB00000DAB00000DAB00009F
:100180000DAB00000DAB00000DAB00000DAB00008F
:100190000DAB00000DAB00000DAB00000DAB00007F
:1001A0000DAB00000DAB00000DAB00000DAB00006F
:1001B0000DAB00000DAB000071C00000564B4CF2BF
:1001C000205210B51A804DF628121A8000BF00BFC9
:1001D00000F0FCFB514B4FF010621A60504A9A60DD
:1001E000504ADA60504A136813F4807304D14F49BF
:1001F0000B604FF4A85313604D4B1A78110703D5C9
:100200001A7842F008021A704A4B4B492A221A7097
:100210004A4A4B4B8B4204D252F8040F43F8040B6A
:10022000F8E7484B484900228B4202D243F8042B9E
:10023000FAE74649464A002352F8230041F82300D2
:1002400001336F2BF8D1434B434A802103F8011B44
:100250009342FBD1414B3D4A1A60414B8A221A70AE
:10026000A3F5805324225A70A0221A709A7992071B
:10027000FCD59A79D406FCD43A4A937903F00C035E
:10028000082B384BF9D103221A7140225A719A79FE
:100290009006FCD5334A9179324B4906FBD5324A58
:1002A000324911600221516020221A709A7902F0BD
:1002B0000C020C2AFAD12E4B2E4A1A602E4B2F4AD2
:1002C0001A6000225A60072243F8042C2C4AC3F813
:1002D0000C2D62B60AF000FE144B1B68DA0705D538
:1002E00028480AF07DFD284B284A1A60284B1B78C5
:1002F0005B0609D5244C254B22689A4204D121483B
:100300000AF06EFD002323600AF004FC0DF03AFDB4
:100310000CF03AF9FEE700BF0E20054030800440A3
:10032000823F04000100002B10D0034014D0034092
:1003300002D0074000E00740880A0020D462010094
:1003400020F9FF1F880A00209058002000F4FF1FAA
:100350000000000000E400E05FE400E008ED00E0E1
:100360000050064000400640448004400000030165
:1003700004800440C010050014E000E0FF76010096
:100380000000202012A7CB691CE00340A5C3945AAB
:1003900000F00740FFFFFFFFFFFFFFFFFFFFFFFF32
:1003A000FFFFFFFFFFFFFFFFFFFFFFFFFFFFFFFF5D
:1003B000FFFFFFFFFFFFFFFFFFFFFFFFFFFFFFFF4D
:1003C000FFFFFFFFFFFFFFFFFFFFFFFFFFFFFFFF3D
:1003D000FFFFFFFFFFFFFFFFFFFFFFFFFFFFFFFF2D
:1003E000FFFFFFFFFFFFFFFFFFFFFFFFFFFFFFFF1D
:1003F000FFFFFFFFFFFFFFFFFFFFFFFFFFFFFFFF0D
:10040000FFFFFFFFFFFFFFFFFFFFFFFFDEF9FFFF23
:1004100010B5054C237833B9044B13B10448AFF33E
:1004200000800123237010BD880A00200000000016
:10043000D0620100084B10B51BB108490848AFF362
:1004400000800848036803B910BD074B002BFBD0A0
:10045000BDE81040184700BF000000008C0A0020D3
:10046000D0620100880A00200000000000207047D0
:10047000704700BFF8B55548554D564C297803785C
:100480002278DFF868E1544F544E120442EA032305
:10049000FF222A700270802022708EF800003870CF
:1004A000B2794F480B4312F00C0FC36002D1B379FD
:1004B000DC063DD4494A9379C3F38103032B40D032
:1004C000464B9A79C2F38102022A42D0434A937979
:1004D000C3F38103022B53D0404A9379C3F38103C2
:1004E000022B61D03D4A9379C3F38103012B51D094
:1004F0003A4A9379C3F38103012B5CD0374B9A7945
:1005000012F00C0F03D19A79D20600D49B79354DA5
:10051000354B2A7853F82240D4B1236820469B6893
:1005200098472B7804EB83046468002CF5D1F8BD60
:10053000B3799806EBD5294A9379C3F38103032B4A
:10054000BED19379D906BBD493799B06DFD4B7E7A4
:10055000F8BD9A79D706B9D49A799606B6D559785E
:1005600001F0020101F0FF020029AFD120211A7031
:100570001A461970937903F00C030C2BFAD1C6E7D5
:100580009379DD06A8D493799C06A5D4537898076F
:10059000BDD5A1E79379DF06AAD593799E06A7D4A6
:1005A00053789D07B3D4A3E79379D9069AD45378A7
:1005B0009B07ACD496E79379DC069FD59379980690
:1005C0009CD453789907A2D598E700BF06C007408E
:1005D00005C0074007C0074009C00740004006406B
:1005E00068580020C85600208856002008C00740E0
:1005F00090F92410104B03604B1C06D0F0B40F4E42
:1006000056F82130984201D0F0BC70470C4F57F893
:10061000213033B18D0000245A1953685460002BE7
:10062000FAD1084C23780022013B237047F821209F
:1006300046F82120E8E700BF00500100A85600203E
:1006400088560020C956002038B590F924506B1CFC
:100650001BD00E4B0E4953F825400E4BEDB24FF018
:10066000FF320D701A6084B1AD0002E02C44646862
:100670005CB194F82530002BF8D0236820462C4438
:100680001B6898476468002CF3D138BD8856002059
:10069000C8560020B8F3FF1F704700BF90F9241020
:1006A000104B03604B1C06D0F0B40F4E56F82130AF
:1006B000984201D0F0BC70470C4F57F8213033B14D
:1006C0008D0000245A1953685460002BFAD1084C4D
:1006D00023780022013B237047F8212046F821208F
:1006E000E8E700BF00500100A8560020885600200F
:1006F000C956002090F92410104B03604B1C06D003
:10070000F0B40F4E56F82130984201D0F0BC70473B
:100710000C4F57F8213033B18D0000245A1953681B
:100720005460002BFAD1084C23780022013B23703F
:1007300047F8212046F82120E8E700BF00500100DB
:10074000A856002088560020C9560020704700BFD8
:1007500010B5002104460BF0F5FBB0B1B4F8B4318C
:100760009BB2C3B1B4F8B031B4F8B2219BB201333B
:10077000632BC8BF002392B2934207D09A1D04EBAB
:1007800082029BB25060A4F8B03110BDD4F8B831E9
:100790000133C4F8B831BDE810400BF08FBB00BF87
:1007A00010B5044B044640F8103B07F0AFFE20465E
:1007B00010BD00BFB84F010010B504460BF002FC9D
:1007C000204610BDB0F8B231B0F8B0119BB289B27A
:1007D0008B4202460FD00133632B86BF00210B46AC
:1007E00099B2063300EB83035868C2F8AC01A2F853
:1007F000B211043070470020704700BF826C62B1B4
:10080000137803F0080303F0FF0003B3D3695069C2
:10081000181A48BF6FF000407047C16CC1B191F821
:10082000313003F0080303F0FF0083B1D1E9042362
:10083000D1E90001101A30B463EB010100256FF01B
:1008400000448D4208BF844200D2204630BC70472D
:1008500008467047836C13B1184606F0D1BFC06CD0
:1008600008B105F0E3BD704700B5836C83B063B198
:10087000184601220DF1070106F00CFE01280CD1EB
:100880009DF8070003B05DF804FBC06C28B101229D
:100890000DF1070105F00AF9F0E74FF0FF30F1E73D
:1008A000836C13B1184606F0BFBEC06C08B105F0EA
:1008B000CDB94FF0FF307047836C13B1184606F086
:1008C000A5BFC06C08B105F04FBF704700B5836C81
:1008D00083B08DF8071043B1184601220DF10701CE
:1008E00006F094FF03B05DF804FBC06C0028F9D05B
:1008F00001220DF1070105F037FF03B05DF804FB9D
:1009000070B5044608460D460EF0FAF82368024614
:10091000294620465B68BDE87040184738B5054653
:100920000BF052FD044628460BF0E4FC204438BD91
:10093000002310B4104C4172026104600372C36062
:1009400041B1194600E0026942F82310427A0133AE
:100950009A42F8DC094B1A680AB90BE01A46536947
:10096000002BFBD15061002343618380C3808372DD
:1009700010BC70471860F6E7AC4F0100DC57002050
:1009800038B50546D0F8AC0120B10BF097FA00233A
:10099000C5F8AC31B5F8B241B5F8B031A4B29BB2EC
:1009A0009C420ED00134642C28BF0024A31D05EB0B
:1009B000830358680BF082FAB5F8B0319BB29C42C1
:1009C000F0D19BB2A5F8B23138BD00BF464A474BC3
:1009D000102010801B781B0734D5F0B5444E454DD0
:1009E000454C31782B782278DFF82CE1434F824058
:1009F00042EA03230B43FF22802132702A702270C7
:100A00008EF800103970D9073D4A14D51A23936027
:100A10003C4F3D4E3D4D3E4C3E49107900233B70CE
:100A200053709370D370D360337013712B70237035
:100A300013700870F0BD1F0705D4DE0606D5042329
:100A40009360E5E7704721239360E1E79D0604D4B6
:100A50005C0604D516239360DAE79060D8E71806A1
:100A600002D509239360D3E7D90502D50A23936001
:100A7000CEE79F0502D50D239360C9E75E0502D539
:100A80000B239360C4E71D0502D51E239360BFE7C7
:100A9000DC0402D502239360BAE7980402D5072349
:100AA0009360B5E7590402D506239360B0E71F04AD
:100AB00002D515239360ABE7DE0302D524239360B0
:100AC000A6E79D0302D522239360A1E7DC0202D5AD
:100AD000252393609CE71803F5D45903F3D49B02B4
:100AE00044BF2323936093E70020054002D00740D2
:100AF00005C0074006C0074007C0074009C00740BF
:100B00006858002000C0074001C0074002C00740ED
:100B100003C0074004C0074008C00740002976D042
:100B20002DE9F04F0C469100631883B05D68002DED
:100B300057D06B185E68002E50D073185F68002F76
:100B400049D07B18D3F80480B8F1000F3CD008EBF3
:100B50000103D3F80490B9F1000F32D009EB01037F
:100B6000D3F804A0BAF1000F27D00AEB0103D3F8A1
:100B700004B0BBF1000F18D00BEB01035B6863B14D
:100B8000194401934968FFF7C9FF019B93F8252099
:100B90001AB11A681846536898479BF8253023B154
:100BA000DBF8003058465B6898479AF8253023B147
:100BB000DAF8003050465B68984799F82530002BEA
:100BC00035D198F8253063BB97F825301BB13B68C9
:100BD00038465B68984796F82530CBB995F82530AC
:100BE00063B994F8253013B903B0BDE8F08F2368DA
:100BF0005B68204603B0BDE8F04F18472B682846D5
:100C00005B68984794F82530002BEDD0EFE77047EC
:100C1000336830465B68984795F82530002BE0D064
:100C2000ECE7D8F8003040465B689847CCE7D9F845
:100C3000003048465B689847C3E700BF90F924201E
:100C4000531C26D01B4B2DE9F04153F82240D2B261
:100C5000ECB19300E1184D68B5B1E9184E6866B182
:100C6000F1184F6837B13B445968FFF757FF97F8C1
:100C70002530A3B996F8253063B995F825301BB116
:100C80002B6828465B68984794F8253063B9BDE81F
:100C9000F0817047336830465B689847EDE73B6802
:100CA00038465B689847E5E7236820465B68BDE8FF
:100CB000F04118478856002038B50D21154C1648CC
:100CC0000AF074FF15480BF015FB25881448102115
:100CD0000AF06CFF294611480BF076FB0F480BF029
:100CE00009FB104B10491A681048022A08BF104A25
:100CF0004FF00003A1F8B43108BFA2F8B4310D4B96
:100D00001B88238007F002FC6420BDE838400AF00D
:100D100095B800BFE05700201850010024000020C3
:100D2000285001000CFAFF1F704F0020E0540020F3
:100D30002C51002008580020264B1B680F2B0CD884
:100D4000DFE803F00C1014181C2024282C30343851
:100D50003C404408204B214A1A6070471E4B204AF1
:100D60001A6070471C4B1F4A1A6070471A4B1E4A84
:100D70001A607047184B1D4A1A607047164B1C4A80
:100D80001A607047144B1B4A1A607047124B1A4A7C
:100D90001A607047104B194A1A6070470E4B184A78
:100DA0001A6070470C4B174A1A6070470A4B164A74
:100DB0001A607047084B154A1A607047064B144A70
:100DC0001A607047044B134A1A607047024B124A6C
:100DD0001A60704700FAFF1FB8540020BD549341B9
:100DE000103377C0993918C0BE0D68BFCE71153F5A
:100DF0008D090340CCC9624009A7A3407DDBD140E7
:100E0000C416014154FC1741D0E830411955464100
:100E10009FAB5F41A04176415E2E864138B50121EE
:100E2000142009F027FE234B1B68012B3DD0002125
:100E3000072009F0E9FF00210C2009F0E5FF00215F
:100E40000E2009F0E1FF0521072009F0F1FF1A4CFF
:100E50001A4D05210C2009F0EBFF05210E2009F0A9
:100E6000E7FF2078002109F0CFFF2878002109F062
:100E7000CBFF0521287809F0DBFF4FF4FA6009F079
:100E8000DDFF0121207809F0BFFF4FF4FA6009F07F
:100E9000D5FF2078002109F0B7FF4FF4FA6009F080
:100EA000CDFF074B074A1A6038BD074807F02EFBF5
:100EB000BDE700BFA80A00208C530020E0530020AB
:100EC0000CED00E00400FA05E05400202DE9F84F95
:100ED0006D4F3B68012B5ED0022B01D0BDE8F88F2F
:100EE0006A4DB5F8B031B5F8B22199B293B29942D2
:100EF00038BF6431CB1A1F2BF0DDDFF8A8A1DFF873
:100F00009CB1DFF888910AF58047D8460026D5F8CD
:100F1000AC310024002B39D0DBF8AC3100208BB38E
:100F200004F58071534634F9022B23F8042C30F970
:100F3000022B23F8022C8C4203F10403F3D1D5F8E1
:100F4000AC0118B10AF0BAFFC9F8AC61DBF8AC012A
:100F500018B10AF0B3FFC8F8AC610AF5007A57453A
:100F6000D5D14B4B986C002875D04FF4804249493D
:100F700006F04CFC013077D0474A136820331360E9
:100F8000BDE8F88F4548FFF71DFCC9E73F48FFF76C
:100F900019FC0446C0E73D4DB5F8B031B5F8B221B3
:100FA00099B293B2994238BF6431CB1A3F2B95DD89
:100FB0003B4CDFF8D8A00121112009F025FF04F5F2
:100FC00080494FF000081AE009F06AFA30460AF04A
:100FD00075FFC5F8AC812D48FFF7F4FB4FF4807224
:100FE0000146204609F05CFAD5F8AC0118B10AF0C8
:100FF00065FFCAF8AC8104F500744C4517D0D5F8EC
:10100000AC61A4F5807B4FF4807200215846002E1D
:10101000DAD11E48FFF7D6FBDAF8AC6101464FF48F
:101020008072584609F03CFA002ED4D0CEE7112049
:10103000002109F0E9FE164B986CD8B14FF48042BC
:10104000144906F0E3FB013011D013493B680A68EC
:1010500020320A6040E7D86C00288DD04FF48042DF
:101060000C4905F081FB85E7FFF7D8FE84E7FFF721
:10107000D5FEEAE7D86C0028E7D04FF48042054956
:1010800005F072FBDFE700BF0CFAFF1F704F002076
:10109000D0540020B40A00206C4F00202C510020B6
:1010A000B40B0020B80A002038B50F4D0F4C2B6848
:1010B00054F82330B3B12A680D4954F822300D4852
:1010C000013B44F82230FFF71BFC2B68094854F819
:1010D00023100A2200230BF037F90648BDE83840F8
:1010E0000BF008B9FEE700BF845500202C55002006
:1010F0003C5001002400002010B582B004460DF0E1
:10110000FFFC00B2012816DDB4F9003044F252426F
:10111000934233D012DD44F2537293421DD044F611
:101120005212934207D101AAE01C1C490DF0B0FCF9
:101130001B4B019A1A60012002B010BD44F24E42CE
:101140009342F8D101AAE01C14490DF0A1FC154B03
:10115000019A1A60012002B010BDE01C01AA0F49DB
:101160000DF096FC019B0F2B13D90F4B0421196036
:101170000F2009F07FFC012002B010BD01AAE01C85
:1011800006490DF085FC094B019A1A60012002B056
:1011900010BD054AD9B21360EAE700BF5050010004
:1011A00098FAFF1FB00A002000FAFF1F90FAFF1FF5
:1011B0002DE9F04FDFF89882A04BD8F878549FB013
:1011C0004FF47A720A9300238DF82C308DF8343066
:1011D0001C931D930C92002D00F0CF8005F23C462D
:1011E000304605F0EDFF2946304606F04DF9DFF8B0
:1011F0007492D9F800100EAF21B138460023904AFE
:1012000007F098F91C98002800F0D48000252E469D
:101210008DF808604FF0000B4FF0FF0A98B10122E3
:101220000DF1070106F036F9012817D00BF1010383
:101230001EAA93441BB21D2B0BF870AC17DC1C9834
:101240009B460028EBD11D9B002B55D01846012250
:101250000DF1070104F02AFC0128E7D19DF80720D1
:101260000D2A08BF5B4640F0C9801D2BE7DD013B1E
:101270009BB21EAA1A4402F8706C9DF808202F2A0F
:1012800004D0012B02D902A8FFF736FF1C98C0B189
:10129000037819070ED4384607F038F9002D36D1F7
:1012A0000124684B0A93384607F030F920461FB0F6
:1012B000BDE8F08FC36942699A1AA9D4002AA7D160
:1012C000E9E71D9B002BE6D093F831201207E2D509
:1012D000D3E904ABD3E90023BAEB02026BEB0303BF
:1012E0004FF0000B6FF0004A9B4508BF924538BF96
:1012F0005246002A8CD1CEE70BF101031EAA93447B
:101300001BB21D2B0BF870ACB1DC9B4699E70B218F
:101310004D480AF04BFC00230A2221464B480BF0B3
:1013200013F84A480AF0E6FFD8F87854484B9DB3C2
:1013300005F23C46304605F043FF2946304606F0AC
:10134000A3F8D9F8001029B144F202233C4A3846E8
:1013500007F0F0F81C9B002B49D02146184606F0F8
:1013600099F91C9800283AD002223A4906F04EFA20
:10137000384607F0CBF8012493E7D8F87C54002DC9
:101380003FF435AF05F58866304604F00FFB29467B
:10139000304604F015FB2AE7D3F87C54002DD0D05A
:1013A00005F58866304604F001FB2946304604F016
:1013B00007FBC6E71D9D002D7FF428AF14212648AA
:1013C0000AF0F4FB21480AF095FF0D222349244836
:1013D0000AF07AFF22482C460AF08CFF61E71D983C
:1013E0000028C5D002221B4905F0BEF9C0E71D98B0
:1013F0000028BDD0224604F041FCB2E71EAB03EB4F
:101400000B01542A0BF1010301F8702C1BB20DD112
:101410001C9818B14469013C012526E71D9A12B1B8
:101420001468013CF8E74FF0FF34F5E71D2B3FF758
:101430001EAF0A2A3FF41BAF01E700BFDC4F0100DB
:1014400054500100B84F01006050010024000020FA
:10145000B84A00206C500100705001008850010013
:10146000145300207C5600202DE9F041044604204E
:101470000D46164609F0CEFC8046032009F0CAFC52
:101480000746B8F1000F2AD1DFF89C80244AD8F82B
:1014900000300121132B117039DD0133642BC8F8A2
:1014A00000303ADDC82BD4BF05343C3467B91D4F3A
:1014B0001B4A3B680121132B117022DD3C2C16DCEA
:1014C00001233B60013C02E0164B00221A60AC4253
:1014D00009DBB442C8BF2C462046BDE8F081124B60
:1014E00000221A60E2E734462046BDE8F0813B68FE
:1014F0000133642B3B60E5DDC82BD4BF053C3C3C8D
:10150000E5E7C82009F09AFC3C2CD9DDEFE7C820BC
:1015100009F094FCD8F80030BFE70134C6E700BFFB
:10152000604F00203C550020C854002010B5094CE5
:10153000204608F071FD2046012108F0C3FA20463C
:10154000022108F0B9FA002220461146BDE81040F9
:1015500008F0AEBA1453002038B5054608F02EF84E
:101560001E4C014620460AF02FFF2D200AF0A2FB58
:10157000284608F015F8014620460AF025FF2D20E0
:101580000AF098FB284607F0FDFF014620460AF0C6
:101590001BFF012112480AF009FB284607F0C8FF8B
:1015A000014620460AF010FF3A200AF083FB284645
:1015B00007F0CCFF014620460AF006FF3A200AF069
:1015C00079FB284607F0D0FF014620460AF0FCFED2
:1015D0002046BDE838400AF08DBE00BF2400002040
:1015E000D852010038B5054609F02AFA074C207098
:1015F000681C09F025FA6070A81C09F021FAA07097
:10160000E81C09F01DFAE070206838BD7453002012
:1016100008B50020FFF7E6FF1D4B18600420FFF718
:10162000E1FF1C4B1860082009F00AFA1A4B1870E9
:10163000092009F005FA194B18700A2009F000FA80
:10164000174B18700B2009F0FBF9164B18700C2083
:1016500009F0F6F9144B18600D2009F0F1F9134B5D
:1016600018600E2009F0ECF9114B18700F2009F0EA
:10167000E7F9104B1860102009F0E2F90E4B1860E2
:101680001220FFF7AFFF0D4B80B2188008BD00BFDE
:1016900090FAFF1F98FAFF1FAC0A00208055002027
:1016A00028540020684F0020BC54002080FAFF1FFF
:1016B0008CFAFF1F00FAFF1F0CFAFF1FAE0A002072
:1016C00038B50A4C0B460546C9B2236009F0D2F979
:1016D0006178681C09F0CEF9A178A81C09F0CAF954
:1016E000E178E81CBDE8384009F0C4B97453002023
:1016F00008B51F4B00201968FFF7E2FF1D4B0420BF
:101700001968FFF7DDFF1C4B0820197809F0B2F9C2
:101710001A4B0920197809F0ADF9194B0A201978EC
:1017200009F0A8F9174B0B20197809F0A3F9164B0B
:101730000C20197809F09EF9144B0D20197809F046
:1017400099F9134B0E20197809F094F9114B0F20D9
:10175000197809F08FF9104B1020197809F08AF9DF
:101760000E4B1988122089B2BDE80840FFF7A8BFC8
:1017700090FAFF1F98FAFF1FAC0A00208055002046
:1017800028540020684F0020BC54002080FAFF1F1E
:101790008CFAFF1F00FAFF1F0CFAFF1FAE0A002091
:1017A00070B5154C154D2046022108F085F9144BF3
:1017B0002A6853F8226030460DF0A2F931460246FD
:1017C00020460AF081FD20460AF094FD20460121C2
:1017D00008F072F92A680B4B53F8225028460DF096
:1017E0008FF92946024620460AF06EFD2046BDE8E4
:1017F00070400AF07FBD00BF1453002088530020C2
:1018000060FAFF1FC4FAFF1F30B5012183B01548ED
:1018100008F052F900226421124808F049F9002525
:101820004FF47A74152009F047F80BF079FE014661
:1018300028460BF0C1FD013C0546F3D10A490BF0E7
:1018400077FF0BF017FA012402460B460094054877
:101850000AF0C2FD05490348224603B0BDE8304006
:101860000AF032BD1453002000CB294898500100E3
:1018700008B501210F4808F01FF9082264210D481E
:1018800008F016F90C4B1B68012B0BD008225A21CB
:10189000084808F00DF9062208490648BDE8084046
:1018A0000AF012BD042206490248BDE808400AF0C9
:1018B0000BBD00BF145300200CFAFF1FA450010001
:1018C0009C5001002DE9F04F83B00F4601908068D5
:1018D0000021013016460BF039FE014629480BF075
:1018E00027FF044630460BF017FE01460BF064FD5F
:1018F000064638460BF010FE014630460BF064FEFB
:10190000014620460BF014FF4FF001084FF07E55C2
:101910000746C1464FF0010A4FF0000B50460BF04E
:10192000FFFD39460BF050FE04460CF013F80BF0A7
:10193000F7FD014620460BF03DFD294606460BF01B
:10194000E1FF4FF0874148B120460BF0DBFF28B1A3
:1019500020460CF05DF835468046D1461AF1010A62
:101960004BF1000BBBF1000F08BFBAF1400FD5D10E
:10197000019809F1FF3208F1FF3380E80C0003B051
:10198000BDE8F08F001B374C2DE9F04110298AB0DB
:101990000C46074663D0202904BF01230993224641
:1019A000394607A8FFF78EFF0798089E099D029405
:1019B000431C013601350393049605950BF0ACFDED
:1019C0004FF07E510BF0F8FC26490BF0FDFD8046F0
:1019D00030460BF0A1FD014640460BF0A9FE4FF04A
:1019E0007C510BF0F1FD064628460BF095FD0146B3
:1019F00030460BF09DFE054660000BF091FD014660
:101A000028460BF095FE0BF0A5FF174B01901A46E8
:101A1000009716491648174D174C0AF087FC1749CE
:101A200017480B6823F010430B60079A089B1203BA
:101A300002F47F22C3F30B0313432B609DF8243081
:101A400043F0E06323609DF8243043F08E4303604D
:101A50000B6843F010430B600AB0BDE8F08103232C
:101A600009939CE7001BB74C00D8B805AC500100A7
:101A70002400002004F1024008F0024080F00240FF
:101A800088F002402DE9F04F05469D4E9D4FDFF84E
:101A90008C8296F800E02F60FF2085F82400DFF8A4
:101AA000809298F80000BEF1060F59F820E04FF040
:101AB00000038DB00C4685F8253085F8263098BF98
:101AC0003370BEF1000F00F0AD808E455ED07346DE
:101AD000810001E09C4259D00B445B68002BF9D196
:101AE000734600E053460B44D3F804A0BAF1000F4C
:101AF000F8D15C603478029705EB010B4FFA80FC5B
:101B0000FF23062CCBF804A08DF82DA08DF82EA075
:101B100085F824C08DF82C30744604D80023337027
:101B2000002C00F0B480A24229D0234601E0934269
:101B300025D00B445B68002BF9D104EB010EDEF8D5
:101B40000440002CF9D1CEF804200CAB1944BCF1B0
:101B5000FF3F00F101034FF0000041F8240C88F82A
:101B600000308DF82CC0029705D0674951F82C2021
:101B700002AB9A4276D028460DB0BDE8F08F013016
:101B800088F8000028460DB0BDE8F08F3178029744
:101B9000FF24002306298DF82C408DF82D308DF878
:101BA0002E30574C00D823709645E8D073468100FC
:101BB00001E09A42E3D00B445B68002BF9D18E44DC
:101BC000DEF804402CB1A6468E44DEF80440002C1A
:101BD000F9D10CAB46B219440130731CCEF8042085
:101BE00088F8000041F8244C02978DF82C60C2D090
:101BF000454951F8262002AB9A42BCD159F826300B
:101C0000B00023B11A1853685460002BFAD198F829
:101C100000300022013B88F8003049F8262041F8C6
:101C20002620A8E700283AD0374B96F800E043F882
:101C30002050810005EB010C002349F820408DF86D
:101C40002D30CCF804308DF82E304FFA80FCFF2375
:101C5000BEF1060F029785F824C08DF82C307FF670
:101C60005DAF5DE759F82C304FEA8C0423B11A19A7
:101C700053685060002BFAD198F800300022013BE5
:101C800088F8003049F82C2041F82C2073E7E8B19F
:101C90001D4B49F8202002AA43F8202055E71B4994
:101CA0001B480B68019243F080630B60036819497D
:101CB00023F080430360152008F0C4FF164B019AFF
:101CC0004FF40011196098F80000ADE70F4C104870
:101CD0002368019243F08063236003680D4923F079
:101CE00080430360152008F0ADFF0B4B019A4FF4C1
:101CF0000011196098F800004FFA80FC8100C7E7D6
:101D0000BCF3FF1F00500100A856002004700440DF
:101D1000007004407504000000E100E0C956002096
:101D2000885600202DE9F04708F044FE4FF0FF31BF
:101D30006448654D08F05CF96449654B0A682B609E
:101D400000236B722B612B72EB600AB9B7E01A4665
:101D50005369002BFBD1556100245E4E5E4F5F4BF3
:101D60006C61AC80EC80AC7257482B60DFF8B481BA
:101D7000DFF8B4A1DFF8B49102F0CAFE06F1180250
:101D800030460121FEF7D4FD07F118020121384643
:101D9000A6F8B041C6F8AC41A6F8B241C6F8B841C1
:101DA000A6F8B441C6F800A0FEF7C2FD4046A7F869
:101DB000B04188E86000C7F800A0A7F8B24188F8F1
:101DC000084088F80940C8F80C4088F81040C7F867
:101DD000AC41C7F8B841A7F8B4410AF0BFF8404A8F
:101DE0004049414E40460AF0DBFD4FF0010A4846AB
:101DF00089E8A00089F80940C9F80C4089F810402A
:101E000089F808A00AF0AAF84846354A3549374DFE
:101E1000DFF81C810AF0C4FD354B3560354986F882
:101E20002540FF2586F8245019602D4A32497463F5
:101E30003046B46386F83C4086F826A00AF0B0FD30
:101E40002E4B88F82450264A2D4988F825404046D4
:101E5000C8F8003088F826A088F8274088F828407D
:101E60000AF09EFD324641462648274DFFF70AFEFE
:101E70001B4A264923480AF093FD254B184AC3F80C
:101E800078442826C3F87C4483F8984483F8956402
:101E9000C3F8A0541F49204D18460AF081FD1F4B7E
:101EA0000F4A1C714FF47A761C739C64DC649E604C
:101EB0001D601B491846BDE8F0470AF071BD0D6072
:101EC0004AE700BF14530020F8530020DC570020DD
:101ED000AC4F0100704F00202C510020C85501006C
:101EE000FCF9FF1FB90700009C53002004570100B4
:101EF00068530020AC5501009D06000018570100F2
:101F0000F50600009054002001100138F105000092
:101F1000B84A00204D070000DC4F0100D0540020DB
:101F2000A1070000E852002014500100FC520020DC
:101F30004C5500202DE9F84F424C434FDFF80C81FF
:101F40000A9E0B9D81468A462046396893461F4665
:101F500003F026FA2046002102F020FF88FB0B3117
:101F60004FEAEB73C3EBA10101EB8102ABEB420B38
:101F70000BF00F0B4BEA0111C9B2204602F00EFF25
:101F800088FB0A314FEAEA73C3EBA10101EB81033D
:101F9000AAEB430A0AF00F0A4AEA0111C9B2204625
:101FA00002F0FCFE88FB09314FEAE973C3EBA103A1
:101FB00003EB8301A9EB41011B0103F0300301F0A6
:101FC0000F011943204602F0E9FE2046012102F0EC
:101FD000E5FE88FB0731FB17C3EBA10101EB810391
:101FE000A7EB430707F00F0747EA0111C9B22046E4
:101FF00002F0D4FE88FB0631F317C3EBA10101EB1D
:102000008103A6EB430606F00F0646EA0111C9B2AA
:10201000204602F0C3FE88FB0538E917C1EBA8088B
:1020200008EB8801A5EB410505F00F0545EA08110D
:102030002046C9B202F0B2FE2046BDE8F84F03F0D8
:10204000C1B900BF64560020E4FAFF1F67666666E8
:1020500070B5104C06460D4620460A2103F0A0F943
:10206000C6F30721204602F099FEF1B2204602F0A5
:1020700095FEC5F30721204602F090FEE9B2204606
:1020800002F08CFE204603F09DF9B0FA80F0400982
:1020900070BD00BF6456002008B500213020FFF756
:1020A000D7FF00210220BDE80840FFF7D1BF00BFE5
:1020B00008B5E2213020FFF7CBFF43210220BDE825
:1020C0000840FFF7C5BF00BF0238032810B503DC86
:1020D00000285FDA002400E00C2444F26001302084
:1020E000FFF7B6FF6C212620FFF7B2FF4FF4F8711F
:1020F0002820FFF7ADFF40F622712C20FFF7A8FF44
:1021000000213C20FFF7A4FFFFF7D2FF2146042067
:10211000FFF79EFF4FF498710620FFF799FF00210B
:102120000A20FFF795FF08210E20FFF791FF4FF6D9
:10213000FF711020FFF78CFF47F67F712220FFF719
:1021400087FF00214FF49270FFF782FF4FF48A71EE
:102150002420FFF77DFF104C00212A20FFF778FF95
:1021600009210E4809F022FD21680D480AF02CF9DA
:102170000B480AF0BFF82168202041EA0111FFF75F
:1021800067FF014606480AF01FF905480AF0B2F851
:10219000012010BD8400A0E700FAFF1FC850010015
:1021A0002400002010B5074B0446102153F82000EE
:1021B000FFF7EAFB044802F097FE2046BDE8104016
:1021C000FFF782BF3CFAFF1F64560020F0B54F4C6A
:1021D0004F48216885B003F0E3F800214C4802F035
:1021E000DDFD00214A4802F03DFF216848480023F8
:1021F000072203F0CFF8464802F0F0FD0DF1FF365C
:10220000002504E002F0F4FD06F8010F0135404816
:1022100002F0E4FD04463E48002CF3D103F0D2F86E
:10222000072D09D00F213B4809F0C0FC3A480AF0BD
:1022300061F8204605B0F0BD9DF800509DF80140C2
:102240009DF804009DF805109DF802209DF80630C9
:10225000324FDFF8E0C02E1106EB860605F00F05C1
:1022600005EB4606251105EB850504F00F0404EB8C
:102270004505041104EB840400F00F0000EB440456
:10228000081100EB800001F00F0101EB400EF6B2E7
:10229000C2F301113E70181101EB8101204E02F0D2
:1022A0000F0202EB410200EB8000EDB203F00F03DE
:1022B0008CF8005003EB400332701A4D1A4A1B4849
:1022C0005FFA8EF1E4B2DBB22C700170137097F8F4
:1022D00000E09CF8007036782C78017813788DF83F
:1022E0000C401E3302A88DF80E308DF808E08DF8F2
:1022F00009708DF80A608DF80D1007F06FF90C4B1E
:1023000001241860204605B0F0BD00BFE4FAFF1FAD
:1023100064560020D45001002400002010530020F7
:1023200028550020B855002011530020614F00208F
:102330005C4F0020785300202DE9F04383B0044621
:10234000FFF744FF50B324B9174C206803B0BDE831
:10235000F083154C206807F0EBF80546206807F07D
:10236000F5F80646206807F0FFF80746206807F0F2
:1023700009F98046206807F013F98146206807F0C4
:102380001DF9CDF800900190434628463A46314663
:1023900000F0E2FA206803B0BDE8F08303B0BDE8C6
:1023A000F04308F017BD00BF5C4F00202DE9F04F4F
:1023B00001209DB0FFF7C0FFAC4FAD4C386007F077
:1023C000EFF82368834233D0AA4B1B6883B30A21FA
:1023D000A948AA4D09F0EAFBA94809F08BFF386823
:1023E00007F0DEF82060386807F0E8F82368A549B0
:1023F0000246A5480CF026FBD5F87844002C00F0E6
:102400000B8104F23C41012300249F4A8DF838409F
:102410000EA88DF839408DF83A4004F06BFFD5F8DE
:102420007804964B002800F00F81974906F048F891
:102430000021152008F0FCFC00254FF47A741520CB
:1024400008F03AFA0BF06CF8014628460AF0B4FF9F
:10245000013C0546F3D18D488D4C8E4E06F01EFD95
:10246000386807F0ABF88046386807F099F881467D
:10247000386807F087F80D90386807F059F88246F9
:10248000386807F063F88346386807F06DF8824AC9
:1024900082490A92074628460BF04AF90AF0EAFBFD
:1024A000CDE908017E4A10680AF0E4FBCDE9060197
:1024B0000D9B00936068216804914B46424605904D
:1024C00078490397CDF808B0CDF804A076480CF011
:1024D000B9FA75480CF014FB0146734809F066FB25
:1024E000674809F007FF1AE0674905F0E9FF31681E
:1024F00029B140F601236C4A6C4806F01BF86A4883
:102500000CF0FEFA0146684809F050FB5C4809F0FF
:10251000F1FE0A2008F092FC2368142B75D831686C
:1025200041B1634C604A04F1100040F6012306F00B
:1025300001F8A8B95F4C604923685B4801331A462B
:1025400023600CF07FFA4D4BD3F878040028CBD1F0
:10255000D3F87C040028CAD04B4904F0EDFCC6E750
:1025600056485749D0F800A0564D574A574B584E39
:10257000DFF86881D6F8009003C9286092E803006C
:10258000A86093E80300102701231FFA89F6AB82A5
:10259000E860EE8250462F610BF002FA5146A861C6
:1025A00050460AF009FF824648460AF0B9FF014644
:1025B00050460BF009F80BF0F3F9464AD8F8003012
:1025C000E86192E803005B02A26C6F84760003F17D
:1025D00024012E846862AB626960002A3DD01046F7
:1025E00029462C2205F012F909213B4809F0DEFAB0
:1025F000D8F80010224800230A2209F0A5FE20483E
:1026000009F078FE1DB0BDE8F08FFEF707FC4FF42F
:102610007A7008F013FC82E7D5F87C1400293FF4A7
:1026200007AF012301F58861174A8DF869400EA8AC
:102630008DF86A408DF86B4003F0CAFFD5F8780436
:102640000E4B00287FF4F1AED3F87C0400283FF451
:10265000EFAE0D4904F070FCEAE6E06C0028C3D050
:1026600029462C2204F080F8BEE700BF5C4F002012
:102670004455002098FAFF1FE4500100B84A00209A
:1026800024000020F0500100105400204D270000CD
:102690007C5300207C56002034FAFF1F00CB2948D1
:1026A000B8540020FC5001002C540020E0540020BD
:1026B000D0540020885500204451010088FAFF1FA3
:1026C000505101008C55002058510100605101000B
:1026D0000CFAFF1F685101003851010054530020CB
:1026E00038B50E211248134C09F060FA124809F06F
:1026F00001FEFFF75BFE114B002220461A60FEF739
:102700003FF90F4B1B680125022BA4F8B45108D0E8
:102710000B210C4809F04AFA0748BDE8384009F097
:10272000E9BD094C2046FEF72BF9A4F8B451EFE7B8
:1027300070510100704F0020240000206C4F0020D9
:102740000CFAFF1F805101002C5100202DE9F041AF
:10275000804601200E46FFF7EFFD244C206006F076
:102760002DFF0546206806F01BFF0746206806F08F
:1027700009FFA5F2BC739BB27F2B02D8FAB20C2AD8
:1027800028D90023A8F80030206806F0D1FE0746BB
:10279000206806F0DBFE0546206806F0E5FEFBB289
:1027A000172B13D8EBB23B2B10D8C3B23B2B0DD851
:1027B000FB026D0103F4FF2305F4FF552B43C0F327
:1027C000460003439BB23380BDE8F0810023338091
:1027D000BDE8F081C0B21F28D3D87F0107F4FF57AE
:1027E000384340EA43239BB2CCE700BF5C4F002054
:1027F0002DE9F0434F4A504BDFF85491DFF85481F4
:102800004E4F117898F800401A7899F800603868AF
:1028100083B03C2313FB064613FB012406F088FE1D
:102820000546386806F092FEC5EB051500EB8505F8
:10283000386806F0C3FE00F14E0338688DF80630A4
:1028400006F0AEFE8DF80500386806F09BFEA64245
:102850008DF804000AD2AE4249D8AC4247D3A41B3B
:10286000C4EB0414364D3748A40010E0AE4201D941
:10287000AC421AD3C4EB0414A300A6EB061403EB7A
:10288000840404F5A8342E4D2E4804F5C07410219C
:102890002C6009F08BF929682B4809F095FD2A482E
:1028A00009F028FD03B0BDE8F08302A8002598F8E0
:1028B000003099F8002000F8085D8DF801308DF89F
:1028C000022006F08BFE38602846FFF735FD3B6896
:1028D000984204DD03F5A83303F5C0733B600F2174
:1028E0001A4809F063F93868FEF736FEC2E702A815
:1028F000002599F8002098F8003000F8085D8DF860
:1029000002208DF8013006F069FE38602846FFF796
:1029100013FD3B68094A984204DD03F5A83303F52B
:10292000C07313600F21094809F040F93868FEF7B9
:1029300013FE94E728540020684F0020644F0020C5
:10294000505300209C510100240000208C510100B4
:10295000AC0A00208055002030B583B002AD079C42
:1029600005F8082D8DF80200069A8DF804304E34D3
:1029700028468DF801108DF805208DF8064006F0E8
:102980002DFE08F02DFA0020FFF7D6FC014B186051
:1029900003B030BDB44A00202DE9F04F002083B0D1
:1029A000FFF7CAFCB84BB94E18600121B848DFF8F0
:1029B0005083B84FB84D07F07FF80121B44807F0B5
:1029C00081F826220021B24807F072F80322B349A9
:1029D000AF4809F079FC26221921AD4807F068F8C4
:1029E0000322AF49AA4809F06FFC26223221A848E9
:1029F00007F05EF80322AB49A54809F065FC2622E2
:102A00004B21A34807F054F80222A749A04809F037
:102A10005BFC2E2200219E4807F04AF80023316813
:102A20009B480A2209F090FC2E221921984807F0B1
:102A30003FF80023D8F8001095480A2209F084FCDA
:102A40002E223221924807F033F83B6855F82300D4
:102A50000AF066FD95490AF06BFE0AF00BF90B4689
:102A6000024693498A4809F061FC2E224B2188488E
:102A700007F01EF88F4B18680AF0FCF80B46024668
:102A80008B49834809F052FC8B4B1C68012C00F0E9
:102A90005E81022C00F0D380884B3F68D3F8009011
:102AA000D6F800A050460AF037FD834620460AF0CB
:102AB00037FD01460AF080FC59460AF085FD0446C0
:102AC00055F827000AF02CFD014620460AF07CFD4F
:102AD0007B490AF071FC4FF08E410AF06DFC73499E
:102AE0000AF026FE71490AF023FE764B764A1B68EF
:102AF0001060012B054600F005814FF07E505946CD
:102B00000AF062FD8346D8F80000704C704F5044C4
:102B10000AF002FD014658460AF00AFE6D4B00908D
:102B2000834618780AF0FCFC6B4B19680AF04CFDE0
:102B3000594680464FF07E500AF03CFC674B1968BE
:102B40000AF042FD4946019058460AF03DFD019BBE
:102B5000014618460AF030FC014640460AF0E8FDFE
:102B60005F490AF031FD0AF01BFF0026019004F1D5
:102B700010094FF0000857F8040B44F8048B0AF0D2
:102B8000CBFC0146834628460AF0D0FE29460028A1
:102B90005DD158460AF0CCFD0AF06CF809F078FED9
:102BA0000AF094FB034644F8043C00FB0AF00AF0E8
:102BB000B3FC014630460AF0FFFBA1450646DAD1D8
:102BC00000990AF0B5FD019D044628460AF0A4FCD0
:102BD000014620460AF0B4FE26225C21002838D0A7
:102BE0002B4806F065FF05223E49294809F06CFB99
:102BF0002E225C21264806F05BFF3B4B24482A46E8
:102C000083FB02232B44E917C1EB234109F0DCFBD2
:102C1000012236491E4809F057FB76212E221C4816
:102C200006F046FF274B1A481A68012A0EBF3049A2
:102C30003049012203B0BDE8F04F09F045BB3F68C1
:102C40002D4A1E4B52F82790C3F8009028E7002128
:102C5000B0E70F4806F02CFF052228490C4809F080
:102C600033FB2E225C210A4806F022FF20460AF0A0
:102C700071FE1D49034681FB03211944DB170448FB
:102C8000C3EB2141C2E700BF5C4F002090FAFF1F59
:102C90001453002080FAFF1F3CFAFF1FB0510100BF
:102CA000B4510100B8510100BC51010000007A4448
:102CB000C0510100B85400200CFAFF1FE8FAFF1FB2
:102CC00000003042BC540020245500202C55002028
:102CD000585300208CFAFF1F94FAFF1F08FAFF1FB9
:102CE00000006145C851010007452EC2D0510100C6
:102CF000DC510100E05101009CFAFF1FD45101009A
:102D000098FAFF1F164A174B10781B78834286BF2C
:102D1000C3F11803C018C01A0AF002FC124A134B80
:102D200006461B781078834286BFC3F13C03C01867
:102D3000C01A0AF0F5FB0E49044630460AF044FC7E
:102D400021460AF039FB0B490AF0F2FCD7E63F684E
:102D5000094A0A4B52F82790C3F80090A0E600BF3A
:102D600028540020AC0A0020684F00208055002025
:102D7000000070420000B44410FAFF1FE8FAFF1F81
:102D800010B5012204460849084809F09DFA092CAB
:102D900003DC3021054806F051FE21460348BDE81A
:102DA000104009F011BB00BFF8510100145300207E
:102DB00038B504460D462348012106F07DFE2AB2AF
:102DC0000021204806F074FE204606F0F7FB01467D
:102DD0001C4809F0F9FA2D211A4806F02FFE20466A
:102DE00006F0DEFB0146174809F0EEFA2D211548E2
:102DF00006F024FE204606F0C5FB0146114809F006
:102E0000E3FA022210490F4809F05EFA204606F064
:102E10008FFB092803DC30210A4806F00FFE20460C
:102E200006F086FB0146074809F0CEFA204606F078
:102E30008DFBFFF7A5FF204606F096FBBDE8384066
:102E4000FFF79EBF14530020E45101002DE9F04725
:102E5000B54D2C682CB1012C00F0828030BFBDE84C
:102E6000F0872046FFF768FAB04FDFF83C83386000
:102E7000FEF75CFB0A22AE49AE48AF4E09F024FAD9
:102E8000AC4809F037FA0121AA4806F015FE1222D3
:102E90002146A84806F00CFE0522A849A54809F0DD
:102EA00013FAD8F80010A348013109F08DFA012275
:102EB000A349A04809F008FAD8F80020A14B9D4882
:102EC00053F8221023460A2209F03EFA30682821DE
:102ED000FFF76EFF38683721FFF76AFF954807F064
:102EE00015FA3A6833689A4236DB974C2368002B10
:102EF00000F0FC80022B00F0AF810D21934808F018
:102F000055FE934809F0F6F9924B1B68002B00F030
:102F1000E280012B00F0F0808F4C90480E2108F0E9
:102F200045FE0020FFF708FAFEF716FB0B218C4840
:102F300008F03CFE2068FEF70FFB0B21894808F0E3
:102F400035FE3068FEF708FB0123AE2179482B607F
:102F500007F06AF8FFF7C4FB2C68012C7FF47EAF02
:102F6000FDF7B4FF042007F055FF0446032007F0E7
:102F700051FF14B9002800F01D817B4F7B4B3A684C
:102F80001B689A42FFF46AAF794B724A1B68146857
:102F9000B3FA83F35B090020844214BF002603F0D8
:102FA0000106012C14BF002403F00104FFF7C4F94B
:102FB000694B1B689842ACBF002004F00100002858
:102FC00040F04F81002E40F04C81FDF775FEFEF77A
:102FD0006BF8594B674F1C68DFF8D081DFF8D0A140
:102FE0003046FFF7A9F9644A644B1268201A841A24
:102FF00024EAE47483FB04232344E017C0EBE320BA
:1030000009F026FE09F044FC0AF038F95C4A5D4BF1
:10301000386002FB004483FB042323448146E0170D
:10302000C0EB631009F014FE09F032FC0AF026F937
:1030300003011A1AC31A04EB830492004FF461636C
:1030400003FB0929C8F800404C44092CCAF80000C9
:1030500038DD3146022007F0D7FEFFF71DF84A4A57
:103060004A4913683A4823F010431360FDF748FCBF
:103070003968374809F0A8F9DAF80010344809F03F
:10308000A3F9D8F800103248FDF748FC08F042FEDA
:10309000642007F0D3FE98F800309AF800203978C1
:1030A0003B4806F031F93B4805F004FF01210220BE
:1030B00007F0AAFE4FF4967007F0C0FE364B186872
:1030C000FFF770F801233C2202211A4807F014F898
:1030D00000232B60C2E6314B254A31681B68126819
:1030E0001D4C0B441A443260236016E70A210E205F
:1030F000FEF7AEFF2368FDE61D4B1A68002A40F07C
:10310000C380274A33681768134C2649104803F5D3
:10311000A83202F5C0723B4432602360FDF7F0FB39
:103120002068FEF719FAF8E6A80A00205C4F002094
:10313000E851010014530020644F0020F4510100B5
:10314000D85201002C550020B00A0020FC5101008B
:1031500024000020BC540020845300201C52010095
:103160002C520100385201006C4F002054530020B3
:1031700098FAFF1FC054002004FAFF1FC5B3A291A4
:10318000F0F1FFFF8988888880F002406C520100CE
:103190009C5300209054002080FAFF1F90FAFF1FDC
:1031A000505300200C52010084550020205500206F
:1031B000245400203A4B3B4C1B683B4A3B4E3C4D51
:1031C000A06C5B02002103F12407A6F8B41157603C
:1031D0009362A5F8B411002836D004F05BFAA06C15
:1031E000304B48B32C22304904F010FB314805F035
:1031F0008DF901233C2202212F4806F07DFF642037
:1032000007F01CFEFEF792F907222C492A4809F024
:103210005BF8294809F06EF80121274806F04CFCBC
:1032200010222749244809F04FF8234809F062F892
:10323000214807F06BF8FEE7D86C0028D6D02C2286
:10324000194903F091FAD1E7E06C0028CED00022B2
:10325000002302F013FDC2E70B210E20FEF7F8FE5B
:103260004BE6144805F052F9FDF71EFFFFF79EF8F4
:103270000023144914483B60FDF742FB134B1248EE
:103280001988FDF74BFBE9E5114B31681B68114CC0
:103290000B441A4432602360FFF7AAFA3DE600BFF0
:1032A0006C4F0020D05400208C550020704F00201F
:1032B0002C510020E05400201453002044520100FF
:1032C0004C5201006052010024000020E057002011
:1032D00090FAFF1F845300202DE9F04F91B0FEF7C4
:1032E00097F9FDF729FD0821B148DFF84CB3B14E3D
:1032F000B14C08F05BFCB14808F0FCFF0020FFF780
:103300001BF8CBF80000FEF711F90622AC49AD48D6
:1033100008F0DAFF0121AB4806F0CEFB10220021B5
:10332000A84806F0C5FB1222A749A64808F0CCFF22
:10333000A44808F0DFFFA54B0121187807F064FDD1
:103340004FF47A7007F07AFD0721A14802F056FA8F
:103350000E219F4802F0DEFA0C219D4802F096FAF9
:103360009C4B964800251D6008F0C4FF934808F068
:10337000C1FF0521984808F019FC01218F4809F088
:1033800023F88E4808F0B6FF01218E4809F01CF89A
:10339000042292498B4808F097FF8A4806F0B6FF4E
:1033A000642007F04BFD8E4B8DF81D501F7809955A
:1033B0008DF81C70089607AB93E807000AAB83E80A
:1033C00007008DF829500C958DF828700B9693E81E
:1033D00007000DAB83E807000F9A009204F5916592
:1033E0000CCB284604F29C4105F002FA94F895347F
:1033F000C4F884547BB11C217A4808F0D7FB6F488D
:1034000008F078FF092278496E4808F05DFF6D48A2
:1034100006F07CFFFEE72946204605F0CDF800289F
:10342000E9D0D4F87804002800F0FF8504F066FFA6
:10343000054608216D4808F0B9FB29465F4808F0A9
:10344000C3FF5E4808F056FF28460AF069F868494D
:103450000AF0BAF8D4F87834574A0546002B00F041
:10346000508618790AF058F8014628460AF0ACF858
:103470000AF096FA0546D4F8840405F093FB0AF0A6
:103480004BF85B490AF0A0F80AF08AFA0A210446D0
:10349000584808F08BFB214600230A22474808F0D1
:1034A00053FF464808F026FFC72D00F2B985494A68
:1034B000002313601121504808F078FB45493F482C
:1034C000096800230A2208F03FFF3C4808F012FF79
:1034D00040493C48096800230A2208F035FF0122D0
:1034E0004649384808F0F0FE00230A2221463548B4
:1034F00008F02AFF334808F0FDFE324806F006FFC8
:103500004FF47A7007F09AFCFDF752FEFDF714FCB9
:10351000FEF7EEF83A4B1A683A4B9A4200F2C3852E
:10352000394A384B12689A4200F28885374B1A782C
:10353000172A00F28F85364B1A783B2A00F29585C0
:10354000344B1A78172A00F29B85334B1A783B2AA2
:1035500000F2A185314B1A68012A05D900221146D3
:103560000C201A6007F086FA2D4B1B68082B00F21E
:10357000BF852C4B1B780C2B00F2B1852A4B1B68A6
:103580000F2B00F2A385294A1368013B012B05D9B3
:10359000012319461020136007F06CFA244B1B8896
:1035A0009BB2B3F5B77F80F08785224E354668E041
:1035B0008052010080F0FA02B84A00202400002066
:1035C0008C52010014530020945201008C530020AF
:1035D000F0FAFF1F58530020F4510100A8520100D7
:1035E000E0530020E052010000530100B0520100FE
:1035F000BD37063ABC520100C8520100DC5201003E
:1036000090FAFF1FA086010098FAFF1FAC0A002065
:103610008055002028540020684F0020BC54002012
:1036200080FAFF1F8CFAFF1F00FAFF1F0CFAFF1F22
:10363000AE0A00205C4F0020B44A0020032007F0AF
:10364000E9FB002860D0082007F0E4FB002844D004
:10365000FDF76CFFFEF7A4F8FFF79EF9FEF7D4F82C
:10366000FEF706F90020FEF767FE3721FFF7A0FB03
:103670009A4806F04BFE0A2007F0E0FB002C40F0D1
:10368000CC840020FEF758FEDBF800403060041BBD
:10369000B4F5167F4FF00400D4BF0024012407F0D6
:1036A000B9FB0028CAD1042007F0B4FB38B90A20BE
:1036B00007F0C4FB042007F0ADFB0028F7D0884AD0
:1036C00088491368096801338B421360A4BF002343
:1036D0001360B3E70A2007F0B1FB082007F09AFB5C
:1036E0000028F7D07E4B1B68072B00F28584DFE8AB
:1036F00013F0250444003C01DF00C0035101A00089
:1037000072000A2007F09AFB032007F083FB0028D1
:10371000F7D0734A1368013B002B136093DA714BA7
:103720001B68013B13608EE76F4B1868FDF79CFE2A
:103730006D4B1860FDF7FAFE07226C49674808F0E8
:10374000C3FD664808F0D6FD674964480968002350
:103750000A2208F0F9FD3A466549604808F0B4FDD0
:103760005E4808F0C7FDFFF717F9FEF74DF85B4814
:1037700006F0CCFD022007F061FB082007F04AFBB1
:103780000128074601464FF46162CDD0082007F0BA
:1037900041FB0028FAD0524B00221A6000F02CBCEA
:1037A000544B188880B2FDF75FFE524B80B21880F0
:1037B000FDF7BCFE0A225049484808F085FD4D4BF4
:1037C0004648198889B208F0FFFD444806F09EFD7E
:1037D000022007F033FB082007F01CFB012840F211
:1037E0006D124FF00001DBD0082007F013FB00281A
:1037F000D1D1082007F00EFB0028F5D0CBE73F4BD6
:103800001878FDF731FE3D4B1870FDF78FFE092249
:103810003B49324808F058FD3849304809780023C0
:103820000A2208F091FD2D4806F070FD022007F0F5
:1038300005FB082007F0EEFA012801464FF00C02C4
:10384000DDD0082007F0E6FA0028A4D1082007F010
:10385000E1FA0028F5D09EE72A4B1868FDF704FE30
:10386000284B1860FDF762FE27491C48042208F027
:103870002BFD1A4808F03EFD224A244B126853F8EB
:10388000220009F04DFE224909F052FF09F0F2F939
:1038900002460B4611481F4908F048FDFFF77CF827
:1038A000FDF7B2FF0D4806F031FD022007F0C6FA21
:1038B000082007F0AFFA01284FF008024FF000018E
:1038C000CAD0082007F0A6FA00287FF464AF0820C9
:1038D00007F0A0FA0028F4D05DE700BF14530020E1
:1038E00088530020C0FAFF1F90FAFF1F68530100A1
:1038F00070530100AE0A0020C85301008CFAFF1F6C
:10390000D453010080FAFF1F7C5301003CFAFF1FD3
:1039100000007A4484530100B64B1868FDF7A4FDFB
:10392000B44B1860FDF702FE0622B349B34808F015
:10393000CBFCB24808F0DEFCAE49B0480968002371
:103940000A2208F001FD3A46AD49AC4808F0BCFC3B
:10395000AA4808F0CFFCFFF71FF8FDF755FFA7486E
:1039600006F0D4FC022007F069FA082007F052FAAA
:1039700001280746A34A4FF00001CDD0082007F0E8
:1039800049FA00287FF407AF082007F043FA00281F
:10399000F4D000E79C4FDFF88882049450E0306850
:1039A00005F00CFE40F634024FF4FA613860FDF782
:1039B0005BFD3B68C8F80000984224D0286805F0F9
:1039C000B7FD8146286805F0C1FD8246286805F0EC
:1039D000CBFD0446286805F0D5FD0390286805F066
:1039E000DFFD0090D8F80030A3F5FA6E2246039B65
:1039F000CDF804E051464846FEF79CFA0020FEF759
:103A00009BFCCBF80000FDF791FD05227F497B4828
:103A100008F05AFC794808F06DFC0020FEF78CFC99
:103A200005F0CCFD0146754808F0CEFCFEF7B4FF6A
:103A3000FDF7EAFE714806F069FC022007F0FEF986
:103A4000082007F0E7F90128A9D0049C082007F016
:103A5000E1F90028FAD0022007F0F0F96C4FDFF806
:103A6000C48105944FE0306805F09AFD49460C2268
:103A70003860FDF7F9FC3B68C8F80000984225D093
:103A8000286805F055FD8146286805F05FFD8246EF
:103A9000286805F069FD0446286805F073FDD8F82C
:103AA000001004902868039105F088FD03990091A7
:103AB000A0F5FA600190049B224651464846FEF765
:103AC00039FA0020FEF738FCCBF80000FDF72EFD98
:103AD00006225049494808F0F7FB484808F00AFC1C
:103AE0000020FEF729FC05F05BFD0146434808F085
:103AF0006BFCFEF751FFFDF787FE404806F006FC21
:103B0000022007F09BF9082007F084F9012881467C
:103B1000A9D0059C082007F07DF90028FAD00220E2
:103B200007F08CF93C4FDFF8008105944FE03068D6
:103B300005F028FD49461F223860FDF795FC3B68DB
:103B4000C8F80000984225D0286805F0F1FC8146AD
:103B5000286805F0FBFC8246286805F005FDD8F8CA
:103B6000003004930446286805F01AFD0390286885
:103B700005F024FD03990091A0F5FA600190049BE3
:103B8000224651464846FEF7D5F90020FEF7D4FB01
:103B9000CBF80000FDF7CAFC04222049174808F0C2
:103BA00093FB164808F0A6FB0020FEF7C5FB05F0C6
:103BB000E9FC0146114808F007FCFEF7EDFEFDF7B1
:103BC00023FE0E4806F0A2FB022007F037F908207A
:103BD00007F020F901288146A9D0059C082007F0AC
:103BE00019F90028FAD0022007F028F9DFF83C8004
:103BF00004946BE098FAFF1F7453010014530020E3
:103C0000705301008051010040550020985301007D
:103C100078550020A0530100C4540020A85301008F
:103C2000F05300207C550020DC530020A40A002023
:103C3000306805F07DFC17220021C8F80000FDF770
:103C400013FCD8F800309842074622D0286805F0C7
:103C50007DFC8146286805F087FC8246286805F0CF
:103C600091FC0446286805F09BFC0390286805F049
:103C7000A5FC039A0092A0F5FA60019023465246F3
:103C800049463846FEF756F90020FEF755FBCBF8BB
:103C90000000FDF74BFC05229B499C4808F014FBF3
:103CA0009A4808F027FB0020FEF746FB05F040FC91
:103CB0000146964808F088FBFEF76EFEFDF7A4FD6E
:103CC000924806F023FB022007F0B8F8082007F01E
:103CD000A1F80128ACD0049C082007F09BF800282C
:103CE000FAD0022007F0AAF8894FDFF84482059441
:103CF0004EE0306805F02AFC3B2200213860FDF7D9
:103D0000B3FB3B68C8F80000984224D0286805F04F
:103D10000FFC81462868D8F800A005F025FC044671
:103D2000286805F02FFC0490286805F039FC039002
:103D3000286805F043FC03990091A0F5FA60019012
:103D4000049B224651464846FEF7F4F80020FEF751
:103D5000F3FACBF80000FDF7E9FB07226D496B4849
:103D600008F0B2FA694808F0C5FA0020FEF7E4FA54
:103D700005F0ECFB0146654808F026FBFEF70CFE5B
:103D8000FDF742FD614806F0C1FA022007F056F83F
:103D9000082007F03FF80128ABD0059C082007F069
:103DA00039F80028FAD0022007F048F85A4FDFF817
:103DB000848105944EE0306805F0D6FB3B2200215B
:103DC0003860FDF751FB3B68C8F80000984224D0EA
:103DD000286805F0ADFB8146286805F0B7FB8246F0
:103DE0002868D8F8004005F0CDFB0490286805F05D
:103DF000D7FB0390286805F0E1FB03990091A0F53B
:103E0000FA600190049B224651464846FEF792F81C
:103E10000020FEF791FACBF80000FDF787FB0722A0
:103E20003E493A4808F050FA384808F063FA002052
:103E3000FEF782FA05F098FB0146344808F0C4FA10
:103E4000FEF7AAFDFDF7E0FC304806F05FFA02201D
:103E500006F0F4FF082006F0DDFF0128ABD0059C3A
:103E6000082006F0D7FF0028FAD02D4B00221A6058
:103E7000C2E0DFF8C4802FE02A4B1868FDF7F4FA9F
:103E8000284B1860FCF758FFFDF750FB0522264928
:103E90001E4808F019FA234B1C48196808F094FAD8
:103EA0001A4808F027FAD8F8000008F0E3FE009757
:103EB0000B460246154808F08FFA3A461B4913484C
:103EC00008F002FAFEF768FDFDF79EFC0F4806F0C9
:103ED0001DFA384606F0B2FF082006F09BFF0128C5
:103EE0004FF002074FF00F024FF00001C4D008203E
:103EF00006F090FF00287FF44EAC082006F08AFF01
:103F00000028F4D047E400BFB05301001453002050
:103F1000F4530020B853010048550020C05301005D
:103F20008853002000FAFF1F90530100BC5101008C
:103F3000CC5400204C530020B85400207A4CFDF79C
:103F4000F5FAFDF7D5FB0D21784807F02FFE216823
:103F5000774808F039FA764808F0CCF90821754816
:103F600007F024FE744B186808F084FE022702460E
:103F70000B4600976E4808F02FFA6D4808F0BAF922
:103F800008216E4807F012FE23686D4A684852F80F
:103F9000231000230A2208F0D7F9654808F0AAF98F
:103FA0001321684807F002FE2268674B604853F807
:103FB000221000230A2208F0C7F95D4808F09AF998
:103FC0000A226249624808F07FF9614808F092F9D4
:103FD00001215F4805F070FD13225E495C4808F03E
:103FE00073F95B4806F092F90120FEF7A5F94FF44A
:103FF000FA6006F023FF0124574F3B78002B3FF473
:1040000027ABFDF775FB4FF0000300203B70FEF778
:1040100093F9CBF80000FFF71BBB11B0BDE8F08FA0
:10402000474BC83D1D60FFF745BAD4F87C04002813
:1040300073D002F03BFF0546FFF7FBB93C23474A2C
:10404000194604201360FDF73BFB454B1A78172AED
:104050007FF671AA0022114608201A7006F00AFDA8
:10406000404B1A783B2A7FF66BAA002211460920A2
:104070001A7006F0FFFC3C4B1A78172A7FF665AAE7
:10408000002211460A201A7006F0F4FC374B1A7809
:104090003B2A7FF65FAA002211460B201A7006F019
:1040A000E9FCFFF757BA3C23314A19460020136058
:1040B000FDF706FBFFF734BA2E4A00231380118860
:1040C000122089B2FDF7FCFAFFF76FBA04232A4ADF
:1040D00019460F20136006F0CDFCFFF754BA0123F8
:1040E000264A19460E20137006F0C4FCFFF746BAA4
:1040F0000423234A19460D20136006F0BBFCFFF78A
:1041000038BAD2F87C345BB193F83D340120984042
:1041100009F002FA0146FFF7A8B90546FFF789B989
:104120000021FFF7A2B900BF845500200C53010005
:10413000240000201C5301002455002028530100B6
:1041400058530020345301002C55002048530100DF
:104150001453002054530100604F002098FAFF1FB1
:10416000AC0A00208055002028540020684F002011
:1041700090FAFF1FAE0A002000FAFF1F8CFAFF1F03
:1041800080FAFF1FCE4ACF4B1168CF482DE9F04F80
:1041900019605768CD4ECE495F600468CD4ACE4D58
:1041A000DFF89CE30A27142337608FB00B6040F2DE
:1041B000EE27137843B12B78DB0705D50368DEF8CB
:1041C00000105B1A0E2B08D8036811781B1B0029FE
:1041D00000F0ED81B3F5FA6FEBD94FF4FA7006F009
:1041E0002DFEDFF86083BD4CBD4FDFF85C930121ED
:1041F000112006F01DFE00250121112006F004FE0D
:10420000C8F80050642006F019FE4FF43053C8F887
:104210000030642006F012FE4FF43453C8F800302A
:10422000642006F00BFE2168AE48DFF820832B46A1
:104230000A2208F089F8AB4808F05CF84FF47A706D
:1042400006F0FCFD2168A7482B460A2208F07CF8FE
:10425000A44808F04FF84FF47A7006F0EFFD2B46B3
:104260000A2221689F48A04C08F06EF89D4808F08B
:1042700041F89E4800F038FE2946152006F0D8FD8A
:10428000022006F0F3FA0121022006F0D1FD0121FF
:10429000022006F0B9FD0121142006F0C9FD01211C
:1042A000062006F0C5FD2946142006F0ADFD0121CB
:1042B000062006F0A9FD0221042006F0B9FD022126
:1042C000032006F0B5FD0221082006F0B1FD012310
:1042D0003C220221864805F00FFF8C2006F0AEFD3F
:1042E000FDF724F90A228349814807F0EDFF804851
:1042F00008F000F87E4806F009F86E217E4807F0C5
:1043000059FD3B6859F8230009F00AF9C8F8000084
:104310000120FEF711F8794B2060984240F34B8161
:104320000120FEF709F820603868DFF824A2FDF7C5
:1043300039FFFEF7D1FF3D6859F8250009F0F0F884
:10434000C8F800002846FDF72DFFFDF7EFF8DAF872
:1043500000306B4D3B2B06D9B3F5967F34BF3C2321
:104360004FF496732B600120FDF7E6FF654B29683B
:104370001A88DFF8E091644DB3F800E0206090FB0C
:10438000F1F392B201FB0311D9F80000DFF858B144
:1043900005FB02135D495E4D18441FFA8EF208605A
:1043A0002B60002A40F0128100211220FDF788F9CD
:1043B000D9F80000574E584FDFF89CB109F0ACF81F
:1043C000D8F8001009F000F94FF06E5109F0FCF830
:1043D0004FF0745109F0F8F808F04CFC08F0D0F9EF
:1043E00000224E4B08F09AFC08F048FF4C4ADAF8DD
:1043F000003011684B4AC1EB03084B4B126828EAA6
:10440000E87883FB081302FB00F243444FEAE870AC
:104410003260C0EBE32008F01BFC08F039FA08F02A
:104420002DFF424E424B386006FB008683FB06237D
:104430003344F017C0EB631008F00AFC08F028FAC8
:1044400008F01CFFDFF81481A0EB0012034606EB16
:10445000820610213748CBF80030C8F8006007F01A
:10446000A5FB39681F4807F0AFFFDBF800101D48B7
:1044700007F0AAFFD8F800101A4807F0A5FF19485E
:1044800007F038FF08212C4807F090FBD9F80010FE
:10449000144800230A2207F057FF124807F02AFFAA
:1044A0000821264807F082FB0A220023DAF80010D0
:1044B0000C4807F049FF0B4807F01CFF0E214FE0A6
:1044C000588004407C530020DC560020E05300203C
:1044D0008C530020C0570020D857002000D0034044
:1044E00080FAFF1F240000205C4F0020645600204B
:1044F00014530020E05301000082FF1FCB7E0F64A5
:1045000084FAFF1FAE0A002080510100845300206E
:10451000644F002054530020C0540020000040404D
:1045200004FAFF1F0CFAFF1FC5B3A291F0F1FFFFC1
:10453000898888886C5201001454010020540100BD
:104540008858002010D003403CFAFF1F88FAFF1F54
:1045500098FAFF1F90FAFF1F2454002020550020D6
:104560007F4807F023FB2068FCF7F6FF0C217D480D
:1045700007F01CFB2868FCF7EFFF2B6824687A48DB
:104580001C1B152107F012FB2146784807F01CFF81
:10459000764807F0AFFE7649764B00204FF0FF32A9
:1045A00008601A600FB0BDE8F04FFCF77DBDBB425C
:1045B0007FF6FFAD11E60C2218238DE80C0029468A
:1045C00001232A461020FDF7B5FCA9E600210220B0
:1045D00006F01AFC0021142006F016FC2A68DBF80D
:1045E00000306148D31A1521039307F0DFFA0399CD
:1045F0005E4807F0E9FE5D4807F07CFE4FF01E0BB9
:10460000FCF794FF05225C495C4807F05DFE5B48BF
:1046100007F070FE0120FDF78FFE01212060574852
:1046200005F04AFA05225649544807F04DFE534812
:1046300007F060FE1A212868FEF7BAFB37212068D0
:10464000FEF7B6FB4D4805F061FE4FF47A7006F0B8
:10465000F5FBBBF1010BD3D1039B3C2B28DDAE2135
:10466000464805F0E1FC0121112006F0CDFB0022B7
:1046700011461423434804F047FE0A2006F0DEFBEF
:104680000021112006F0C0FB3F4804F013FC01217B
:10469000062006F0B9FB0120FDF74EFE0021206048
:1046A000062006F0B1FB2B6822689B1A3C2BD6DC57
:1046B0000121022006F0A8FB0121142006F0A4FB32
:1046C0000121062006F0A0FB4FF47A7006F0B6FB3D
:1046D00007212E48DFF8B8B001F090F80E212B48E2
:1046E00001F018F90C21294801F0D0F896F800C023
:1046F000DFF8A0E08DF814C000268DF8156007964D
:10470000CDF818E005AB93E8070008AB83E8070095
:104710008DF821600A968DF820C0CDF824E093E84A
:1047200007000BAB83E807000D9A00920BF591662A
:104730000CCB30460BF29C4104F05AF89BF89534B0
:10474000CBF884641BB13868FDF72CFD2CE63146AC
:10475000584603F031FF3868FDF724FD24E600BF1A
:104760001C5201002C540100EC53010024000020D5
:10477000A80A0020445500200454010014530020CE
:104780000C5401009C53002090540020F0FAFF1FAD
:10479000B84A002080F0FA020020704700207047DD
:1047A00038B5242908BFC2800C46017A0E48154648
:1047B00000F046FCC4F307210B4800F0EFFAE1B229
:1047C000094800F0EBFAC5F30721074800F0E6FAC4
:1047D000E9B2054800F0E2FA034800F0F3FDB0FA50
:1047E00080F0400938BD00BF6456002038B501256F
:1047F00004460571334800F077FB052006F01EFBE8
:10480000204644F260023021FFF7CAFF20466C22A6
:104810002621FFF7C5FF20464FF4F9722821FFF744
:10482000BFFF204640F622722C21FFF7B9FF204639
:1048300044F246423C21FFF7B3FF204640F23712D4
:104840002421FFF7ADFF204644F2FF023021FFF79D
:10485000A7FF732202212046FFF7A2FF4FF4C87082
:1048600006F0ECFA204641F61D522E21FFF798FF84
:10487000042211462046FFF793FF20464FF498721A
:104880000621FFF78DFF204610220A21FFF788FF3F
:10489000204600220E21FFF783FF204643F63C42CC
:1048A0001021FFF77DFF204647F67F722221FFF798
:1048B00077FF204636222421FFF772FF65722846D3
:1048C00038BD00BF6456002038B50546F1B18029D7
:1048D00003799ABFC1F1800444EA0424002433B967
:1048E000224628462221BDE83840FFF759BFC2883A
:1048F000002322F0100203712421FFF751FF22460A
:1049000028462221BDE83840FFF74ABF0123037142
:1049100047F67F722221FFF743FFEA8842F0100238
:10492000284692B22421BDE83840FFF739BF00BFC6
:104930000B4610B507490446184608F045FE0649DF
:1049400008F03AFD09F02CF801462046BDE8104079
:10495000FFF7BABF00000143EE7CFF3E10B50446EE
:1049600019B1012911D0002010BD55222021FFF7D7
:1049700017FF0028F7D0E28842F00402204692B2E6
:104980002421BDE81040FFF70BBF40F273122A212B
:10499000FFF706FF0028E6D0882220212046FFF7F7
:1049A000FFFE0028DFD0E288204622F00402242106
:1049B000BDE81040FFF7F4BE10B5044607F0FEFB5B
:1049C000204610BD024A0349034807F0E9BF00BF73
:1049D000FCF9FF1FB9490000BC5500201B4A1C4BC5
:1049E00011681C48096970B499421279027009D2A1
:1049F000194A127832B3194A4FF08041116003F519
:104A0000807402E01C46A3F58073154A15491268AC
:104A10000D68AAB1A5B1144E3088402810D84100C5
:104A20000A444030294402320231308033F9040B09
:104A300022F8020F9C4233F9020C21F8020FF5D83C
:104A400070BC704703F58074DFE700BFCC550020D1
:104A5000B8F2FF1F1F800040C655002008E200E0AA
:104A6000D4550020C8550020C4550020F8B506468E
:104A700007F0D0F90446E8B107F0CCF90546002864
:104A80003AD072B61F4B1A887F2A19D8002C31D021
:104A90001D490A6842B162B6204607F00FFA28465F
:104AA000BDE8F84007F00ABA18480C601A800560A3
:104AB00062B6F8BD054672B6124B1A887F2AE5D950
:104AC000114A12491768146000220C681A800D60A0
:104AD00062B63946304607F01BFA384607F0EEF961
:104AE00030462146012207F013FA2046BDE8F8407F
:104AF00007F0E4B962B6F8BD204607F0DFF92C46AE
:104B0000BFE700BFC4550020D4550020C855002081
:104B1000F8B5284C284E2046012107F0EBFA00F0AA
:104B200083F8264B264A27484FF480611960236892
:104B300000211A6099802279186102F1804202F501
:104B4000043240F20110D8809E614FF4807502203B
:104B500006278E26DD82D960DD8398609F83988248
:104B60001170167007F06CFA1749184B2279184F1C
:104B700008701A7039682279164C174D174E41F09B
:104B8000124141F00101531139609B00206803F18B
:104B9000604302F1100703F5614302F01F02012197
:104BA00040F0104001FA02F2206045F827601A60D8
:104BB000F8BD00BFCC55002000FEFFFF14B004403C
:104BC000A0F00240B8F1FF1FC65500201B80004036
:104BD00080F0024000F0024000F4FF1FDD490000B9
:104BE000024A0349034807F0DBBE00BFFCF9FF1F80
:104BF000B9490000CC550020024A0349034807F098
:104C0000CFBE00BFFCF9FF1FB9490000D8550020F6
:104C1000024A0349034807F0C3BE00BFFCF9FF1F67
:104C2000B9490000E0550020284B29491A68294855
:104C300042F400421A600A6842F002020A601A68EE
:104C400042F002021A600368002B3DDB224B1B6816
:104C5000002B39DB214A4FF0864313601368002B89
:104C6000FCDBF0B51E4C1F48DFF8ACE01E491F4BC3
:104C70001F4A204F204E214D41F2100CC4F800C0B5
:104C8000002404600120CEF80000DFF890E0C1F8B5
:104C900000E04FF480311960194B1360DFF880E0B9
:104CA000184A3A60346028601748CEF80000174C64
:104CB000B9671748174946F8503C4FF4C0632A615A
:104CC000236003600B60F0BD704700BF3C80044070
:104CD0004080044000F0024080F0024000F10240B9
:104CE00004F1024060F0024008F002400CF0024083
:104CF00010F0024014F00240E0F0024084F0024064
:104D00001B0F0100000F0F0F0300004708B0044005
:104D10000CB0044018B0044004F002400300000747
:104D200088F00240024A0349034807F039BE00BF39
:104D3000FCF9FF1FB9490000E8550020024A034969
:104D4000034807F02DBE00BFFCF9FF1FB949000062
:104D5000F0550020024A0349034807F021BE00BF76
:104D6000FCF9FF1FB9490000F8550020024A034929
:104D7000034807F015BE00BFFCF9FF1FB94900004A
:104D800000560020024A0349034807F009BE00BF4D
:104D9000FCF9FF1FB9490000085600200A4B1B7898
:104DA00013B90A4B1B786BB1094A1378202B07D82B
:104DB00010B4581C074C1070E154012010BC70470F
:104DC00001230371002070477656002039560020D9
:104DD0007756002018560020704700BF024A034B48
:104DE00010781B78C01A7047755600207456002042
:104DF000064A074913780978994204D90548591C8D
:104E0000C05C117070474FF0FF307047745600203F
:104E1000755600203C560020054B064A1B78127838
:104E20009A4286BF044AD05C4FF0FF30704700BF03
:104E300074560020755600203C56002070B50D4B6E
:104E40001B78144613B90C4B1B788BB10B4E35787D
:104E5000C5F12103A34202D201221C460271084877
:104E600022462844254405F01BFB3570204670BDC2
:104E7000184670BD7656002039560020775600201F
:104E800018560020124BDB7803F020034BB1114A77
:104E900013780133DBB2012B137012D9122005F005
:104EA00055BF10B5122003F0FF0405F04FFF0A4B69
:104EB0001B685BB109490A4A0C701078BDE81040C4
:104EC0001847084B1B78002BE8D0704710BD00BF77
:104ED00000600640605600201456002074560020E2
:104EE00075560020395600200D4A0E4BF0B50020B3
:104EF0000D4C10702268DFF838E00C4F42F0400291
:104F000022604FF4197127260425202480229870EE
:104F1000CEF8001039605E709D715C719A70F0BDC2
:104F200039560020006006403480044008A0044048
:104F30000CA0044010B5384CE378DBB2D80623D57A
:104F400010225906E2701ED503F0040303F0FF029D
:104F5000002B33D0314B32491A68324C00230B708E
:104F60002370002A3BD090472378002B37D02E4B5C
:104F70001B78294A2D49D02494701371264B0120A7
:104F800002220870DA7010BD5A06DDD4A27802F051
:104F9000100202F0FF0042B313F001031BD12349BA
:104FA00020480A780078904281BF1F4B501C9B5CC0
:104FB00008702371184BD0229A7008E01C48164BD9
:104FC000174902700120C02208709A701B79124B99
:104FD0000222DA7010BDC023A3702379F7E71249CB
:104FE000002301220B702270C3E7124B1249187084
:104FF0000322122005F02EFE0D4923790A781F2A7C
:10500000DBB2E4D8064800780028E0D00B4C501CF6
:10501000A3540870DBE700BF006006405C56002028
:105020001056002077560020185600207856002091
:105030007556002060560020854E00003C5600202A
:105040000548064A10B40123054C0370490013704B
:10505000217010BC704700BF7656002077560020A4
:10506000185600202DE9F047584C1223E370A3781E
:1050700003F0200382B0002B54D0B423DFF860A1EA
:10508000A370DAF80020514C0020E378DBB29342A1
:1050900018BF01209F061A46F7D5002840F08D80E2
:1050A0004B4B1B78002B34D003F1FF3C5FFA8CFC98
:1050B0000027DAF80020DFF82CE1444D0CF1010C58
:1050C0003C464FF002081EF8013F2B715FFA87F94A
:1050D000104601E09E0608D5EB78DBB293421CBF78
:1050E000184601249E071A46F4D585F80380EE7809
:1050F000F6B2B3420EBF024632460124F30633D461
:10510000B30631D5F30744D401376745DBD1002C12
:105110004AD1002000292ED12E4B00221A7002B055
:10512000BDE8F0872C4DDFF8B8A003F0FF022B6834
:105130000093009EDAF8000005E02B680193019BC4
:105140009B1B0F2B1BD8E378DBB2834218BF0122D5
:1051500013F0200F1846F0D192BB20481B4B0024BF
:10516000B02204709A708CE70CBB184B80229A70A6
:1051700004200029D0D0154B80229A70CCE7CAB900
:10518000124B00218022042099709A7002B0BDE871
:10519000F087C4B90D4BB9F1000F4FF080020CBF7E
:1051A000022003209A70B7E7CAF80020B1E7CAF8D6
:1051B0000020DAE7CAF80000E2E7CAF800306FE73B
:1051C000CAF80030C9E7CAF80020E3E700600640EB
:1051D0007756002076560020DC56002039560020F5
:1051E000ECFAFF1F175600202DE9F04F624E634D79
:1051F000DFF8989100201224287089F80000F470DC
:10520000B07800F02000002855D0B420DFF880A14D
:10521000B070490041F00101574EC9B23171DAF85E
:10522000000000240546F178C9B281421CBF0D463A
:1052300001248F070846F6D5002C40F091804E4897
:105240000224C470C078C0B2884218BFCAF80000F7
:1052500010F0110076D1002A44D0012A78D0464DB2
:10526000474FA021A97002F1FF3BA2F1020E29795C
:10527000DAF8004006465FFA8BFC5FFA8EFE4FF0CC
:105280000208E978C9B2A14218BF01200C46A10763
:10529000F7D5711CB64585F80380CEB22AD029799E
:1052A00007F8011F6645ECD108B1CAF80040354E39
:1052B000E34610462AE0DFF8D8A0DAF8004000F014
:1052C000FF05F078C0B2A04218BF01250446A00631
:1052D000F7D4002D47D12C4C274800252570B02449
:1052E000847096E7002B244B0CBFA02280229A707A
:1052F000BDE8F08F002839D11F49224EA8208870C0
:10530000097906F80E105FFA8BFB1046DAF80040B8
:10531000194F0025F978C9B28C4218BF01250C46F7
:10532000A107F7D52DBB1449B0240225CD708C7090
:105330000C7906F80B400BB180238B7089F80020A4
:10534000BDE8F08F0C4B80229A700020BDE8F08FF2
:1053500009490C4EA8248C70834609791046D5E77C
:10536000CAF800506BE7CAF80040B4E7CAF800403A
:10537000C2E7CAF80040D6E7006006407456002035
:105380003B5600203C560020395600207556002020
:10539000ECFAFF1FDBB2D2B2C9B2FFF725BF00BFE4
:1053A0000548064A10B40123054C037049001370E8
:1053B000217010BC704700BF765600207756002041
:1053C000185600200121FFF74DBE00BF044B054ACF
:1053D0001A604FF47A71002299601A711A7370473B
:1053E00064560020D455010010B4047F4160022CA3
:1053F000C26002D010BC06F0FBBE836810BC184728
:105400002DE9F0410468E56815F0807F794D25604D
:1054100052D1DF0740F1B380002900F0E3800D781E
:10542000012B18BF45F000456563013190F82480D9
:1054300003F1FF3C48EA0828BCF1000F00F0A88007
:1054400021B14D7811F8028B45EA082845682E7A7B
:10545000BCF1020F06F1FF364FEA06360CBF48F0EA
:10546000805548F01045B6B26563ACF1020C08E017
:105470000AB114700132013B05F47045B54216D9EA
:105480000468E56A15F0F00FF6D0A46B13F0010F75
:1054900017464FEA242EEBD11AB107F802EB5470ED
:1054A0003A4605F47045B542A3F10203E8D8BCF1D1
:1054B000000F6DD00468C3E7DD074CD5002900F06C
:1054C00089800D78012B18BF45F0004565630131D7
:1054D00003F1FF3E90F824C0BEF1000F41D029B186
:1054E00091F801C00D78023145EA0C2C45682E7AFE
:1054F000BEF1020F06F1FF364FEA06360CBF4CF044
:1055000080554CF01045B6B26563AEF1020E08E06E
:105510000AB114700132013B05F47045B54215D94A
:105520000468E56A15F0F00FF6D013F0010F174686
:10553000A46BEDD122B107F8024B241254703A4605
:1055400005F47045B542A3F10203E9D8BEF1000F9E
:1055500007D00468C3E79E4690F824C0BEF1000F50
:10556000BDD11BB30468E16A11F0F00FFBD0A16B51
:10557000DC071DD50AB111700132013BF1E790F84B
:1055800024809C4648EA0828BCF1000F7FF458AFFD
:1055900063B10468E16A11F0F00FFBD0DE07A16B84
:1055A0000FD50AB111700132013BF1E7BDE8F0817E
:1055B0002AB114460D1204F8021B55702246023B14
:1055C000CFE72AB114460D1204F8025B517022464F
:1055D000023BDDE790F82450012B18BF45F0004551
:1055E000656375E790F82450012B18BF45F000451E
:1055F00065631BE700041F80F0B4464B464A186BF6
:10560000DC6A01791170454922790A709A6A007939
:105610000870002A46D05968C9688A423ED8216875
:10562000CC8B240402F1FF3065D4C0F30E00C88394
:10563000C88B80B2C882196B0968C88B000452D429
:10564000C2F30E00C883C88B002480B212F1FF326F
:10565000C88218BF01229C62D96A2E4809680D6869
:1056600000F12404A54236D00068C46814F0804FCD
:105670000C680D6815BF248824780235013544F084
:1056800000440D604463196B254B09791970214959
:1056900012B1CA6A12791A70F0BC7047521A9A6233
:1056A0000122D9E7586B196805681E4C0A63CC6261
:1056B000CC682D681C4E24F080440327B542CC6092
:1056C00083F825701FD1037F4260022BC2601ED079
:1056D000F0BC06F08DBD016890F82400CC6840F065
:1056E00000404863CFE7CC8BC2F3080004F47E444B
:1056F0002043C883A7E7CC8BC0F3080004F47E44A2
:105700002043C88394E72B461146F0BC18478368B2
:10571000F0BC1847F0FAFF1F1F8000401C800040BB
:105720001B80004000000FFFE953000090E80C00D0
:10573000F0B41C6859682568164F174E294321603C
:10574000164D17491760D66015611160417A154AE8
:105750005C180A3194F8244053F8215002EBC4013C
:1057600049680D60017A5C1803EB8101247ECD69E4
:1057700002EBC40149680D60817A581803EB81037C
:1057800090F83000596B02EBC002F0BC536819600E
:10579000704700BF01401F00011000380110007861
:1057A00000001F80DC5C01004268036805CA10B479
:1057B000046822430260D868840100F0E06205D5E5
:1057C000080900F4706021F470410143D868114366
:1057D000814209D01A68500408D40748186041F083
:1057E0008040D96018611A6010BC704741F0804257
:1057F000D96010BC1A61704701401F00204A4368FD
:105800009A42F0B40FD0427A1A4492F8242091427E
:1058100007D093F824408C4215D093F825408C4251
:105820002AD0F0BC70470B2907D00729EBD1154CC3
:10583000227842F001022270E5E7124C227822F031
:1058400001022270DFE7002421461E685D68366889
:105850002E420FD00C4D05EBC202002756685A1895
:10586000376092F8242005EBC2050A316A6853F8C4
:10587000213013604472D4E701242146E5E700BFDC
:105880007C56010021580020DC5C01001E4A436860
:105890009A42F0B40CD0027A1A44127E914205D09A
:1058A0001C7E8C4214D05C7E8C422AD0F0BC7047A7
:1058B0000C2907D00829EED1144C227842F00202BC
:1058C0002270E8E7114C227822F002022270E2E70F
:1058D000002421461E685D6836682E420FD00C4DAC
:1058E00005EBC202002756685A183760127E06314F
:1058F00005EBC20503EB81036A685B681360047201
:10590000D4E701242146E5E77C5601002158002018
:10591000DC5C0100204A43689A42F0B40FD0827ADE
:105920001A4492F83020914207D093F830408C42CC
:1059300015D093F831408C422BD0F0BC70470D2924
:1059400007D00E29EBD1154C227842F004022270C8
:10595000E5E7124C227822F004022270DFE70024EF
:1059600021461E685D6836682E4210D00C4D05EB4E
:10597000C202002756685A18376092F830200C315E
:1059800005EBC20503EB81036A685B6813608472F0
:10599000D3E701242146E4E77C560100215800208A
:1059A000DC5C01000BB1FFF72BBD704710B504465E
:1059B00000F03CFD002384F8313084F8333010BD12
:1059C00090F831200AB10020704738B504460D46E2
:1059D0001146382208F0E2FD4023012084F83130DE
:1059E00084F83300256238BDF0B50878202803D14B
:1059F00011F8010F2028FBD051600878002851D001
:105A00002F282BD05C2820D0A0F12204E4B21D2C3A
:105A10001DD9DFF894E04E1C00247C28A0F120055D
:105A2000374612D05E2D10D816F8010BA0F12205D2
:105A3000EDB2013478B32F2811D05C282EFA05F787
:105A400003D01D2DE9D8FD07E7D50020F0BD164D88
:105A500025FA04F4E607DCD50020F0BD00240F1978
:105A60003E4625462F2002E016F8010F013520287A
:105A7000FAD02F28F8D02944196044B1394611F8DA
:105A8000013D2E2B01D0202B08D1013CF7D120461F
:105A900010600120F0BD1F600F19EFE7FF2CF6DD4D
:105AA0000020F0BD1960F3E7010100352DE9F04752
:105AB00090F83330DD0782B0044640F1AD805806DF
:105AC0000D46164640F1B380D4E90001D4E9042321
:105AD00010EB060841F100094B4508BF4245C0F0F4
:105AE000AC80002E00F0AB80A146F9E80623B0465A
:105AF00050E013436CD194F831305A064CBFD0F8C3
:105B00002C14E169A16190F83DC4D0F82424023935
:105B10007F0A01FA0CFEB9187144BAF1000F43D1A3
:105B2000B8F5007F40D3D0F8142291423CD0B8F5AC
:105B3000806F54D34FF0010A0AFA0CFCC7EB0C0734
:105B40004FEA582ABA4528BFBA4691424FEA4A2737
:105B50000CD80AEB0103934208D900F503700191B8
:105B600000F0B2FF002857D0206A0199D0F838041D
:105B700053462A4603F058F800284DD038460021F5
:105B8000D4E9002312184B41B8EB07083D44C4E99F
:105B9000002354D0206AD0F830741740C7F3080AA5
:105BA000002FA6D0A169AEE700F50370002200F037
:105BB00023FF88B3CAF50077474528BF474600EB67
:105BC0000A013A46284604F06BFC38460021D7E724
:105BD00094F833305B060FD5A169013192E7D0F814
:105BE000380401232A4603F01FF8A8B14FF40070CF
:105BF00000214FF40077C3E74A46A16901F0FCF8A1
:105C000040B2002808DB02D0206AA1697BE794F843
:105C1000313013F0500F14D194F832304FF0FF3080
:105C200043F0020384F8323002B0BDE8F08794F804
:105C3000313019073FF548AF53E7161A51E74FF0D7
:105C40000008C8EB060002B0BDE8F087F0B583B0ED
:105C500001220DF107010446D0E900678569FFF7CD
:105C600025FF012808BF9DF80700A56118BF4FF068
:105C7000FF30C4E9006703B0F0BD00BF2DE9F04F6D
:105C800090F831E0856983B00446BEF1000F1BD067
:105C9000D0E90001994208BF904216461F463BD00A
:105CA00056EA070307D10023A3610120C4E9006776
:105CB00003B0BDE8F08F1EF0080F0AD0D4E904232A
:105CC000BB4208BFB24204D2A561002003B0BDE8C8
:105CD000F08F236A019393F83DC494F833A00CF13C
:105CE000090C5FFA8CFC16F1FF3247F1FF33CCF15F
:105CF000200803FA08FB22FA0CF242EA0B02ACF18C
:105D0000200B23FA0BF31AF0400F42EA030205D0EE
:105D1000E3691A44A261C8E70120D7E710F1FF390F
:105D200041F1FF3A29FA0CFC0AFA08F84CEA080C8F
:105D30002AFA0BFB4CEA0B0C6245534617D21EF0B5
:105D4000400F16BF019BE369D3F82C34A361904642
:105D500004F118094A46B8F1000FA6D0A169206ADB
:105D600001F04AF808F1FF380028F3D1ACE750EA17
:105D70000103E4D0CCEB0202E9E700BF2DE9F04FCC
:105D80000E4693B090F831100092054629B99A4614
:105D900096F8313013F0500F07D1002085F831000C
:105DA00085F8330013B0BDE8F08F1C9B03F00303AC
:105DB000012B06D0022B00F00981002BEDD101232D
:105DC00000E002231C9A02F0080213430193009B97
:105DD000002B00F0FD8018460022514601F0D0F85B
:105DE00096F8313002904BB1D6E90023134305D029
:105DF00000220023C6E900230021B161B84A0AF15C
:105E00000E0382FB03121A44DB17C3EBE203DBB27F
:105E10004FF00009039302335FFA83FB4C464F4671
:105E200020220AA93046FFF741FE00283DD0202855
:105E3000B3D19DF828301A0666D4002C61D132689F
:105E4000B1690791203A08920134E4B26BB3C02BD8
:105E500000F09380C12B62D0852BE1D13822002144
:105E6000284608F09BFB9DF82C309DF8292085F8EA
:105E70003020D80603F0370258BF42F0080285F8F8
:105E800031203368316AB2696A62203B2962AB62B1
:105E900096F83330C3F3801385F82C3020220AA9FA
:105EA0003046FFF703FE0028C1D11C9B99057FF502
:105EB00074AF019B9A077FF570AF009B002B3FF4F6
:105EC0006CAF5C450CD386E020287FF466AF24B924
:105ED0003268B1690791203A0892DCB2A3457AD9B9
:105EE00020220AA93046FFF7E1FD631C0028EBD110
:105EF0003046B76900F0C8FA00283FF44EAFB761EA
:105F0000ECE75C45A2D29FE7B9F1000F9FD15C4559
:105F100038BF0024852B83D14FF001099EE7C7EBE2
:105F20000A085FFA88F8B8F10F0F28BF4FF00F0882
:105F300043463A4600990AA801F03EF800283CD0B2
:105F40004744FFB2BA457FF46BAF1C9B1B053FF57E
:105F500024AF1C9B13F4884F40F0A08095F8333099
:105F60009F0700F19B801C9B5B053FF516AF1C9BB8
:105F7000580400F1B780012014E79DF82930019AF8
:105F800085F83320990703D542F0400385F8333074
:105F9000DDE90C23DDE91001C5E904230F9BEB616A
:105FA000009BC5E90201002BCFD09DF82B30534553
:105FB00005D04FF000094F4632E7814630E7BDF883
:105FC0002C30029A9342F4D1002729E70323F9E603
:105FD000009B029312E796F833303822C3F3801304
:105FE000002128460DF11C088DF8243008F0D6FA5F
:105FF000039C336ACDF80CA098E8070004F101096E
:10600000082485F831400AF11E0705F12404DDF863
:1060100000A02B625FFA89F984E80700FFB200262E
:1060200018460122414600F0A1FE044600283FF434
:10603000B4AE90F90030002BFFF6AFAE2022002165
:1060400008F0ACFA002E66D0012E54D0C6EB061331
:106050000F2FA3F11E034FF0C102394628BF0F21B5
:10606000DBB2227051B1023409B204EB4101534456
:1060700013F8012B24F8022BA142F9D10136F6B214
:10608000B34529D920224146286A00F089FE01281B
:106090007FF483AE0F3FFFB2286AC2E795F8313034
:1060A00013F0110F7FF479AE1C9B5E057FF55FAF97
:1060B00095F833309C077FF570AE00220023284608
:1060C000FFF7DCFD00283FF468AE284600F0DAFA5E
:1060D00000283FF462AE4EE7284600F0A7F961E6DB
:1060E00089888888D5E904232846FFF7C7FD00285A
:1060F0007FF441AF51E6C0232370019B032263F07C
:106100003F03627085F833309DF80C30E370BDF8C2
:106110000830A380B2E7852323700C4B85F83090BC
:1061200084F801901B68002BA8D00DF117020DF127
:106130001A0106A898479DF81710BDF81A20BDF857
:10614000183021752281638198E700BF84560020B2
:106150002DE9F041044694B094F8315003920020A8
:106160008DF849008DF84A008DF84B0035B99846F6
:1061700091F8313013F0500F0F4603D1002014B0C6
:10618000BDE8F08113782F2B154626D000261AE0A3
:10619000039B1B782046002B34D0059A9DF81030C5
:1061A0000096FFF7EBFD342221460028E6D006A832
:1061B00004F076F9204600F039F9039D84F8316047
:1061C00084F8336006AF294603AB04AA2046FFF7E4
:1061D0000BFC39460028DBD1D0E70135039529783F
:1061E0002F29FAD0D1B1382206A800213E6A08F042
:1061F000D5F94022012306AF0E968DF849208DF87F
:106200004B30C3E79DF81030059ACDF80080394631
:106210002046FFF7B3FD14B0BDE8F08138222046D8
:106220003D6A08F0BBF940230120256284F8313033
:1062300084F83300A3E700BF19B101F58861FFF7C7
:1062400087BF0846704700BF8169F8B50446006AF9
:1062500001B10131012200F04DFC012806462FD981
:10626000012301461A46206A00F00EFD074638B3A6
:10627000A06994F8333030B35A0613D5421C9642C5
:1062800025D023F0400284F83320E36905E0206A3A
:1062900000F0BCFDA0B1A0692B465D1C83421946ED
:1062A0002A46F4D34FF0FF323146206A00F0AEFDAB
:1062B00030B1A16959B13246206A00F0A7FD30B96A
:1062C00000273846F8BD43F0400384F83330A66118
:1062D0003846F8BD2DE9F04F00F1240B06469BE847
:1062E000070087B00DF10C0888E807000027BA46C0
:1062F0003C4600224146306A00F038FD5FFA87F9DB
:10630000054630B10278C02A52D0C12A0BD0852A66
:1063100029D096F8323043F0010386F8323000205D
:1063200007B0BDE8F08F104600216A5CE30343EA42
:10633000540412FA84F40129A4B201F101010DD030
:106340001F29F2D9CA4551D020224146306A00F0B7
:1063500027FD012807F10107CBD0DAE785280CBF1C
:1063600004210221E1E7304B96F831101B6890F8C8
:1063700001A001F037018180002BD4D0316A91F85F
:106380000C2242F0010281F80C2202A80DF1070252
:106390000DF10A019847BDF80A20BDF808309DF8B4
:1063A00007106975AA812A82EB816B822878BBE786
:1063B00096F8333013F0400F437814BF43F00203D4
:1063C00023F002034370D6E90423C0E90223D6E98F
:1063D0000223F1694161C0E90623326A92F80C3266
:1063E00043F0010382F80C3200789DE75946012200
:1063F000306A00F0BBFC00288BD0356A4480284608
:1064000000F062FB002884D005F5037000F05CFB0F
:1064100000283FF47EAFD5F8380402F089FB00284D
:106420003FF477AF7CE700BF8456002090F831201E
:1064300092B138B590F8332011060FD4056A04469E
:10644000284600F041FB88B994F8323043F001034C
:1064500084F83230002038BD0120704702F07F02FE
:1064600080F83320BDE83840FFF734BF05F50370EE
:1064700000F02AFB0028E7D0D5F8380402F058FBDA
:106480000028E1D0012038BD2DE9F04190F83130ED
:106490005906044663D48068236AD3F83434184418
:1064A000B0F1806F02D30020BDE8F0812046FFF7F5
:1064B000CBFE0028F7D0266A96F80C32DA0706F5EC
:1064C000037550D4284606F5067600F08FFA4FF48F
:1064D00000720021304608F061F8226AA36992F840
:1064E0003D04D2F82414A3F10208012708FA00F8A9
:1064F00017FA00F3884418BF002511D0D2F83804E9
:1065000008EB05010123324602F0C4FB01350028E7
:10651000C9D0226A92F83D3407FA03F3AB42EDD8B2
:1065200094F831305B0615D494F8333063F07F0370
:1065300084F83330D2F83464D4E90223D4E9040176
:1065400092194FF000077B4180197941C4E9022379
:10655000C4E904012046BDE8F041FFF767BF006AC7
:1065600000F0DEFC98E7284600F0AEFA0028A9D13A
:1065700099E700BF91F8313013F0500F01D100209E
:10658000704730B583B040F6022513785268009505
:106590000446FFF7F3FB10B9002003B030BD102311
:1065A00084F831302046FFF76FFF0028F4D0A3694C
:1065B000E361002200232046FFF760FBC123204651
:1065C00084F8333003B0BDE83040FFF72FBF00BF81
:1065D000F0B5044695B094F83160039200208DF830
:1065E00049008DF84A008DF84B0036B91F4691F8E6
:1065F000313013F0500F0D4602D1002015B0F0BD20
:1066000013782F2B114627D0002603AB04AA20466F
:10661000FFF7EAF929460028EFD0039B1B782046B4
:1066200043B39DF81030059A0096FFF7A7FB40B9D9
:10663000002FE2D0294604AA2046FFF79BFF00283E
:10664000DBD02146342206A803F02AFF2046FFF7BC
:10665000ADF906AD0399D8E7013103910B782F2BE3
:10666000FAD0296A06A8FFF7ABF90028C5D003992C
:1066700006ADC9E704AA29462046FFF77BFF15B0FF
:10668000F0BD00BF90F833309A0718D5F0B5C56952
:1066900083B08DB103F04003044603F0FF0083B9DB
:1066A000A169002941D10195E1612946206A00F0E4
:1066B000BDFB30BB002000E0012003B0F0BD002096
:1066C0007047206AA16990F83D34D4E90267093324
:1066D000DBB216F1FF36C3F1200E47F1FF3726FA81
:1066E00003F207FA0EFE203B42EA0E0227FA03F3FA
:1066F0001A430132B1B1013D6D1A01312A440191B1
:106700000ABBD4E9000194F8333063F07F03C4E995
:106710000201C4E9040184F833302046FFF786FE05
:1067200003B0F0BD0195E161EAE702AA42F8040D69
:10673000206A00F061FB40B20028BBDB0AD1019D5A
:10674000002DDED0B1E70023019900F09DFA00286A
:10675000D7D1AFE74FF0FF32A169206A00F056FBB6
:106760000028ECD1A6E700BF2DE9F04F90F83330B8
:1067700085B09C07064601920AD496F8323043F061
:10678000010386F832304FF0FF3005B0BDE8F08FDE
:106790001A078A4600F11181019B002B00F021812C
:1067A0003146F1E80623DDF8048003919346306A10
:1067B000D0F830445B461C40C4F308094CBBB569B3
:1067C000002D00F0BD8096F833305B0640F1DC8090
:1067D000D6E9022390F83D740937FFB212F1FF3277
:1067E00043F1FF33C7F1200E03FA0EFE22FA07F140
:1067F000203F23FA07F741EA0E01F36939430B44BE
:106800009D42C0F0B4803046FFF71EFD0028B4D092
:10681000306AB169D0F8247490F83DE48D1E640AA2
:10682000E11905FA0EF52944B9F1000F40F0818015
:10683000B8F5007F57D2D6E90423D6E90045B8F56C
:10684000007F474628BF4FF400779D4208BF94421F
:1068500034BF0122032200F5037000F0CDF80028B8
:106860008BD048443A465146B94403F019FEB9F575
:10687000007F00F0918038460021D6E90023D6E958
:10688000044512EB000B43EB010C65455A46634689
:1068900008BF5C45BA44C7EB0808C6E9002309D223
:1068A00096F8331064465B46C6E9043461F07F0114
:1068B00086F83310B8F1000F7FF479AF5A4663467B
:1068C000D6E90201994208BF90427ED3464B1B682D
:1068D000002B00F0848096F83330019863F07F033A
:1068E00086F8333051E7B8F5806F2DD3012303FAD2
:1068F0000EFEC4EB0E0ED0F814324FEA5824744545
:1069000028BF744699424FEA442709D862189A4230
:1069100006D900F50370029100F068F8306A029918
:10692000D0F838042346524602F0B4F90028A2D128
:1069300023E7C9F50077474528BF474601228AE784
:10694000F169B9B1B16165E7D0F8143299422CD040
:10695000D0F838040123524602F09CF900283FF495
:106960000CAF4FF4007000214FF4007785E7691CED
:10697000B1614FE73046FFF767FC00283FF4FDAEFA
:10698000B169F161306A45E72946039A00F034FAAB
:1069900000287FF43DAF36E7306A00F5037000F061
:1069A00093F800287FF467AFE7E600F503700291E3
:1069B00000F01CF8306A0299CAE7D0E90423FFF717
:1069C0005DF900283FF4D9AEE6E696F83310019859
:1069D00061F07F01C6E9022386F83310D5E60198FD
:1069E000D3E6D6E900236BE78456002000224FF05F
:1069F000FF33027083607047F8B543688BB30E466F
:106A00008168B142174604460ED00278D20700F1E1
:106A10000C0512D4BB071CD5002307F001021A4352
:106A20002270A6602846F8BD054607F0010215F958
:106A30000C3B1A4322702846F8BD18462A4601230B
:106A400002F028F968B1237823F001032370BB0713
:106A5000E2D401232A463146606802F0E5F80028B6
:106A6000DAD10020F8BD00BF38B50C46D0F81C14B0
:106A7000154601EBD41100F503700022FFF7BCFFAF
:106A800040B1A400C4F3080403595A1C04D02B607D
:106A9000012038BDFF2038BD002038BD38B50C4678
:106AA000D0F81C14154601EBD41100F50370012237
:106AB000FFF7A2FF034628B1A400C4F30804012095
:106AC0001D5138BD38BD00BF0378DB0701D401205C
:106AD000704710B500F10C0204468168406801233C
:106AE00002F0D8F820B1237823F00103237010BD01
:106AF00010BD00BF2DE9F84F804691468B46002916
:106B000044D08F1ED8F828349F423BD207F00705A7
:106B1000012303FA05F5EDB2C7F3C80A3E463C4629
:106B2000D8F82414002201EB14314046FFF764FF2B
:106B3000C0B110F80A100AE04A452AD0A74210D086
:106B4000D8F82824944217D213F0FF050CD0013452
:106B50000D424FEA4503A4EB0602EDD0A7422646BC
:106B6000EED10120BDE8F88F0AF1010ABAF5007FE5
:106B70004FF00105DDD101E0002634464FF0000A58
:106B80000125CDE70027BA460125C7E7D0F81874DC
:106B9000B8E7BBF1000F04D1B9F1010F08BFC8F885
:106BA0001864B01CBDE8F88FF8B5044600234FF018
:106BB000FF3600F50377C0F838144160C0F81012B2
:106BC0001546384684F83C34237084F80C32A660AD
:106BD000C4F814621A461946FFF70EFF042D0CD8AC
:106BE000064650B15DB905222649F01C07F0F6FFB4
:106BF00018B996F86C30092B19D00020F8BD6B1E1F
:106C000000EB031393F8BE2112F07F02F5D193F845
:106C1000C231002BF1D000EB05153846D5F8B6513E
:106C20002946FFF7E9FE06460028DCD1E5E7336D8B
:106C30002B44C4F81C34736DC4F82034B36D1D4468
:106C4000C4F82454F36DC4F82834336EC4F82C34DB
:106C500096F86D3084F83D340125093305FA03F3C5
:106C60005A1EC4F818040146C4F83434C4F8302459
:106C700020462A46FFF73EFF402384F83C3428464E
:106C8000F8BD00BFF45601002DE9F04702398046F7
:106C9000D0F8280415468A18824238D89A46D8F87F
:106CA0001834BAF1000F35D1994238BFC8F818141A
:106CB00001F007040122D8F8243402FA04F4E4B203
:106CC00003EB1139C1F3C8060122494640469144FD
:106CD000FFF792FED8B1871900F5007017F8012B65
:106CE000224214BF01260026564582EA04024FEADA
:106CF00044040CD0013D07F8012C15D014F0FF041A
:106D0000EED1B84226464FF00104E7D1DCE700207F
:106D1000BDE8F0879942CBD89A42C9D9824228BFB0
:106D20000022C8F81824C3E70120BDE8F08700BF9F
:106D300070B582B002AE054646F8041D0024D5F8B1
:106D4000283401990133994202D9002002B070BD64
:106D500032462846FFF788FE40B20028F5DB04F1F2
:106D60000104ECD1204602B070BD00BFF8B50E465C
:106D700096E82800D0F83014D0F8244490F83D74F8
:106D80002940023B04EB5121BB40194400F503703C
:106D9000FFF732FE18B17368C3F308031844F8BD57
:106DA00070B54C680D46A318D0F830146B6090F89D
:106DB0003D340C4009332244DBB222FA03F4064688
:106DC0003CB12B7A3BB12B6801332B60013C002C8A
:106DD000F7D1012070BDD6F82834296801339942D3
:106DE00002D94FF0FF3070BD2A463046FFF73CFE17
:106DF00040B20128EAD070BDD0F8283401338B426C
:106E000001D2FF207047FFF72FBE00BF01290BD929
:106E1000D0F828340133994210B402D9002010BCB4
:106E2000704710BCFFF73ABE00207047F0B50C4623
:106E300083B005460E46D5F8283401339C4202D96A
:106E4000002003B0F0BD01AA21462846FFF70CFE42
:106E500047B2002FF4DB012CF2D9D5F828340133E6
:106E60009C42EDD8002221462846FFF717FE002855
:106E7000E6D0019B01349C420BD1002FDBD13B4675
:106E8000A21B31462846FFF7FFFE0028D8D003B0EA
:106E9000F0BDA21B314600232846FFF7F5FE00286F
:106EA000CED0019C002FCCD02646C4E72DE9F84374
:106EB0000024D0F82464804600F503772546314647
:106EC000002238460136FFF797FD30B300F1FF3E50
:106ED000D8F828C41EF8010FFF2805F5805913D0F3
:106EE00048B10822012318424FEA430118BF013478
:106EF000013ACBB2F7D10835AC450AD94D45DED0C1
:106F00001EF8010FFF28EBD10835AC4504F1080449
:106F1000F4D8C4EB0C00BDE8F883BDE8F88300BFEB
:106F200010B50446D0F82C14FFF702FF94F83D3456
:106F30000933DBB2984010BD30B500248FB000F5A6
:106F400088650A462346294668468DF831408DF803
:106F500032408DF83340FFF7FBF8044648B19DF806
:106F6000313013F0500307D069462846342203F02D
:106F700097FA20460FB030BD1C4620460FB030BDFA
:106F8000C1B110B40144D30343EA520310F8012BFA
:106F9000A2F16104192C9CBF203AD2B212FA83F2FA
:106FA00092B2D30343EA5202814292B2EBD110462D
:106FB00010BC70471046704743B370B444887E2CB1
:106FC0001ED81344CD180A44023012F8013BE4B233
:106FD000A3F161011929A4F1610194BF20260026C3
:106FE000192994BF202100219B1B641ADBB2E4B253
:106FF0009C4205D1AA4206D030F8024F7E2CE4D93B
:10700000002070BC7047012070BC704701207047A1
:1070100038B504460D462422002107F0BFFAA560CA
:10702000EB79102B08D0202B04D1402301202370B2
:10703000A07038BD002038BD202301202370A0702F
:1070400038BD00BF024638B552F8105F04462946E5
:10705000806801F0F3F850B155B123690135AB42B6
:10706000A37818BF03F0BF0363F07F03A37038BD9C
:10707000A37843F04003F7E72DE9F041037803F0EC
:1070800020032BB903F0FF0441691F4B994203D938
:1070900000263046BDE8F0810546FFF7D3FF0646DF
:1070A0000028F5D02969A86801F056F80746A868B5
:1070B00039462430052201F017F880460028E7D031
:1070C0004FF40072214607F069FAAB681A79012A79
:1070D00010D9012403E0AB681A79A2420AD91868D2
:1070E000E1190123424601F0D5FD0134E4B2002844
:1070F000F1D1CDE79B7969694FF4007202FA03F38D
:1071000011FA83F36B61C4E7FFFD1F0010B504465D
:1071100080680A462430A16900F0E6FF20B1A38808
:1071200003F00F0300EB431010BD00BF70B590F9E2
:107130000230002B82B0044618DBA56805F124005C
:1071400001F002F830B9637843F001036370002066
:1071500002B070BD05F50C7000F0F6FF0028F2D00B
:10716000286801F0E5FC0028EDD0F1E70121FFF7E8
:10717000CDFF05460028E6D00378E52BE3D0237841
:107180000E4A1B0744BFE369C361236A1668438341
:107190001B0C838266B10DF103020DF1060101A8FB
:1071A000B047BDF80430BDF806202B836B82EA821D
:1071B000A37803F07F03A370BFE700BF84560020CD
:1071C00010B50378044623B900232370A37001206F
:1071D00010BDFFF7ABFF00232370A37010BD00BFED
:1071E0002DE9F0410D7815F0700F88B003D1002023
:1071F00008B0BDE8F08140F6022304460D4600F0D9
:107200008DFD0028F3D001221023A27023702046A8
:10721000FFF732FF0028EAD0237822692262002B90
:1072200058D101212046FFF771FF06460028DED025
:107230001023C37231462022684603F031F9B17E33
:10724000307D777DF67E2E2241EA06268DF80020DD
:107250006B4640EA07270DF10A01202203F8012FAF
:107260008B42FBD1216AA06800F076FFA36801463B
:10727000012203F1240000F037FF80460028B6D039
:1072800020226946ADF81470ADF81A6003F008F9D1
:107290002B6AADF81A3069461B0C08F120002E2528
:1072A0002022ADF814308DF8015003F0F9F8A468ED
:1072B00004F1240000F048FF002898D004F50C7079
:1072C00000F042FF002892D0206808B0BDE8F041ED
:1072D00001F02EBC636933B1A378002223F02003B0
:1072E000A370226162612046FFF720FF00283FF46F
:1072F0007EAF96E72DE9F041064692B035780192CF
:1073000000208DF824008DF825008DF826002DB979
:1073100098460B7813F0700F0C4603D1002012B082
:10732000BDE8F08113782F2B10462AD0002701AA40
:1073300003A900F071FB03AA214600230028EDD029
:10734000019D2D783046002D2DD000F0E7FC48B986
:10735000B8F1000FE2D0214603AA3046FFF740FF04
:107360000028DBD035460FCD09AC0FC40FCD0FC4BC
:1073700033782A68226093B93770B770019809ACE6
:10738000D5E70130019003782F2BFAD0A16809A826
:10739000FFF73EFE0028C1D0019809ACC6E7304691
:1073A000FFF7C4FEE8E703AA21463046FFF718FFBF
:1073B00012B0BDE8F08100BF2DE9F041064692B061
:1073C0003578019200208DF824008DF825008DF885
:1073D00026002DB998460B7813F0700F0C4603D198
:1073E000002012B0BDE8F08113782F2B104625D075
:1073F000002703E001983770B77009AC01AA03A910
:1074000000F00AFB03AA214600230028E8D0019DD2
:107410002D7830460DB300F081FC354609AC0028CC
:10742000DED00FCD0FC40FCD0FC433782A68226091
:10743000002BDFD03046FFF779FEDBE7013001900B
:1074400003782F2BFAD08BB1A16809A8FFF7E0FDD4
:107450000028C5D0019809ACCAE7434603AA2146D3
:10746000304600F05BFC12B0BDE8F081A168304608
:10747000FFF7CEFDB5E700BF19B101F23C41FFF7C0
:107480009BBF0846704700BF03780BB100207047D0
:10749000FFF7BEBD2DE9F04F8378DF0783B00546C7
:1074A00040F18D800F4601780E07914600F19080E3
:1074B0008C0608D5826843691289C3EB42139BB2DC
:1074C000994528BF9946B9F1000F00F0A7806B6974
:1074D000AA6888064E464FF0000805F1100AC3F36B
:1074E000080B3CD5116A01EB5321BBF1000F50D1C1
:1074F000B6F5007F4DD3D36A99424AD0B6F5806F76
:107500006FD3287880064FEA562B05D41079C8EB44
:107510000000834528BF834699424FEA4B240BD88D
:107520005B44994208D202F12400019100F00CFE64
:10753000002844D0AA68019910685B463A4601F0D9
:1075400073FB00283BD06B69361B234427446B61D7
:1075500064D02978AA688806C3F3080BC2D492F8CD
:10756000058008EA5328BBF1000F38D1B8F1000FAD
:1075700035D1002B3FD149064CBF116A296A2961D8
:10758000104600F0E9FDAA6808EB0001BBF1000F0E
:10759000AED002F12400002200F0A6FD78B1CBF5B8
:1075A0000074B44228BF344600EB0B012246384633
:1075B00002F076FFC7E72B7813F0700F2FD16B78AE
:1075C0004FF0FF3043F002036B7003B0BDE8F08F63
:1075D000C36942699B1A994528BF994673E729698F
:1075E000CEE7106801233A4601F01EFB0028E6D0E2
:1075F0004FF40074A7E70B0705D5AB785C0602D5FE
:1076000029690131BBE710462969524600F0AAFDFD
:107610000028D4DBCFD0AA682969B1E70026C6EBE1
:10762000090003B0BDE8F08F70B582B001220DF102
:107630000701044646690569FFF72CFF012808BFCA
:107640009DF80700666118BF4FF0FF30256102B05A
:1076500070BD00BF30B54369C3F3431583B0044622
:1076600005B189B901220DF107012046FFF712FF8C
:1076700040B201280BD163691F336361A0683030C9
:1076800000EB451003B030BD20334361F6E7002026
:1076900003B030BD2DE9F041037807690446B3B16A
:1076A00042698A420E463AD041B92161A3786661A7
:1076B00023F02003A3700120BDE8F08118070AD44D
:1076C00099060BD5A3681B89B6EB431FEED927613A
:1076D0000020BDE8F081E1698E42F8D8D4F808E0D6
:1076E0009EF806500935E9B2501E751EC840CD40BF
:1076F000A84200D8B2B95B064CBFDEF82030236A3E
:10770000236104F110084246002DCFD02169A06802
:1077100000F028FD002805F1FF35F4DCD7E7012053
:10772000BDE8F0812D1AECE72DE9F0410D469046B9
:107730000021242204461F469DF8186006F02EFF03
:10774000A8682B6AE36000F1300208F00F0302EB37
:107750004312A060A4F80480D17A0D0712D401F07E
:1077600017012170D37AE67013F0180F08BF41F0AB
:10777000080107F0030308BF2170012B07D0022B7B
:1077800029D01BB300202070A070BDE8F081022337
:10779000A370217811F0110FF4D159B207F480656C
:1077A00007F008030B43DBB2A370B2F814E0518B6F
:1077B000C66AA66141EA0E4185B1D1B963F07F0383
:1077C000A3707B040ED40120BDE8F08117F480651E
:1077D000D8D10121E4E70323A370DAE72162D3695A
:1077E000E361EEE7E1692046FFF754FF0028EAD1A4
:1077F000C8E700F065FD0028C4D0A378DEE700BF2D
:1078000003780BB1FFF792BC012070472DE9F047D8
:1078100083789D07044607D4637843F001036370BF
:107820004FF0FF30BDE8F08791461A07884600F117
:10783000BE806269D3439945EED8B9F1000F00F0DC
:10784000BD804E464FF0000A30E0002978D0A37882
:107850005B067CD5E369934279D90131216100F05F
:107860007BFCB6F5007F01463DD26269E369A06802
:10787000B6F5007F354628BF4FF400759A4277D39E
:107880000522243000F030FC0028C5D038442A46B8
:1078900041462F4402F004FEB7F5007F76D06269BE
:1078A000761B2A44A844626100F08880A0682169A0
:1078B000437913EA5225C2F308070CD1002FC4D034
:1078C00000F04AFC0146C7F50075B54228BF3546B1
:1078D000A0680122D5E700F03FFC2918002FF2D163
:1078E000B6F5007FC1D3B6F5806FA2681AD31379BD
:1078F000D76A5B1B700A834228BF03468F424FEA58
:10790000432508D31F448F4205D982F824A04FF0A5
:10791000FF30D062A2681068424601F0BBF900282F
:10792000BDD179E7D36A8B4229D010680123424642
:1079300001F0B0F900283FF46FAF4FF40075AEE7E7
:10794000216A51B3216100F007FC0146C8E704F148
:10795000100200F007FC0028FFF65EAF05D12046BC
:10796000FFF770FB00283FF457AF2169A068EAE7F2
:10797000A37813F0200F0CBF0122052281E782F8C3
:1079800024A04FF0FF33D362A268CEE7A068243072
:1079900000F0DAFB002882D13EE72046FFF752FBD9
:1079A00000283FF439AF21692162A068CBE7C169A3
:1079B000FFF770FE00283FF42FAF3AE7E3699342E8
:1079C00009D30A4B1B6873B1A37863F07F03A370DC
:1079D0004846BDE8F087A378E26163F07F03A370B7
:1079E0004846BDE8F0874846BDE8F0878456002049
:1079F00004290CD90A2906D90C299ABF00EB4101A8
:107A0000C8880020704700EB41018888704700EB70
:107A10004101B1F8010070472DE9F04F0378202BA8
:107A200003D110F8013F202BFBD088600378002B96
:107A300000F007812F2B2FD05C2B22D0A3F1220442
:107A4000E4B21D2C20D9DFF818E2461C00247C2B60
:107A5000A3F12005374614D05E2D12D816F8013B4D
:107A6000A3F12205EDB20134002B00F0D3802F2BBF
:107A700013D05C2B2EFA05F703D01D2DE7D8FF0796
:107A8000E5D50020BDE8F08F754D25FA04F4E40734
:107A9000D9D50020BDE8F08F002407193E462546C1
:107AA0002F2302E016F8013F0135202BFAD02F2BAF
:107AB000F8D0054415604CB13A4612F8013D2E2B22
:107AC00002D0202B40F0A980013CF6D14FF0FF35C9
:107AD00023464B6001F1170601F10C03202203F845
:107AE000012FB342FBD1461E002200E0013216F8FE
:107AF000013F2E2BFAD0202BF8D0B2FA82FC6E1C5C
:107B00004FEA5C1C0CD0475D2E2F00EB050604D11C
:107B100006E016F8017D2E2F02D015F1FF35F8D2C0
:107B2000A2424FF0000980F291804E46CA460727D4
:107B30004FF0080825E02E2B47D0222B0BD07C2BB2
:107B400009D0A3F12A0EBEF1050F48D9A3F13A0ED0
:107B5000BEF1050F58D8954239D0B74229D34FF01E
:107B6000000C5F2306F1010E01EB060B5FFA8EF6A7
:107B7000062E8BF80D3000D80E730132A24207DAC0
:107B8000835C202BD7D10132A2424FF0000CF7DBEF
:107B90004B7B202B3FF475AFBCF1000F47D01AEAA6
:107BA000090F18BF4FF0020981F800900120BDE8CD
:107BB000F08F0A2F37D0954235DB2A460A27082650
:107BC0004FF010084FF0000CD7E79542DBD10A2F99
:107BD00029D02A460A2708264FF01008CDE72D2B7A
:107BE000B9D1A3F1210EBEF15D0FB4D89542EED00C
:107BF000B742DED3A3F1610EBEF1190F28D8203BA6
:107C0000DBB248EA0909ADE7A3F15B0EBEF1020F52
:107C1000A1D9E6E7176007194EE7FF2C3FF731AF10
:107C2000651E234655E74B7B202B3FF42AAF0B7B89
:107C30000B4401207E24312208705C739A73BDE8E6
:107C4000F08F10601C464FF0FF3542E7CA469FE7B1
:107C5000A3F1410EBEF1190F98BF48EA0A0A81E765
:107C6000010100352DE9F8430F7B0E46044601F172
:107C70000D054FF002084FF07E097068B16808EBFF
:107C800000039BB240B1084411F8012B03EB4313EE
:107C9000534088429BB2F7D1032F28BF03273A1DD8
:107CA000D2B203F00F01B018013A0929D2B294BF41
:107CB0003031373197424FEA13134173F1D3F3193F
:107CC000002183F80D902046FFF7E4FC01212046B7
:107CD000FFF7C0FC0B2203460146A8B193F800E071
:107CE0002846BEF1000F15D0DB7A1B07EED406F054
:107CF000BFFB0028EAD108F101081FFA88F8B8F1A3
:107D0000640FBAD1BDE8F8836078B0FA80F040091A
:107D1000BDE8F8830120BDE8F88300BF2DE9F04FEE
:107D20000C7814F0700F8DB001D004781CB10020D5
:107D30000DB0BDE8F08F1478D2F804A0A40742D1AA
:107D40004FF001080E4693460990002130460F4639
:107D50000793FFF79FFC0BF10D03069703973C4633
:107D6000B94605970493012130467569FFF772FC07
:107D7000C5F34F150346002800F08C800278E52AF1
:107D80003AD0002A38D0444538BF00242E2A30D0BB
:107D9000D97A0F293ED001F0080101F0FF0241BB62
:107DA000B9F1000F40F05E8118460B22049906F0ED
:107DB0005FFB0028D7D19BF80030D80740F16681DF
:107DC00001230593CFE7B34D0AF10C04A5FB04484A
:107DD0004FEA980808F101085FFA88F8B2E70399BA
:107DE0000139C9B28A42039103D15A7B0699914263
:107DF0001BD04FF00009B6E7002C08BF2F464445C2
:107E00003CBF0134E4B2002A48D0E52ABED14FF08D
:107E10000009A8E7B9F1000FE1D15506A3D502F09A
:107E20001F095A7BCDF80C900692039A013A02EB97
:107E3000420502EB8505AA452A46DAD905F10D016E
:107E4000CDF82090894613E0DBF80800825CBCF195
:107E5000190F98BF2031A2F1410098BFC9B219286B
:107E60009CBF2032D2B28A42C3D1CE4542D07246A4
:107E7000511BC9B21846FFF7BBFDC1B29245A1F133
:107E8000410C02F1010E00F0E680FF28DCD94FF032
:107E9000000968E77378002B7FF449AF079A13460F
:107EA0009A057FF544AF03F00303013B012B3FF636
:107EB0003EAF002C08BF2F46444503D31DE0DCB283
:107EC000A0451AD900213046FFF7C4FB631C0028E7
:107ED000F5D1737823B12AE7B3681B79012B0CD84D
:107EE000A0450AD93046FFF7C7F81034E4B200289D
:107EF000F2D11CE7DDF8209035E7059B33B15946F8
:107F00003046FFF7AFFE00283FF411AF790130464D
:107F1000FFF7C0FB00283FF40AAF08F1FF3818F064
:107F2000FF0959D049F04004E4B24D460027002132
:107F30003046FFF78FFB00283FF4F9AEB26892F8A5
:107F40002430A94543F001034FF00F0C14BF29461C
:107F5000214682F824300BF10C0E80F80BC0077319
:107F600001700BF1170C00231EF8018F5A0842EA2A
:107F7000C31358FA83F3E645DBB2F5D101F01F01D4
:107F80000139437301EB4102DBF808E0478301EB61
:107F90008202043000230FE0042B1EF8021014D9D3
:107FA0000A2B94BF018041800133DBB20D2B02F11B
:107FB000010200F102000BD09245EDD814BF4FF042
:107FC000FF310021042B89B2EAD820F8031CEBE72B
:107FD000013D15F0FF05AAD1002130467569FFF774
:107FE00039FBC5F34F15044600283FF4A0AE20220C
:107FF000002106F0D3FA0B220BF10D01204602F00E
:108000004FFA254A9BF80030176803F018032373D2
:108010008FB10DF12B020DF12E010BA8B847BDF861
:108020002C30BDF82E209DF82B10617323826382C3
:108030002383E281E282B26892F8243043F00103A4
:1080400082F82430CDF80090079B09982A463146E3
:10805000FFF76AFB6CE60028DDF8209018BF4FF0B0
:10806000000980E6039901297FF461AE5C1E0A33A2
:1080700014F8010F510841EAC21250FA82F29C42F0
:10808000D2B2F5D1069B93427FF451AE079B1905FE
:10809000D8D54CE64FECC44E84560020F8B5436862
:1080A000816800F10C06044632461868012300F08E
:1080B000F1FD40B123789A07054607D423F0010368
:1080C00023702846F8BD00252846F8BD6368A768D8
:1080D0001969186832463944012300F0DBFD002895
:1080E000F1D02378EAE700BFF8B583688B420646F3
:1080F00014460FD00378DA070F4612D4630716D55B
:1081000006F10C05002304F003041C4334702846D8
:10811000B760F8BD10F90C3B04F003041C43347045
:10812000F8BDFFF7BBFF0028E8D10020F8BD736859
:1081300006F10C0518682A460123394600F074FD43
:108140000028DFD1F1E700BF0378DB0701D401206D
:108150007047FFF7A3BF00BF837940690239994098
:1081600008447047012931D9C36999422ED870B5A6
:10817000C379202B164605460C4618D0102B13D178
:108180008369C1F307211944022200F50C70FFF73F
:10819000ABFF48B1E1B230F81130EA6993429ABFBF
:1081A00001203360002070BD4FF0FF3070BD816949
:1081B000022201EBD41100F50C70FFF795FF0028A7
:1081C000F2D004F07F0150F82130E6E74FF0FF30A5
:1081D000704700BF01291DD938B5C369994206D837
:1081E000C379202B15460C4616D0102B01D0002049
:1081F00038BD8369C1F30721194400F50C700322CF
:10820000FFF772FF03460028F1D0E1B2012023F806
:10821000115038BD002070478169032200F50C70B1
:1082200001EBD411FFF760FF03460028DFD004F014
:108230007F01012043F8215038BD00BF2DE9F041F6
:10824000C4688C4282B005460F4690463ABF0C4641
:1082500000260126EB6901349C4201AA28462146EA
:1082600009D93EBBEC6801349C424FF0010601AADB
:1082700028462146F5D8A7421CD0FFF773FF0028F7
:1082800018DBE7D0019B002BE4D106B1EC606FF066
:10829000704221462846FFF79DFF064650B117B9A8
:1082A000C8F8004007E0394628462246FFF792FF0B
:1082B0000028F5D10026304602B0BDE8F08100BFAD
:1082C00070B5054682B00C460AE0FFF783FF90B117
:1082D000EB689C423CBF04F1FF34EC60019C5EB152
:1082E00001AA21462846FFF73DFF061E21464FF012
:1082F00000022846E9DA002002B070BD2DE9F04105
:10830000C379C269102B02F1010805D0202B03D0DC
:108310004FF0FF30BDE8F0818569B8F1000F3ED025
:10832000064600F50C77002429460222384601351E
:10833000FFF7DAFE0028EBD0F379102B16D0B8F156
:108340007F0F28D81FFA88F1C646013989B200EBA1
:108350008101031F53F8042F02B901348B42F9D174
:10836000B8EB0E08E0D12046BDE8F081B8F1FF0F70
:1083700018D94FF4807E7346591E89B200EB410133
:10838000831E33F8022F02B901349942F9D1B8EBB8
:108390000E08C9D1E7E74FF0800E7146D5E7404699
:1083A000BDE8F0811FFA88F3C646E5E7F8B5044654
:1083B000002301254FF0FF30E5602160A462C4F87E
:1083C0003442E37184F8243084F83032E062C4F837
:1083D00038021546DAB1042A01D90020F8BD04F1AB
:1083E00024061A4619463046FFF77EFE05F18055F1
:1083F000013D2D0100F5DF735A190028EDD01179E8
:108400000029EAD05B5D5B06E7D1956801E004F1E5
:108410002406304600222946FFF766FE0028DCD0FD
:10842000037C022BD9D1B0F80B30B3F5007FD4D147
:10843000467B2671731E0022012E6371A2710FD03C
:108440000122114600E01A464900C9B2531C8E426F
:10845000DBB204D0092BF6D1A2710020F8BDA271C5
:10846000C18A216109B9416A2161C789B0F8113017
:1084700023812F445B0107EB410603F2FF13B0F8A1
:108480001310A76106EB63232662636101B9016AD9
:10849000ED1A0D4425FA02F240F6F473511C9A428B
:1084A000E1610AD94FF6F4739A4285BFC36A236229
:1084B00010232023E3710120F8BD0C23E3718CE726
:1084C00070B500258AB000F23C440A462B4621468E
:1084D00001A88DF804508DF805508DF80650FEF770
:1084E0006BFF064658B19DF8043013F0700309D0B5
:1084F00001AD0FCD0FC40FCD0FC42B6823603046E4
:108500000AB070BD1E4630460AB070BD10B50446B4
:10851000806B28B1FEF754FE10B10023A36310BD99
:10852000E06B28B1FDF742FA10B10023E36310BD00
:10853000002010BDC9B32DE9F0410C460546984610
:108540001746FFF7E3FFD4F87864AEB1294624203C
:1085500000F030F80021017041708170D4F8781477
:10856000A86343463A46FEF787FF10B10120BDE8F5
:10857000F081A863BDE8F081D4F87C34BBB1294612
:10858000382000F017F880F8316080F8326080F809
:108590003360D4F87C14E86343463A46FDF74CFE5A
:1085A0000028E3D1E863BDE8F08100207047002097
:1085B000BDE8F0810846704770B500260546C0F852
:1085C0008014C0F8786401464FF48F60FFF7F2FF23
:1085D00004464660FEF70AFA04F50370C4F8106218
:1085E000FEF704FA84F83C6484F8716484F87264D9
:1085F00084F87364D5F88014C5F87C4420460122C1
:10860000FEF7D2FAE8B900262946C5F87C644FF493
:108610008C60FFF7CFFFC67180F83C6480F83D6442
:1086200080F83E640122D5F88014C5F87804044629
:10863000FFF7BCFEA0B9104B00201860C5F8780405
:1086400070BD04F588663046FDF7B0F92146304626
:10865000FDF7B6F90028D6D0074B01201D6070BD8C
:1086600004F23C463046FEF7ABFD21463046FEF7AD
:108670000BFF0028F0D1DEE77C56002010B5044641
:10868000806800F041FB207B002100F03BFB0123D0
:10869000A37310BD10B504460121007B00F032FB2E
:1086A000A068FF2100F0BAFBA06800F07DFB00236A
:1086B000A37310BD2DE9F041214D82B02B680093CA
:1086C000009C80460E461746A4B207E02B68019333
:1086D000019B9BB21B1BB3F5967F16DCD8F80800F4
:1086E00000F07EFBFF2888F80F00EFD0FE2810D0A6
:1086F000182388F80D3098F80E0018B14046FFF79F
:10870000C9FF002002B0BDE8F0811D2388F80D30BC
:10871000F1E73A463146D8F8080000F06FFB88F8D8
:108720000F0018B1242388F80D30E4E7D8F80800CA
:1087300000F056FBD8F8080000F052FB0120E1E7FA
:10874000DC560020F0B50D4D83B02B680093009CE3
:1087500006460F46A4B206E02B680193019B9BB22C
:108760001B1BBB4207DCB06800F03AFBFF28F3D1CB
:10877000012003B0F0BD002003B0F0BDDC560020A6
:10878000F0B5837B83B004460F4601920BB9FFF727
:1087900075FF37BB47F04001A06800F03FFB01AE1A
:1087A00002AD15F8011DA06800F038FBB542F8D104
:1087B000002F0CBF95218721A06800F02FFBA06837
:1087C00000F00EFB0B25A06800F00AFB0306E07327
:1087D00001D403B0F0BD6B1E13F0FF05F3D103B05D
:1087E000F0BD4FF496712046FFF7ACFFD2E700BF13
:1087F00082B02DE9F04182B008AC84E80C00054657
:1088000000249DF8200028736C732C740E4600F031
:1088100075FA287B694F012100F074FA684BAE604D
:10882000736008AB0ECB304600F0AAFA9DF82130F9
:108830003A680092DB43C3F3C013AC732C716B71C5
:108840002846DDF80080FFF719FF287B012100F0A2
:1088500059FA0A24FF21A86800F0E0FA631E13F019
:10886000FF04F7D12146287B00F04CFA0A260022AB
:1088700011462846FFF784FF0128044621D0731EC5
:1088800013F0FF060BD0FD21A86800F0C7FA4FF4E3
:108890000274A86800F0A4FA013CFAD1E7E70123CA
:1088A0006B73A87B20B902B0BDE8F04102B07047FD
:1088B0002846FFF7EFFE002002B0BDE8F04102B00D
:1088C00070474FF4D57208212846FFF759FF430738
:1088D0003DD52C74002407E03B680193019B9BB2BB
:1088E0009B1AB3F5FA6F42DC002237212846FFF7C6
:1088F00047FF224629212846FFF742FF1FFA88F248
:108900000028E9D12B7C022B34D0AB7B13B1284655
:10891000FFF7C0FEA86809992A4C2B4E002302E0FD
:10892000172D08D02B4634F8022F96FBF2F2914215
:1089300003F10105F4D3254A52F8233043F0605384
:108940004360012002B0BDE8F04102B0704702234D
:108950002B740424A86800F043FA013C14F0FF04CF
:10896000E873F7D1AA280ED006236B7399E7172373
:108970006B7396E702463A212846FFF701FF48B19C
:1089800012236B738DE72B7C022B0CBF4FF08044BE
:108990000024A9E7A86800F023FA00F0C000C0286E
:1089A00004BF03232B74A86800F01AFAA86800F02B
:1089B00017FAA86800F014FAA7E700BFDC560020F9
:1089C00006500038EE550100006CDC022056010014
:1089D00010B5037C032B0A4618BF4A021221044635
:1089E000FFF7CEFE48B1A07B0C23637300B910BD26
:1089F0002046FFF74FFE002010BD012010BD00BF34
:108A000038B500220C210546FFF7BAFEAC7B20B139
:108A100009236B7354B9204638BD14B9012420468C
:108A200038BD2846FFF736FE204638BD28460024CC
:108A3000FFF730FE204638BD38B50446154680683D
:108A400000F0ECF94FF400722946A06800F0F2F94A
:108A5000A068FF2100F0E2F9A068FF2100F0DEF934
:108A6000A06800F0BDF900F01F03052BE07309D0EA
:108A7000A07B1F23637300B938BD2046FFF70AFEB1
:108A8000002038BD012038BD38B50D464FF41671B1
:108A90000446FFF757FE40B923236373A07B18B148
:108AA0002046FFF7F7FD002038BD2A46FC2120466E
:108AB000FFF7C2FF0028F1D038BD00BF10B5037C1E
:108AC000032B0A4618BF4A0219210446FFF758FE35
:108AD00048B1A07B0E23637300B910BD2046FFF799
:108AE000D9FD002010BD012010BD00BF70B54FF4AE
:108AF00016710546FFF726FE064658B9AC7B1E23C5
:108B00006B730CB9204670BD28463446FFF7C2FD92
:108B1000204670BDFD21A86800F080F9AC7B14B937
:108B20003446204670BD2846FFF7B4FDEAE700BF93
:108B300010B50379012B044605D0022B09D0002380
:108B40002371012010BDFFF75BFF0028F7D1002043
:108B500010BDFFF7CBFF0028F1D1F8E770B50D4647
:108B600004461646FFF7E4FF294620460022FFF799
:108B700007FE40B11B236373A07B18B12046FFF7AB
:108B800089FD002070BD314610222046FFF792FD7E
:108B90000028F1D0A57B002DF4D02046FFF77AFD08
:108BA000284670BD30B585B06A460921FFF7D6FF6B
:108BB00038B19DF8003013F0C00304D0402B23D00F
:108BC000002005B030BD9DF809409DF806309DF8A5
:108BD00007209DF80A009DF805109DF8085004F044
:108BE00003046400920003F0030344EAD01001F090
:108BF0000F0142EA8323084443EA951301330738FF
:108C000003FA00F005B030BD9DF809309DF807105B
:108C10009DF808005A1C01F03F0302EB034303EBED
:108C20000020800205B030BDF8B50D46017901295C
:108C3000064614461F4605D03046FFF779FFD0B9E7
:108C40000020F8BD0368AB42F6D1002567B121468C
:108C50004FF400723046FFF72DFD013504F5007426
:108C60000028EDD0AF42F2D1336872791F443760EB
:108C70005AB90120F8BD29463046FFF7A9FE002861
:108C8000DED0012335603371DFE73046BDE8F840C0
:108C9000FFF74EBFF8B50D46017902290646144686
:108CA0001F4605D03046FFF743FFC0B90020F8BD8E
:108CB0000368AB42F6D1002557B121463046FFF795
:108CC000E3FE013504F500740028EFD0AF42F4D183
:108CD000336872791F4437605AB90120F8BD2946BC
:108CE0003046FFF7EBFE0028E0D0022335603371F9
:108CF000E1E73046BDE8F840FFF71ABF012102F076
:108D000097B800BF02F080B810B403684268D97AFF
:108D1000B1B172B6D97ACC0706D51448D9680468BF
:108D2000214099610160D97A880706D510481969F0
:108D300004682140D9610160D97A49070ED462B62E
:108D40001B68D968914207D00A4818600A49DA605E
:108D500042F080401861196010BC7047074859699B
:108D60000468214019620160E9E700BF80E100E08A
:108D700084E100E001403F0000003F8088E100E026
:108D800000B585B00DF1100E0EE90E00039B33B156
:108D90000360184605B05DF804EBFCF7C7BC014B57
:108DA000F6E700BFF0FAFF1F0268D37A83B1D80755
:108DB00003D5084B91691960D37A990703D5064BFF
:108DC000D1691960D37A5B0702D5044B126A1A6025
:108DD000704700BF00E100E004E100E008E100E0CE
:108DE00003681A684FF00041FF23D1625363D36ACE
:108DF000002BFCDA906BC0B2704700BF70B505461F
:108E00000C4616460846FF2105F0C8FB2868334685
:108E100022462146FCF7C6FD002070BD03681A6893
:108E20004FF00043D3625163D36A002BFCDA936B9B
:108E3000704700BF30B5551EB5F5007FADF5017D1B
:108E4000134612D372B102681268C8184FF000447A
:108E500011F8013BD4625363D36A002BFCDA8142E0
:108E6000936BF5D10DF5017D30BD0546144668467E
:108E700001F016FB23466A4669462868FCF792FD16
:108E80000DF5017D30BD00BF10B4034B00241470FC
:108E90001B6810BC184700BF80560020024A034BD5
:108EA00003491160186070478456002080560020E6
:108EB000898E000038B50368A24C1B68032222701B
:108EC00005469847A04B9A7912F00C0F03D19A7976
:108ED000D20600F1B4809C4A9379C3F38103032B3B
:108EE00000F0B880984A9379C3F38103022B00F015
:108EF000EC80954A9379C3F38103022B00F0F28052
:108F0000914A9379C3F38103022B00F005818E4AC5
:108F10009379C3F38103012B00F0F1808A4A93799E
:108F2000C3F38103012B00F00081874B9A7912F083
:108F30000C0F03D19A79D20600D49B79834A137817
:108F400003F0040303F0FF018BB9814B19701B7808
:108F50001378DB07FCD57E4B7E4A402119701B78C5
:108F600013785807FCD4794A13785907FCD57A4B03
:108F70001A6822F002021A60EFF3108272B6BFF391
:108F80005F8FBFF34F8FBFF36F8F30BF82F31088B7
:108F9000BFF35F8FBFF34F8FBFF36F8FBFF35F8F51
:108FA000BFF34F8FBFF36F8F1A68684942F0020218
:108FB0001A600B785A070BD5654B664A0021197069
:108FC0001B7813785B07FCD5604A1378D807FCD56B
:108FD0005D4B5A78A02102F0FD025A701A461970B2
:108FE00093799907FCD5584A9379DB06FCD4564906
:108FF0008B79554A03F00C03082BF9D10321402348
:109000001171114653718B799806FCD54E498A79B6
:109010004D4B5206FBD5514A5149116020221A701E
:109020001A46937903F00C030C2BFAD12B682846CF
:109030005B6898474B4A00231068237038BD9B79C2
:109040009B067FF57BAF404A9379C3F38103032BE3
:109050007FF448AF937903F0100303F0FF01002B76
:109060007FF440AF937998067FF53CAFA02311724F
:10907000114613708B79344A03F00C03082BF9D195
:10908000537903F0BF03537193792F499B06FBD4A7
:109090004B78652043F001034B700A4608709379C2
:1090A000D806FCD5284A9379D907FCD526498B796F
:1090B000254A03F00C03042BF9D1537827492A4899
:1090C00043F002035370086038E79379D9063FF5FF
:1090D00010AF93799B067FF50CAF537898077FF517
:1090E0002DAF06E79379D9063FF50AAF93799B0632
:1090F0003FF506AF537898077FF520AF00E79379E7
:10910000D8067FF50BAF937999063FF507AF5378F3
:109110009A073FF513AF01E79379D9063FF5F7AE0C
:1091200053789B073FF50AAFF1E69379DB067FF5AD
:10913000FCAE937998063FF5F8AE537899077FF522
:10914000FDAEF2E6BCF3FF1F0040064003E007401F
:1091500001E0074002D0074010E000E044800440F6
:1091600000000301B8F3FF1F00001311114B1B781F
:10917000012B1DD0032B10B5044605D0052B03D0C1
:109180000D4BA26B1A6010BD94F8313013B90B4B24
:1091900004221A600A4B94F830201A7072B64220EA
:1091A000A16A01F04FFD62B6034BA26B1A6010BDBD
:1091B000704700BFBCF3FF1F1CD0034088E100E0F4
:1091C00042E400E038B5314D2B78012B23D0032B3E
:1091D000044632D0052B30D02D4A116889001BD4AB
:1091E0001168032B41F0005111601AD0052B18D0E3
:1091F000284A137943F020031371274A94F83D302D
:109200001268A263002B38D1E36A244A013B136041
:10921000214B04221A6038BD0122032B84F83C2024
:10922000E4D11F4A136803F00403DBB284F8313041
:10923000002BE2D104231360DFE71A4B1B7884F87C
:10924000303001F081FCA0F11103EE2B98BF1038F3
:10925000144B94BFC0B28020187072B6124B1349E1
:10926000D3F84831A362422001F0ECFC62B6084A10
:109270002B7811688900B3D5CEE701F0ABFDE36A26
:10928000064A013B18441060C2E700BFBCF3FF1F51
:109290003C800440685800201CD0034008D00340A4
:1092A00008E100E042E400E000F4FF1FE19200006A
:1092B000074B08491B68084A01330B601378032BDE
:1092C00002D0052B00D07047044B23221A60704750
:1092D00000D0034008D00340BCF3FF1FB8F3FF1FCA
:1092E000034B1B689B0001D5FFF7E2BF704700BF2F
:1092F0003C800440034B1B689B0000D47047FFF781
:10930000D7BF00BF3C800440C2EB021210B49200F1
:109310004FF4616404FB01210B440122C36280F815
:10932000252080F83D2010BC704700BF90F8273002
:1093300013B990F8283013B1014B00221A6070471E
:109340000060034090F8273013B990F828302BB113
:10935000034B044A48F6A37119601A60704700BFB6
:1093600000600340A28F0100644A654B2DE9F04F75
:10937000644EDFF8A0A1644CDFF89091A2FB00528C
:109380004FEA124C0CF10407A3FB0025A6FB006278
:10939000A7FB0AAB6D09D20AA3FB0563A4FB026419
:1093A000CBEB07060BEB56065B09B6082409C6EBA8
:1093B000C606C3EB031304EB4404A5EB8303BE1BF7
:1093C000C5EB0515A2EBC402A0EB85000136002415
:1093D0008A7008704B70CE70224640F26D1B4FF0C1
:1093E00064084FF4C87A0EE0C6EBE5150AFB1535A4
:1093F00070BB002D14BF58464FF4B770024494451B
:1094000004F1010413D3E7B207F2B27389FB030539
:10941000DE17C6EB651013F0030E08FB1030E3D027
:1094200040F26D100244944504F10104EBD28F71B7
:10943000BEF1000F0FD13548DE1780FB0340C6EBAD
:109440006014642505FB1434BCB34FF4B77405E015
:109450004FF4B770D2E740F26D14DE172B482C4D55
:1094600080FB0370C6EB6018121BC6EBE016642489
:109470004FF4C87000FB163604FB1838C2EB0C0220
:109480000120002302E00130C0B20133012BDFB222
:1094900020D05C5D944209D80C28A2EB0402F2D1E2
:1094A0000D2701320A714F71BDE8F08F0137FFB20D
:1094B00001320A714F71BDE8F08F4FF4C874C6EBEA
:1094C000E01004FB1030002840F26D1408BF4FF488
:1094D000B774C3E7BEF1000F0AD1B8F1000F0BD18A
:1094E000002E14BF1C241D24A24203D3121BCAE762
:1094F0001C24F9E70227D4E71D24F5E707452EC20F
:1095000089888888C5B3A291ABAAAAAA1F85EB5106
:10951000245701002549922410B503490446FFF75A
:1095200023FF024B1C6010BDD0560020CC560020FB
:1095300008B5044B1B68984201D0FFF7EDFF024BC2
:10954000987808BDCC560020D056002008B5044BB2
:109550001B68984201D0FFF7DFFF024B587808BD27
:10956000CC560020D056002008B5044B1B6898420A
:1095700001D0FFF7D1FF024B187808BDCC56002070
:10958000D056002008B5044B1B68984201D0FFF765
:10959000C3FF024B187908BDCC560020D0560020DE
:1095A00008B5044B1B68984201D0FFF7B5FF024B8A
:1095B000587908BDCC560020D056002008B5054B80
:1095C0001B68984201D0FFF7A7FF034B987900F280
:1095D000B27008BDCC560020D05600202DE9F041D5
:1095E0003949867901FB06F106B306F2B27C40F2F6
:1095F000B373DFF8D8E064274FF4C8780DE013F0B8
:10960000030F09D1C2EBE51208FB123204B91AB9F3
:1096100001F5A83101F5C07101338EFB0325DA177E
:10962000C2EB6514634507FB1434E8D14779012F79
:109630002FDD264C264ADFF89CE006F2B27384FB4D
:109640000346DC17C4EB661C6425C4EBE6164FF436
:10965000C87405FB1C3C04FB163603F0030501230C
:1096600007E014780133BB420EFB041102F1010242
:109670000FD0022BF5D1002DF3D1BCF1000F1BD080
:1096800001F5181101F56E510133BB4202F10102DF
:10969000EFD143788578047802790E48C3EB031341
:1096A0004FF461669B0006FB05332344013A00FB3F
:1096B00002300844BDE8F081002ED2D101F5181126
:1096C00001F56E51E0E700BF8033E1011F85EB51EA
:1096D00024570100805101002DE9F04F85B09946D3
:1096E000BDF93870BDF83CA0BB1AC1EB090B002BCB
:1096F000B8BF5B42BBF1000FB8BFCBF1000B5B45BD
:109700000D4616460093804648DC4D453A463346A2
:109710004CDC194613460A46C5EB09019B1A89B26F
:10972000002B0CB2B8BF5B4204EBD474BE42ACBF9A
:109730004FF0FF3201224D45039102924FEA64043B
:1097400029DC9BB201930DE0D8F800703F69B8475F
:10975000019BE41AA3B21CB20135002C2DB211DB1F
:10976000A94518DB009B5B452A46534631464046D7
:10977000EADCD8F8002053461769294632464046AD
:10978000B847E5E7029A1644039AA94502EB030499
:1097900036B224B2E6DA05B0BDE8F08F4A462B4671
:1097A000B94635464D4517461E46B2DD3046294678
:1097B0003E464D4607468946AEE700BF2DE9F047D5
:1097C00082B00568BDF82C70BDF92890009704465A
:1097D000D5F81CA090460D461E46D047236800973A
:1097E00009F1FF324244D3F81CA0294633462046F3
:1097F00012B2D04723680097D3F818A042464B46D0
:1098000029462046D04720680A97711E2944856959
:1098100009B24B4642462046AC4602B0BDE8F0478E
:10982000604700BF30B583B0013B1344BDF818500A
:1098300004681BB28DE828000B466469A04703B09A
:1098400030BD00BF30B583B00468BDF81850009239
:10985000013B0B4401951BB26469A04703B030BDC6
:109860002DE9F0475F1882B0B942BDF92890BDF8E4
:109870002C800FDA0C46054692462B68CDF8008006
:10988000214601349E6952464B46284624B2B047D1
:10989000BC42F2DB02B0BDE8F08700BF10B582B079
:1098A000B0F90C2001910168009200224C6AB0F9D5
:1098B0000A301146A04702B010BD00BF704700BF7C
:1098C000F0B4002401264FF6FF75084F07600471BD
:1098D000C475C48104824476867506768582458285
:1098E000C180028141818281F0BC704738570100FC
:1098F0002DE9F04F8FB08346BDF86040B0F90A0003
:109900000594BDF86440079488429DF8684004942B
:1099100076DDBBF90C00904272DD062010FB0410CE
:1099200000286DDD02EBC400002869DD9BF81900FA
:1099300000287AD092B203EB83030D920B93083286
:109940008BB20C9393B2069306230A93BDF810A032
:1099500000230893089B052B6CD0374AD3180B9A29
:109960009F5C08990C9B0D9CBDF91080029701FB30
:109970000A3213FA81F312B21BB2039209932646FC
:1099800025461BE0049B0399012B2AB24346584607
:1099900039D0DBF800E0059F0197CDF80080DEF8B4
:1099A0002490C847029B5B0801340293069BA4B233
:1099B000554456449C42ADB2B6B217D0029BDB0769
:1099C000E0D4059B079A03999342584632B2434626
:1099D000E8D0049F012F1FD0DBF800E0079F01971C
:1099E000CDF80080DEF82490C847DBE7089A0A9B90
:1099F0000132013B52B213F0FF0308920A93A9D13E
:109A00000FB0BDE8F08FDBF80020059BD2F8109076
:109A1000099922B2C847C5E7DBF80020079BD2F8B6
:109A20001090099922B2C847BCE7AF2B84BF01331D
:109A3000DBB27FE7002794E768570100F0B50A29F9
:109A400085B0044629D00D2924D0458A877D868A91
:109A5000B0F910200B46B0F90E108DE8E000FFF7CA
:109A600047FFA27DE389207E91B201EB410503EB24
:109A700045031BB2E38168B1B4F90A00A2EB82028C
:109A800000EB4202934205DD238A002203EBC10171
:109A90002182E281012005B0F0BD038A817D002290
:109AA00003EBC1030382C281012005B0F0BD00BFFA
:109AB000C1810282704700BF002908BF0121817562
:109AC000704700BF81824182704700BFC07D7047F0
:109AD000B0F90A00704700BFB0F90C00704700BF32
:109AE000F0B5C47DBDF81450022C75D0032C6ED097
:109AF000012C32D0002A79DBB0F90840944265DDB0
:109B0000002978DBB0F906605818B042C4BF731A58
:109B10001BB2002B5ADD002A1046B8BFD01D01240D
:109B200040F3CF0002F00702704E01EBC01104FABF
:109B300002F2A5423144D2B200F0A480C0F0958078
:109B4000022D43D1013B11FA83F04B1E13F8011F84
:109B5000514083421970F9D1F0BDC488013CA21A6A
:109B600012B2002A7BDBB0F9064094422EDD0029B8
:109B70003DDBB0F908605818B042C4BF731A1BB27D
:109B8000002B23DDC9B2C808584C02EBC01211F0FB
:109B90000701DBB204EB020039D0C1F10801C9B200
:109BA000534E8B42765C2AD2C3EB010EFF2747FA55
:109BB0000EF7012D06EA070674D06ED3022D40F091
:109BC0009480A75C7E40A6548B421DD2F0BD0489D0
:109BD000E41A611A09B2C4E70689C488013EB21AC0
:109BE000E41A12B2611A002A09B285DAF0BD0B44F8
:109BF0001BB20021BDE70B441BB2002182E7012DFF
:109C000050D04AD3022DDCD05B1ADBB28030072B58
:109C100018D9022D4ED0A3F10806C6F3C406B11C14
:109C200000EBC111012D0CBFFF24002400F18002C4
:109C300002F8804C80328A42FAD1013600EBC6101D
:109C400003F00703002BC1D02A4A012DD35C2DD08D
:109C500006D3022DBAD1027853400370F0BDF0BD97
:109C6000027822EA03030370F0BD013BD24311FAEC
:109C700083F0D2B24B1E13F8011F114083421970BA
:109C8000F9D1F0BD013B11FA83F04B1E13F8011F0F
:109C9000114383421970F9D1F0BDA75C27EA06068B
:109CA000A65491E7A75C3E43A6548DE70278134380
:109CB0000370F0BDA3F10805C5F3C405AC1C00EBAF
:109CC000C41400F1800212F8801CC94302F8801C01
:109CD0008032A242F7D1013513F0070300EBC51023
:109CE0003FF474AF034AD35CB5E7F0BD38FBFF1F08
:109CF00030FBFF1F28FBFF1FF0B5C47DBDF81450DB
:109D0000022C76D0032C6FD0012C37D000297ADBBF
:109D1000B0F906408C4230DD002A79DBB0F90860EA
:109D20009818B042C4BFB31A1BB2002B25DDD2B2C3
:109D3000D008754C01EBC01112F00702DBB204EB46
:109D4000010071D0C2F10802D2B2704E9342B65CEB
:109D500062D2C3EB020EFF2747FA0EF7012D06EA87
:109D6000070600F0AC80C0F0A580022D40F0CA804C
:109D7000675C7E406654934253D2F0BDC488E41AB7
:109D8000A21A12B2002977DBB0F908408C42F4DD48
:109D9000002A39DBB0F906609818B042C4BFB31A84
:109DA0001BB2002BE9DD00290846B8BFC81D0124FD
:109DB00040F3CF0001F00701534E02EBC01004FA4C
:109DC00001F1A54206EB0002C9B268D05AD3022DB8
:109DD000D3D1013B12FA83F0531E13F8012F4A40EE
:109DE00083421A70F9D1F0BD0489013C611A09B2AD
:109DF000C8E7C6880489013E711AE41A09B2A21A9A
:109E0000002912B284DAF0BD13441BB20022C1E76C
:109E100013441BB2002281E7012D50D04AD3022DFA
:109E2000A6D09B1ADBB28030072B18D9022D4ED05A
:109E3000A3F10806C6F3C406B11C00EBC111012D45
:109E40000CBFFF24002400F1800202F8804C803215
:109E50008A42FAD1013600EBC61003F00703002B4B
:109E60008BD02B4A012DD35C2DD006D3022D84D16B
:109E7000027853400370F0BDF0BD027822EA03037C
:109E80000370F0BD013BC94312FA83F0C9B2531EFF
:109E900013F8012F0A4083421A70F9D1F0BD013B3B
:109EA00012FA83F0531E13F8012F0A4383421A70EB
:109EB000F9D1F0BD675C27EA060666545BE7675C8C
:109EC0003E43665457E7027813430370F0BDA3F195
:109ED0000805C5F3C405AC1C00EBC41400F18001F7
:109EE00011F8802CD24301F8802C8031A142F7D1A7
:109EF000013513F0070300EBC5103FF43EAF044AF1
:109F0000D35CB5E7F0BD00BF38FBFF1F30FBFF1F80
:109F100028FBFF1FF8B50D1E06DB14461F4606463C
:109F2000FFF7D6FD854200DBF8BD002CFCDB304698
:109F3000FFF7D2FD8442F7DA3046FFF7C7FD02286B
:109F40004BD0032843D0012804D1F388013B1B1BCD
:109F50002C461DB2012F03D026D3022F12D0F8BDFC
:109F6000002C2346B8BFE31D43F3CF0305EBC31515
:109F70001E4804F00704435D012101FA04F41C4368
:109F80004455F8BD002C2346B8BFE31D43F3CF036F
:109F900005EBC315154804F00704435D012101FAE0
:109FA00004F45C404455F8BD002C2346B8BFE31DC3
:109FB00043F3CF0305EBC3150C4804F00704435DDE
:109FC000012101FA04F423EA04044455F8BD33895D
:109FD000013B5B1B25461CB2BCE7F1883289013985
:109FE000013A4D1B141B2DB224B2B3E738FBFF1FFF
:109FF00038B5402204460D468021FFF761FCFF235F
:10A00000044AE577237784F82030A37763772260CA
:10A01000204638BD705C01004FF480620021014889
:10A0200004F0BCBA38FBFF1F70B590F91C30013347
:10A030004BD0C26A90F83630147823431370026B09
:10A0400090F83740137823EA04031370C26A90F83B
:10A050003640137823EA0403137090F821301BBBB9
:10A06000082480220FE090F834302E7833432B7090
:10A07000856A90F835302E78013C43EA06034FEAB2
:10A0800052022B701AD0856A90F835602B7823EA3B
:10A0900006032B701142456AE5D190F834602B78A5
:10A0A00023EA06032B70E3E7114B1A684FF00043D5
:10A0B000D3625163D36A002BFCDA936BC26A90F8C7
:10A0C000363011780B43137070BD0C4690F91A109E
:10A0D0000848FBF765F900210648FAF75FFE2146BC
:10A0E0000448FAF75BFE0348BDE87040FBF76AB925
:10A0F000F0FAFF1F645600202DE9F0410E4690F95A
:10A100001C10827601310446C676984600F0918094
:10A110000121807F7A4F00F08BFE012194F820000E
:10A1200000F086FE94F9203094F91E2057F8333061
:10A13000E362012584F8365094F8213057F8322034
:10A14000226384F83750002B00F0BD806D48FBF788
:10A15000EDFA4FF060516B48FBF726FBB8F1000FAA
:10A160006DD1AE212046FFF75FFFD5212046FFF7D6
:10A170005BFF80212046FFF757FFA8212046FFF70D
:10A1800053FF3F212046FFF74FFFD3212046FFF723
:10A190004BFF00212046FFF747FF40212046FFF7F5
:10A1A00043FF8D212046FFF73FFF012E5ED0142193
:10A1B0002046FFF739FF20212046FFF735FF002119
:10A1C0002046FFF731FFA1212046FFF72DFFC821D0
:10A1D0002046FFF729FFDA212046FFF725FF12214D
:10A1E0002046FFF721FF81212046FFF71DFFCF21E9
:10A1F0002046FFF719FFD9212046FFF715FFF1216F
:10A200002046FFF711FF2046DB21FFF70DFF204618
:10A210004021FFF709FF2046A421FFF705FF204654
:10A22000A621FFF701FF2046AF21BDE8F041FFF76F
:10A23000FBBE3548FAF758FEB8F1000F91D0E07F29
:10A24000012100F0F5FD0121E07F00F0DDFD01209E
:10A2500000F0F4FD0021E07F00F0D6FD0A2000F0C0
:10A26000EDFD0121E07F00F0CFFD7AE720461021CF
:10A27000FFF7DAFE20462021FFF7D6FE2046002118
:10A28000FFF7D2FE2046A121FFF7CEFE2046C821CF
:10A29000FFF7CAFE2046DA21FFF7C6FE204612214C
:10A2A000FFF7C2FE20468121FFF7BEFE20469F2118
:10A2B000FFF7BAFE2046D921FFF7B6FE222120463D
:10A2C000FFF7B2FE9FE72946207F00F0B1FD294647
:10A2D000607F00F0ADFD94F91D3094F91C2057F813
:10A2E0003330A36284F8355094F8213057F8322087
:10A2F000626284F83450002B3FF430AF26E700BF91
:10A30000DC5C0100F0FAFF1F645600202DE9F041EB
:10A3100021210446FFF788FE20460021FFF784FE36
:10A3200020467F21FFF780FE20462221FFF77CFE9A
:10A3300020460021FFF778FE20460721FFF774FE34
:10A3400094F91C30013359D0E26A94F83630117810
:10A350004D4DDFF844E10B431370226B94F8373016
:10A3600011780B431370E26A94F83610137823EADD
:10A370000103137005F580664FF0004794F8213013
:10A3800015F801CF3BBB0821802212E094F834304D
:10A3900090F8008048EA03030370A06A94F835300F
:10A3A00090F80080013948EA03034FEA5202037033
:10A3B0001AD0A06A94F83580037823EA0803037062
:10A3C0001CEA020F606AE1D194F83480037823EA32
:10A3D00008030370E1E7DEF80020D762C2F834C05A
:10A3E000D36A002BFCDA936BB542C7D1E26A94F8CA
:10A3F000363011780B431370BDE8F081234B244FA6
:10A400005A7800251A2A4FF01A014FF080029D70E9
:10A4100008BF4FF00C08597018BF4FF048089A70E9
:10A4200094F91A101B48FAF7BBFF40211948FAF7B4
:10A43000B5FC05F11006B6B2795D16480135ADB22E
:10A44000FAF7ACFCB542F7D11248FAF7BBFFB5F505
:10A45000806FE5D1B8F10C0F0DD0B8F1480F01D0E5
:10A46000BDE8F081094B00202721802298705970A7
:10A470009A70BDE8F081054B00201A218022987067
:10A4800059709A70BDE8F08137FBFF1F00600640ED
:10A4900038FBFF1F64560020F0FAFF1F00F08ABA55
:10A4A00001B441EA000313F003036FD1403A41D3F2
:10A4B00051F8043B40F8043B51F8043B40F8043B9E
:10A4C00051F8043B40F8043B51F8043B40F8043B8E
:10A4D00051F8043B40F8043B51F8043B40F8043B7E
:10A4E00051F8043B40F8043B51F8043B40F8043B6E
:10A4F00051F8043B40F8043B51F8043B40F8043B5E
:10A5000051F8043B40F8043B51F8043B40F8043B4D
:10A5100051F8043B40F8043B51F8043B40F8043B3D
:10A5200051F8043B40F8043B51F8043B40F8043B2D
:10A53000403ABDD2303211D351F8043B40F8043BCD
:10A5400051F8043B40F8043B51F8043B40F8043B0D
:10A5500051F8043B40F8043B103AEDD20C3205D3DD
:10A5600051F8043B40F8043B043AF9D204320AD0D3
:10A57000D2071CBF11F8013B00F8013B03D30B7855
:10A5800003704B78437001BC704700BF0C2A4AD35C
:10A5900010F0030311D0C3F10403D21ADB071CBF70
:10A5A00011F8013B00F8013B07D311F8013B00F81B
:10A5B000013B11F8013B00F8013B11F003033FF4AC
:10A5C00075AF30B4043AC91AC3F1040C51F8044B06
:10A5D000022B19D0032B0BD0240A51F8043B1D0683
:10A5E00044EA050440F8044B1C46043AF4D216E051
:10A5F000240E51F8043B1D0244EA050440F8044BC4
:10A600001C46043AF4D20AE0240C51F8043B1D0421
:10A6100044EA050440F8044B1C46043AF4D20432E0
:10A62000B1EB0C0130BC043AA0D3013A11F8013B64
:10A6300000F8013BF9D20B7803704B7843708B78AC
:10A64000837001BC704700BF374A384913681B0646
:10A65000FCD40B6813F08003F8D172B634490A7841
:10A66000002A5FD0334A3448F0B4344C1768066887
:10A670002568D4680C303E44143200681268304FAC
:10A6800035442C4420440244C2F34E022D4E2E4841
:10A690002E4D2F4C42F400423A60376806682D6810
:10A6A0002C4A24680C303E44006812682A4F354416
:10A6B0002C4420440244C2F34E02284E2848294D1F
:10A6C000294C42F400423A60376806682D68274AF0
:10A6D00024680C303E4400681268254F35442C44F1
:10A6E00020440244C2F34E02224E2348234D244C00
:10A6F00042F400423A60376806682D68214A2468AF
:10A700000C303E440068126835442C442044024416
:10A71000C2F34E021C4842F4004202600B7062B663
:10A72000F0BC704762B6704724B0034024B00B40C1
:10A73000D856002038B003403CB0034040B003403E
:10A740002CB0034058B003405CB0034060B00340FD
:10A7500064B003406CB0034030B0034038B00B40ED
:10A760003CB00B4040B00B4044B00B404CB00B40F1
:10A770002CB00B4058B00B405CB00B4060B00B40AD
:10A7800064B00B406CB00B4030B00B4030B4294883
:10A79000294A2A4B2A4D6024E121047011701B784C
:10A7A000284C082B30D00A2B2748284937D00C2BAF
:10A7B0000CBF35223D2212232A60236002600B6009
:10A7C000234B24491B78244ABBB101230B6013603F
:10A7D000224B23491B78234A012B26D9042B0FD95E
:10A7E000082B1ED9102B94BF862387230B60136080
:10A7F0001D4B01221A7030BC70470B601360E7E7F5
:10A8000084230B601360F3E700F58E200F490830B6
:10A81000012213232A60236002600B60D0E73922F3
:10A82000F7E785230B601360E2E780230B6013607A
:10A83000DEE700BF004007400140074038FFFF1F30
:10A8400008B003400CB0034008B00B400CB00B4004
:10A85000DB56002020B0034020B00B4039FFFF1F23
:10A8600024B0034024B00B40D856002068B10E4AF3
:10A870001378C3B90D4909780120107019B10C493A
:10A880000C4A0B601360FFF781BF074B1A7852B177
:10A89000064A18701378002BF5D0054A054B106056
:10A8A0001860FFF773BF7047DB560020D8560020B2
:10A8B00024B0034024B00B4028282FD8334B2DE977
:10A8C000F0411E5CFF2E2BD0314B1B78002B2AD180
:10A8D00032062CD472B62F4D2F4C2F460123266002
:10A8E0002B7062B672B623681B060CD43B781BB97A
:10A8F000F4E72B78002BF1D062B601F061FE72B65E
:10A9000023681806F5D5254B1B6800222A7062B60D
:10A91000234A107843FA00F0BDE8F0810020704728
:10A920000020BDE8F081FFF78FFE3206D2D572B667
:10A930001C4DDFF87C801C4C06F04007FFB206F08F
:10A940003F06D8F80030DFB123F01003C8F800301C
:10A9500001232660134A2B7062B672B6236819066B
:10A960000CD413781BB9ECE72B78002BE9D062B636
:10A9700001F026FE72B623681B06F5D50B4BC3E724
:10A9800043F01003C8F80030E2E700BFA05C01000C
:10A99000D8560020DA56002000B0034010B0034023
:10A9A000D7560020D956002000B00B4010B00B4005
:10A9B0000CB00B40F0B585B0102219496846FFF77E
:10A9C0006FFD184A127891071DD51749174D0A785F
:10A9D00012F0700218BF0A701549164A0346802704
:10A9E00015480F700026332403212E700470117057
:10A9F00072B60D4C43F001032046984762B62378A7
:10AA000013F0700309D10D4B064901E0013B02D060
:10AA10000A78D207FAD505B0F0BD237005B0F0BDB5
:10AA2000CC5C010001000240000002400400024032
:10AA3000070002400A0002400B000240410D0300E3
:10AA4000B0F5006F0AD210B5094B1B78DB0704463E
:10AA500006D504F1A0500078C0B210BD00207047A8
:10AA6000FFF7A8FF04F1A0500078C0B210BD00BFEE
:10AA700001000240B0F5006F17D238B50F4B1B78BC
:10AA8000DA070D46044611D504F1A0500378AB4215
:10AA90000AD00B4A137813F0700318BF1370074ADB
:10AAA00005701378DB07FCD538BD7047FFF782FFD0
:10AAB00004F1A0500378AB42EBD1F5E7010002406E
:10AAC0000000024008B5104C08E0236859050DD479
:10AAD00023681A050FD42368DB0411D423685803B4
:10AAE000F3D500F023FB23685905F1D500F00EF8EB
:10AAF00023681A05EFD500F009F82368DB04EDD5CB
:10AB000000F004F8EAE700BF3480044008B5FFF71E
:10AB1000D9FF00BF704700BF094908B50B6830B1C5
:10AB20006A461844A2F58052904202D20860184644
:10AB300008BD03F021F90C2303604FF0FF3008BD7E
:10AB40003CFFFF1FFEE700BFEFF3138070B9EFF388
:10AB500010836BB9EFF305825AB94FF48070EFF3AD
:10AB600011832BB1984228BF184670474FF0FF3031
:10AB700070470F2A01D81846F1E7014BD05CEEE789
:10AB8000F0E300E0704700BF10B40F4B53F83020E3
:10AB900092F880422CB1012369B182F8803010BC58
:10ABA000704703EBC0035B681A6841B922F00202E8
:10ABB0001A6010BC704782F8003110BC704742F038
:10ABC00003021A6010BC7047DC5C01001C4A02EBF7
:10ABD000C00301295B6811D004291BD052F8300052
:10ABE000002280F8802229B1022920D0032922D016
:10ABF0001A6070474FF480721A60704752F8300044
:10AC00004FF4A27280F880121A601A6822F02002B3
:10AC10001A60704752F830104FF4A272012081F888
:10AC200080021A601A6842F020021A60704740F2EF
:10AC300003121A6070474FF481721A60704700BFA8
:10AC4000DC5C01001030024B43F82010704700BF5D
:10AC500000F4FF1F212848D8F8B5042A44D8DFE8BB
:10AC600002F0484B4E0345004FF410262B4B03EBEC
:10AC7000C0030D465C68216811F4E06148D0284BA0
:10AC8000284A2949C3F89C2104F140422748C3F8C7
:10AC9000A411A2F59221264FC3F8A0017C292548D2
:10ACA000C3F8A871C3F8AC012CD9A2F594237C2B6E
:10ACB0002AD9A2F596237C2B28D9A2F598237C2BA0
:10ACC00029D9A2F59A227C2A27D81B4872B6236874
:10ACD00023F4702343F08072C4F38401164323608D
:10ACE00040F82150266062B6F8BD70474FF4302618
:10ACF000BCE74FF40026B9E74FF44026B6E74FF41F
:10AD00002026B3E70D48E1E70D48DFE70D48DDE712
:10AD1000FFF75CFFB3E70C48D8E7F8BDDC5C010047
:10AD200000F4FF1FD1F9FF1F79F9FF1FA5F9FF1FDD
:10AD30004DF9FF1F21F9FF1F1800002040FFFF1FE2
:10AD400078FFFF1FC8FFFF1FF8FFFF1F1A4B03EB21
:10AD5000C00010B4426802F14043A3F592217C295F
:10AD600023D9A3F594217C290DD9A3F596217C291B
:10AD70001FD9A3F598217C2919D9A3F59A237C2BF7
:10AD800011D80E4C00E00E4C72B613680D4823F03B
:10AD90008773C2F3840123F4803343F0807313601C
:10ADA00044F8210062B610BC7047074CECE7074C32
:10ADB000EAE7074CE8E700BFDC5C01001800002070
:10ADC00078FFFF1F85AB000040FFFF1FF8FFFF1F4C
:10ADD000C8FFFF1F014B1868704700BF00D0034039
:10ADE00030B4054B054D064C002210211A602A6034
:10ADF0002060196030BC704714D0034004D0034079
:10AE000000D00340704700BF212801D8FFF7BCBE27
:10AE1000704700BF212806D8044B53F8303093F810
:10AE20000002C0B270470020704700BFDC5C010028
:10AE3000212801D8FFF7CABE704700BF2DE9F843AB
:10AE4000054672B6204F214B214A1B683C681268A8
:10AE500062B6520102D5322B88BF013495B3C3F5D7
:10AE6000BB331C4EDFF86490DFF86480FF334FF48F
:10AE70007A72A6FB031302FB04F404EB931472B67C
:10AE8000D9F800103A68D8F800E062B6C1F5BB33D3
:10AE9000FF33A6FB03031EF0806FC4EB93134FF444
:10AEA0007A7002D0322988BF013200FB0233B3F539
:10AEB0007A7F04D3013D05D004F57A74DFE701F011
:10AEC0007FFBDCE7BDE8F883DC56002018E000E0FB
:10AED00004ED00E0ABAAAAAAF8B52E4B2E49DFF884
:10AEE000D4E0DFF8D4C02D4E2D4D2E4C2E4A2F4FDE
:10AEF0004FF4000018604FF0807018604FF0007041
:10AF000018604FF0806018604FF0006018600020FB
:10AF1000086028234BF6FF71CCF80010CEF8003003
:10AF2000336013602B6023603B60B362936209223D
:10AF300045F8242CC4F8D80F05F57F65C7F8D41F51
:10AF400007F5FF2707F5FA67C6F8F83F2B6006F507
:10AF5000FF26C4F8D42F05F5FD2504F5FF2438603D
:10AF600006F2F4761248316005F5FF6504F5FD64DC
:10AF70002B6023600260FFF709FCFFF743FF1420FA
:10AF8000FFF75CFF00F00CFD4FF48C70BDE8F8405B
:10AF9000FFF754BF08E100E0048003401480034041
:10AFA000248003402C8003401C80034034800340F5
:10AFB00000800B400C80034008800340431E032B9D
:10AFC00014D872B60A4951F8230068B170B4094C1C
:10AFD000058834F81320466841F82360521B24F892
:10AFE000132062B670BC704762B67047002070478D
:10AFF0003857002078580020013803280BD872B643
:10B00000074B53F8203043B100205B680130002B20
:10B01000FBD162B67047002070471846F9E700BFC1
:10B020008C570020F0B472B61A491B4E012311F858
:10B03000014B194F9A00240742F0010505D556F837
:10B04000324064B156F83520BAB10133052BEED148
:10B0500062B6124B00221A70F0BC00F01BBD0F4C00
:10B060000F4D217807EB43130830013958602170E8
:10B0700047F8325062B6F0BC7047084A0949137865
:10B0800007EBC5040830013B6060137047F83510CA
:10B0900062B6F0E7245E01000080FF1FB557002074
:10B0A00088004000C8004000431E032B1DD81B4AE7
:10B0B000400140F0100030B4104472B6184CE25C0D
:10B0C000032A1BD8DFE802F00212151703220D88AD
:10B0D000E25410F0080F14BFC823882343EA054345
:10B0E00008314160036062B630BC7047083002220C
:10B0F000EDE70522EBE708300422E8E7094A52F8B9
:10B10000230038B1084A52F82300416042F8231066
:10B1100062B6E9E742F82310034AF7E70080FF1F11
:10B12000C45700208C5700209C5700202DE9F04F79
:10B13000DFF814B3DFF814A387B044E0AD4F4FEA53
:10B14000930807EBC809013ED9F8042003F008036F
:10B15000F6B2A2F1080003F0FF04002B40F00381D7
:10B1600057F838301B0C99B222F8081C002B00F05D
:10B17000F180A14B22F8064C42F8044C53F82620EB
:10B18000002A00F06C819D4D55F8263058609C4C8B
:10B1900045F8260034F81630194424F8161000F04B
:10B1A00059FC002800F05481964A974B19F0080F7B
:10B1B00000F1080018BF1346C9F8040047F83830FA
:10B1C00008238BF800309BF80040E4B260071BD5E1
:10B1D0008E4B1B78ABB18E490A7802F0FF032AB17F
:10B1E000013BDBB20B70002B00F0B58389490A7874
:10B1F00002F0FF032AB1013BDBB20B70002B00F021
:10B20000F68004238BF8003004F0080303F0FF02FB
:10B21000002B00F0D5809AF80030DBB21E098DD1EA
:10B220009C08744F57F8342007EBC401C2F3830223
:10B23000013A49680C2A7ED8DFE802F081817D7DE1
:10B240007D7D7D7D427D7D7D07000868724B734D5D
:10B2500001936C4B4A68724E47F8343081B240F229
:10B2600081646D4B6A60286000220120A1423A612E
:10B270001A60BA61307000F2F680B1F5D06F80F0DC
:10B28000E882B1F5817F00F0D38200F2D881802975
:10B2900000F04D81822940F09282A988614B01F033
:10B2A0007F01042900F28C825F4C89000B442270DC
:10B2B00062701A78930740F13883207002203AE1D7
:10B2C000554B01931A6862B3584B5949544E18882C
:10B2D0000C7896F800E04028054684F0010C28BF61
:10B2E000402544F00204BEF1000F81F800C0A0EB3D
:10B2F000050007EBC40C0CBF8821C82180B28EF07A
:10B30000010E41EA0541CCF80420188086F800E0DF
:10B310002A4447F8341010B9402D18BF0022019B71
:10B320001A603E4B1A88B2F5A06F04D100219A78BA
:10B330005970404B1A70404A0123137040E7374A56
:10B34000158842F22100854200F052812D4A47F8CB
:10B350003420F0E72B4A2C4B19F0080F18BF134686
:10B3600047F838302CE700F095FB344A344952F85E
:10B370002630002B00F02D8158688C5D42F82600A5
:10B3800003F10802C9F80420032C05D8DFE804F013
:10B39000120F150204228A551A8819F0080F0CBFE3
:10B3A0008823C82343EA024347F8383008E70222DB
:10B3B0008A55F1E703228A55EEE705228A55EBE725
:10B3C000E00700F17881210600F1A281A20706D5ED
:10B3D0001C4A1D4913780220DBB213700870E30683
:10B3E00002D5194B10221A7007B0BDE8F08F00F09B
:10B3F000BDFC06E70080FF1F38570020E456002000
:10B4000078580020C800400088004000C057002045
:10B4100049570020C8570020E0560020AC570020B4
:10B4200048570020C0200740B8570020F45600209D
:10B43000B457002098200740942007408C570020E4
:10B44000C4570020882007408020074090200740F4
:10B45000B74A47F83800137801331370B0E643F861
:10B460002600B44D93E642F22104A14200F0AD80E3
:10B4700000F20E81B1F5086F00F05481B1F5106F44
:10B4800040F09D81AC4AA9781170AC4D042402E0D3
:10B490000134142C0CD057F834301906F8D505EBCC
:10B4A000C40301345868083800F0F4FA142CF2D1BF
:10B4B000A349A44BA44A0291A449A54C9D4D0394D1
:10B4C00005964FF0000988461C46164604952068EC
:10B4D00028B1456800F0DEFA2846002DF9D1002396
:10B4E0002360049B30681A46002342F8293028B1B3
:10B4F000456800F0CFFA2846002DF9D100223260CD
:10B50000029A98F800301146002241F8042B039A61
:10B510000291023B4FF0000122F81910032B00F2B8
:10B52000B481DFE813F0E201AE01E201AE01894C23
:10B53000022022706270EA88824280F00D82864981
:10B540000D78402A45F0020E944607EBCE0028BF46
:10B550004FF0400C04EB0C0344600293CCEB020070
:10B560004FEA0C484FF001090022C82444EA0803BE
:10B5700085F0010447F83E3032700C70DFF8BCE112
:10B58000764BDFF8D481002840F02081BCF1400FD9
:10B590001BD144F0020407EBC403029FDFF89CE1D7
:10B5A0005F60002A40F02781020442F0880286F89A
:10B5B00000900D7007444EF834203B46402804D1DB
:10B5C0000020674A019910800B60664A01231370BE
:10B5D000B1E68B5D032B00F2248101A252F823F027
:10B5E000C1B10000C1B1000005B700000BB70000F9
:10B5F000928862B95C4ACD1D11F8013B02F8013F07
:10B600008D42F9D1594A1268862A00F0C980524900
:10B61000524E0878327840F0020580F00100087040
:10B6200007EBC501002A4FF00000486082F00102DC
:10B630000CBF8821C82147F83510327086E640F2E9
:10B640000232914240F0B080A98801F07F010429C4
:10B6500000F2B5806A88002A40F0B180444C89002D
:10B660000C448146217841F00201217000200290B3
:10B6700080468446044638490D7845F0020E07EBB3
:10B68000CE03B9F1000F5C600CBF8824C8246DE7BD
:10B6900042F22124A14240F08E80A988002940F086
:10B6A0004281344B344A354C1B68AD781360814677
:10B6B0000A462570DAE72B49204B3148264EDFF841
:10B6C000B0C0304DDFF8D4E02F4F02240C702F4C67
:10B6D00018605C6098602E48D8601A619A610D23EA
:10B6E00032702C4C8CF800302B4EFF232B70012035
:10B6F0009F258EF800303A7033702570087007B0BF
:10B70000BDE8F08F00238B555AE501238B5557E593
:10B710001749224B80220D2008701A70A2077FF56E
:10B720005EAE55E6044A0B4C1278227003E700BF68
:10B73000B5570020E4560020C05700200080FF1FAE
:10B740009C570020385700208C570020C4570020F9
:10B7500078580020B8570020B457002048570020E0
:10B76000F4560020942007407F5800208058002085
:10B77000C0200740DC56002088580020D857002001
:10B78000880040008820074098200740F856002095
:10B790004C570020842007408C2007408020074021
:10B7A000754A0F21117032E7B1F5A06F07D1002261
:10B7B0004FF001095AE742F221329142F7D06F4B24
:10B7C0000F221A706E4A01231370B4E540287FF6E9
:10B7D000E0AE44F002040EEBC401029E4E60AAB13A
:10B7E00083F80090674A88F8005033464038403369
:10B7F0004EF83420E5E6029B86F80090020442F001
:10B80000C8020D7003444EF83420D7E683F8009048
:10B81000029B5D4A88F80050403840334EF834208F
:10B82000CFE619F0080F0CBF022303238B55C7E4A2
:10B83000A98801F07F010429C1D86A88002ABED1F5
:10B840004E4C89000C448146217821F00201217080
:10B850000CE74E4A5468002CB1D06888B5F804E073
:10B8600003E00C325468002CA9D013888342F8D12D
:10B8700053887345F5D1000A03280CBF207810893E
:10B8800059E64FF0010388F8003009F10109B9F1D8
:10B89000040F04F1040406F1040608F101087FF422
:10B8A00016AE3B4B059E3B4DDFF8F0800020187034
:10B8B0004FF0010918F8013B05F8043B1A0719D4A9
:10B8C0004FEA890444F0020244F00304002347F8DD
:10B8D000323047F83430304B9D4209F10109E9D14B
:10B8E00096F8009089F00102C0E64FF0000388F856
:10B8F0000030CAE700F0AEF818B307EB49134FEA7F
:10B90000890408305860204B47F8343000F0A2F822
:10B9100068B144F0010307EBC30208305060194AD4
:10B9200047F83320CEE78146A0E6022003E6184B15
:10B9300044F001021B7847F83200154A01331370B6
:10B94000C0E7134B124A1B784FEA8904013347F8CA
:10B9500034001370DAE700BE4028844628BF4FF059
:10B96000400C04EB0C03CCEB00004FEA0C480293B4
:10B9700000224FF001097EE649570020C020074011
:10B9800094200740C800400088004000285E010065
:10B99000B5570020C4200740D4200740245E010092
:10B9A0002DE9F04100F0A8FE00231F491A4601EBE3
:10B9B000C30041F833200133142B42604FF00004E0
:10B9C0001948F4D1194A1A4F13681A491A4D1B4ED7
:10B9D000DFF874C0DFF874E0DFF8748043F480238C
:10B9E0001360C0F307233B70C0F307430B70000ED6
:10B9F000FF2302F528322870D4328CF80030104D25
:10BA00008EF800300F483370012388F8003070261C
:10BA100081F850404FF40074102107F8183C2E7044
:10BA200004601170BDE8F0810080FF1F3480044085
:10BA30009C200740B0200740B4200740102007405A
:10BA400049E400E008E100E080200740882007404A
:10BA50009420074072B60D480268B2FA82F30B2BAD
:10BA600010DC4FF00041D94022EA0102026062B6C8
:10BA7000074803EBC303DB00C2180021C150104686
:10BA80005160704762B60020704700BF2000002060
:10BA9000BCF5FF1F0D4B0E4AC31AA2FB03231B0963
:10BAA0000B2B0CD80B4A127852B972B60A484FF0D9
:10BAB0000041026821FA03F31A43026062B670473C
:10BAC000064A1278002AF0D0FFF7ACBABCF5FF1F87
:10BAD000398EE338B557002020000020C0570020E1
:10BAE00038B50F4D286878B143880288C1180133F2
:10BAF00093420C7A02D24380204638BDFFF7CAFF3A
:10BB0000002320462B6038BD064B1B782BB1032049
:10BB1000FFF754FA28600028E6D14FF0FF3038BD17
:10BB2000D4570020C057002010B5094C206818B128
:10BB300043881844007A10BD064B1B782BB10320B4
:10BB4000FFF73CFA20600028F2D14FF0FF3010BD23
:10BB5000D4570020C0570020044B054A1B6890882A
:10BB60001BB11A885B88D31A18447047D457002039
:10BB7000785800200B4B1B789BB110B50A4C2068FD
:10BB800048B1FFF787FF002303202360FFF716FA71
:10BB900030B1FFF77FFF0320FFF710FA0028F8D13C
:10BBA00010BD7047C0570020D45700202DE9F04F3A
:10BBB000DFF8F89083B0012289F80020019169B381
:10BBC000DFF8EC80364F019E8346D8F80000B0B312
:10BBD000344D4488C4F14001B14228BF314604EBE2
:10BBE000010E00221FFA8EFE2A70761AA0F802E0DB
:10BBF00000F1080251B1013C224459441BF8014BA9
:10BC000002F8014F8B45F9D1B0F802E0BEF13F0FC9
:10BC10000BD8254A05211170002ED6D1019800239A
:10BC200089F8003003B0BDE8F08F40220280014661
:10BC30000420FFF739FA0022C8F80020E9E73A7833
:10BC40002AB3184D4AF2F9244FF0010A07E0013CEB
:10BC500016D02A78A2B900F0B3FC3A78BAB1042021
:10BC6000FFF7CAF90728F2D889F800A0FFF7F2FE1B
:10BC7000C8F800000028ACD10C4B013C1870E8D18A
:10BC800001234FF0FF302B7003B0BDE8F08F00238D
:10BC90004FF0FF3089F8003003B0BDE8F08F00BFEF
:10BCA000C0570020D0570020C8570020C957002097
:10BCB000CC57002000B583B002AB012103F8010D81
:10BCC0001846FFF773FF03B05DF804FB38B50E4D5F
:10BCD0000E4C28680123237028B14088002323706C
:10BCE000C0F1400038BD0A4B1B7813B9002020700A
:10BCF00038BD0420FFF780F90728F7D8FFF7AAFE20
:10BD000028600028E9D1F1E7CC570020C95700206E
:10BD1000C0570020F8B5114B1B788BB1104E114D58
:10BD2000346801272F7064B10F4A638800271770A9
:10BD3000214623800420FFF7B7F9376000232B70DA
:10BD4000F8BDFFF787FE084B28B1014604201C70A0
:10BD5000FFF7AAF9F2E71F70F0E700BFC057002015
:10BD6000CC570020C9570020C857002038B50E4BCB
:10BD70001B7873B90D4C216861B103F0FF054B8846
:10BD80000B800420FFF790F9256038BD084B012295
:10BD90001A7038BDFFF75EFE0028F7D00146BDE8F7
:10BDA00038400420FFF780B9C9570020CC57002045
:10BDB000C8570020C029F0B428BFC02172B6124B6A
:10BDC000124E134A18600023138033607360B3600F
:10BDD000F36033617361012799B15D0903F01F04BA
:10BDE00056F8252007FA04F4013322438B4246F823
:10BDF0002520F2D10023438001338B4200F582706D
:10BE0000F9D162B6F0BC7047E4570020EC5700202F
:10BE100006580020F0B472B6234F244E3C8806F139
:10BE2000180306EB8400984212D256F8241099B9F0
:10BE3000021D06F11B05631CAD1A03EB950503E01B
:10BE400052F8041B41B90133AB421C461046F7D1EE
:10BE500062B60020F0BC7047B1FA81F34FF00042A7
:10BE6000DA4021EA0201016001B9013410493C8045
:10BE70000A88013294B20C8062B6801B8010C3EB3A
:10BE8000401000EB801083000A480B49006803F55E
:10BE9000FB531C330125C5540D88AA42184488BFA2
:10BEA0000C80F0BC704700BF06580020EC57002003
:10BEB00008580020E4570020E0570020428872B65E
:10BEC0000378012B03D9013B037062B6704753110D
:10BED00070B40C4C0C4D54F823102E88D2434FF004
:10BEE000004002F01F0220FA02F21143074A44F810
:10BEF0002310B34238BF2B801388013B138062B6F6
:10BF000070BC7047EC5700200658002008580020ED
:10BF1000C368B3B130B401E0DB688BB1187A9042EA
:10BF2000FAD158685C7A006950F82450002DF3D19A
:10BF300040F82410087801300870DB68002BEDD140
:10BF400030BC7047437A8B4206D90369002253F80C
:10BF5000210043F82120704700207047037C23BB59
:10BF60004368427A5B7A9A421FD830B472B604684A
:10BF7000E3682BB3DA6832B119688C4216D01346E5
:10BF8000DA68002AF8D1D8600023C360A37A0133AD
:10BF9000A37202684168012313728A7A1A448A7272
:10BFA00042681372037462B630BC70475D684168C2
:10BFB0008D42E4D1198903899942F4D01346DFE711
:10BFC000E060E1E7037C10B5002B32D04368427A91
:10BFD0005B7A9A422DD872B60268D36843B398420E
:10BFE00002D129E0984202D0DB68002BFAD14368E5
:10BFF000417A1B69044653F8210048B1FFF75EFF00
:10C0000072B66368627A1B69002143F822102268C5
:10C01000937A013B937223689A7A02B91A72626822
:10C02000937A013B937263689A7A1AB1002323745E
:10C0300062B610BD1A72F9E7C368D360D7E700BFD4
:10C04000084B1A7862B930B407480849D025057002
:10C050004FF0804401220C6010461A7030BC7047CB
:10C0600000207047E85700205EE400E008E100E0AF
:10C070001A491B4A1B48F8B50B681B4D046843F06E
:10C0800080730B60136843F0010313602E6814B9CA
:10C0900015E064699CB1237A002BFAD023682F68DD
:10C0A0001B68204698472B68E188DB1B1B099AB266
:10C0B0008B42A28088BFE2806469002CEBD10A4BDE
:10C0C0000A4A1B6810880A4C9B1B1B0999B28342C1
:10C0D000218001D91180F8BDF8BD00BFFCED00E062
:10C0E000001000E0DC570020041000E0045800209D
:10C0F0000A580020F0B572B699B902688AB103797E
:10C100000F2B0ED8274C218841FA03F5ED070AD5ED
:10C1100003F1007303F59063B2EB431F03D162B6E2
:10C12000F0BD204C2188002341FA03F212F00102F5
:10C1300007D00133102BF7D162B6002203710260E1
:10C14000F0BD01259D402943218062B6164E174D52
:10C15000174FDFF864E0D9B20171346844F002048B
:10C1600034602C6844F002042C60A6F580268224FA
:10C17000A5F5802503F100733C6003F59063223E32
:10C18000243D0C4C8EF800105B0131702970217039
:10C1900003601A605A609A60DA601A615A619A61A3
:10C1A000DA61F0BD0C580020408004403C8004401F
:10C1B000008000401F8000401A80004003790F2B50
:10C1C00011D8094A10B4137072B6084904790A8864
:10C1D0000123A34022EA03030B8062B6102200234E
:10C1E00010BC0271036070471A8000400C58002098
:10C1F00010B4EFF3108272B6437F33B9017F012987
:10C2000007D003290FD00123437702B962B610BCCF
:10C210007047124C2168A1B1114943610B688361D9
:10C2200008605861EFE70F4C216881B10E49436106
:10C230000B688361086058610C4B4FF080511960A6
:10C24000E1E7074B4161816120601860DBE7064B45
:10C250004161816120601860EEE700BF1C5800203A
:10C2600018580020105800201458002004ED00E059
:10C2700070B5EFF3108272B60C4C206880B10C4E92
:10C2800000254369236073B19D6102B962B64577A9
:10C2900083689847EFF3108272B620680028F0D1C7
:10C2A00002B962B670BD3360EFE700BF10580020DE
:10C2B00014580020FFF7DCBF024A136801331360F3
:10C2C000704700BFDC560020F8B50E4671B17AB158
:10C2D0000746144600253B6816F8011B1B683846C4
:10C2E0009847013C0544F6D12846F8BD0846F8BDFC
:10C2F0001046F8BD30B5044683B002252A4601A891
:10C300000549FEF7CDF823682A4601A95B68204657
:10C31000984703B030BD00BFEC5D010010B5036865
:10C3200014465B689847204610BD00BF0EB400B5A8
:10C3300082B003AA52F8041B019205F083FF02B0F9
:10C340005DF804EB03B07047F0B507468BB0002AE8
:10C3500033D0012A08BF0A2251B3212400E0F4B2ED
:10C36000B1FBF2F502FB1511C8B2092900F1300149
:10C3700098BFC8B20AA988BF3730214488BFC0B26D
:10C3800001F8240C661E2946002DE8D133B1013C8A
:10C39000E4B20AAB23442D2203F8242C3B6801AA03
:10C3A00011195B683846C4F1220298470BB0F0BD02
:10C3B00030228DF825202124E8E70368C9B21B68E4
:10C3C00098470BB0F0BD00BF0029BABF49422D23EA
:10C3D00000230A22FFF7B8BF2DE9F04385B080465D
:10C3E0001946104616461F469DF8305000F030FFA3
:10C3F000002840F0B18027F00044304621464FF03D
:10C40000FF32594B00F024FF98B9304621464FF0D7
:10C41000FF32554B00F0FEFE58B9D8F800305349B2
:10C420005B684046032298478146484605B0BDE810
:10C43000F083304639464FF060424D4B00F0FEFE2F
:10C44000002870D1304639464FF06042494B00F029
:10C45000D7FE002867D1304639460022002300F07D
:10C46000CFFE002863D18146002D65D0424B0024C9
:10C470000022104619463AA3D3E9002300F04EFCEF
:10C4800001340B46E1B28D420246F2D830463946BD
:10C4900000F092FA0F46064600F018FF044600F03E
:10C4A000C7FB02460B463046394600F083FA4B463E
:10C4B00006460F460A2221464046FFF745FF0F2D4C
:10C4C00028BF0F2501352E238146EDB28DF80030AF
:10C4D00001240022294B3046394600F01FFC0F464C
:10C4E000064600F0F3FE04AB2344C0B200F1300274
:10C4F00003F8102C00F0ACFB02460B4630463946E0
:10C5000000F058FA0134E4B2AC4206460F46E0D1DE
:10C51000D8F8003022465B6840466946984748464E
:10C5200005B0BDE8F083D8F80030154978E707F189
:10C5300000474FF0010997E700220F4B304639467C
:10C5400000F03AFA00F0C2FE4B4601460A2240468D
:10C55000FFF7FAFE814668E7D8F8003009495FE73F
:10C56000000000A09999B93FFFFFEF7FF85D01003F
:10C57000FFFFEF41FFFFEFC10000E03F000024405C
:10C58000F45D0100F05D010008B5F7F7FBFDF6F77B
:10C590005DFC00F015F8FAE7FFF7ECBAFFF7C4BA54
:10C5A000FFF79EBAFFF7D8BAFFF7B4BBFFF78EBB11
:10C5B00008461146FFF7FABA0846FFF77BBB00BFF3
:10C5C0002DE9F843314E337893B1314F3A787AB947
:10C5D0000122D9073A7036D49A0719D400225B0792
:10C5E0003A7005D52B4B1A6812B1EFF305820AB1E8
:10C5F000BDE8F883EFF3108172B6186818B1264CC5
:10C600002278002A2ED00029F2D162B6BDE8F88344
:10C61000DFF8908098F80020002ADFD0DFF88890BB
:10C62000002405E0013498F80030E4B2A34212D9A6
:10C6300059F824502B6828461B6998470028F1D0E8
:10C640002B699847EEE7FFF787FAC8B9134B1B78B9
:10C650001BB93378C0E73378C0E7337803F0FE03C3
:10C660003370B9E745691D60012323705DB1AA618C
:10C6700001B962B600254577836898472570B7E70A
:10C6800000F07CF8E2E7064B1D60F1E73400002083
:10C69000225800201C58002020580020DA000020DA
:10C6A000185800203058002024580020F0B44D1EA7
:10C6B0002E46002400E00134B0FBF2F302FB13002D
:10C6C000092800F130078ABF3730F8B2C0B206F847
:10C6D000010F1846002BEED10A1953704CB1107897
:10C6E00015F8016F28700133E01A834202F80169DE
:10C6F000F5DB0846F0BC704770B584B072B6194BD4
:10C70000194D1A48702241260F2480211A702E706C
:10C710001A460470197013781B06FCD5144B186860
:10C7200062B6144B144C984298BF00EB800001A9EC
:10C7300098BF40000A22FFF7B9FF01A92046002355
:10C7400011F8012B01333AB10A2B20F8022FF7D14F
:10C750001623237004B070BD5B00DBB2237004B0FD
:10C7600070BD00BF0000024007000240060002400A
:10C77000080002407F969800C4000020704700BF68
:10C78000C1F30A522DE9F843A2F2FF36132E0B46ED
:10C790000D4604468846074621DC002E4EDB3A4A09
:10C7A00042FA06F901EA0902024386461CD034A384
:10C7B000D3E9002300F000F90022002300F03EFD41
:10C7C00048B1002D04DD4FF4801343FA06F6B0445F
:10C7D00028EA0905002738462946BDE8F883332EA4
:10C7E00006DDB6F5806F3CD020461946BDE8F883DB
:10C7F000A2F213424FF0FF3929FA02F910EA090FA9
:10C80000F2D01FA3D3E9002300F0D6F800220023C2
:10C8100000F014FD0028DED0002D09DD142E2BD0F1
:10C820000123C6F1340603FA06F6371928BF9844E7
:10C83000454627EA090738462946CEE710A3D3E93B
:10C84000002300F0B9F80022002300F0F7FC0028D4
:10C85000C1D0002D0CDB55EA040707D000270B4D93
:10C86000B9E702460B4600F0A7F8BFE73D46B2E73E
:10C8700000274FF00045AEE705F10108D8E700BFFB
:10C880009C7500883CE4377EFFFF0F000000F03FFE
:10C89000C1F30A522DE9F843A2F2FF36132E0B46DC
:10C8A0000D460446884607461CDC002E3FDB3A4A0C
:10C8B00042FA06F901EA09020243864617D034A378
:10C8C000D3E9002300F078F80022002300F0B6FC42
:10C8D00020B1002D40DB28EA09050027384629460B
:10C8E000BDE8F883332E06DDB6F5806F2FD02046E5
:10C8F0001946BDE8F883A2F213424FF0FF3929FA36
:10C9000002F910EA090FF2D021A3D3E9002300F0C5
:10C9100053F80022002300F091FC0028DED0002D07
:10C9200020DB454627EA090738462946D8E718A3F9
:10C93000D3E9002300F040F80022002300F07EFC41
:10C940000028CBD0002D18DB00273D46C6E7024665
:10C950000B4600F031F8CCE74FF4801343FA06F6AB
:10C96000B044B8E7142E10D00123C6F1340603FA00
:10C9700006F6371928BF9844D3E725F00042074B45
:10C98000224318BF1D460027A8E705F10108C8E7A4
:10C990009C7500883CE4377EFFFF0F000000F0BF6D
:10C9A0000B460146184601F0E1B900BF81F0004195
:10C9B00002E000BF83F0004330B54FEA41044FEA84
:10C9C000430594EA050F08BF90EA020F1FBF54EA1F
:10C9D000000C55EA020C7FEA645C7FEA655C00F0BB
:10C9E000E2804FEA5454D4EB5555B8BF6D420CDD8C
:10C9F0002C4480EA020281EA030382EA000083EA0F
:10CA0000010180EA020281EA0303362D88BF30BDAE
:10CA100011F0004F4FEA01314FF4801C4CEA113104
:10CA200002D0404261EB410113F0004F4FEA033363
:10CA30004CEA133302D0524263EB430394EA050FEE
:10CA400000F0A780A4F10104D5F1200E0DDB02FA5D
:10CA50000EFC22FA05F2801841F1000103FA0EF2F1
:10CA6000801843FA05F359410EE0A5F120050EF1B7
:10CA7000200E012A03FA0EFC28BF4CF0020C43FAE8
:10CA800005F3C01851EBE37101F0004507D54FF0F5
:10CA9000000EDCF1000C7EEB00006EEB0101B1F545
:10CAA000801F1BD3B1F5001F0CD349085FEA30008B
:10CAB0004FEA3C0C04F101044FEA445212F5800F96
:10CAC00080F09A80BCF1004F08BF5FEA500C50F133
:10CAD000000041EB045141EA050130BD5FEA4C0C16
:10CAE000404141EB010111F4801FA4F10104E9D19F
:10CAF00091F0000F04BF01460020B1FA81F308BF96
:10CB00002033A3F10B03B3F120020CDA0C3208DD61
:10CB100002F1140CC2F10C0201FA0CF021FA02F13C
:10CB20000CE002F11402D8BFC2F1200C01FA02F1AC
:10CB300020FA0CFCDCBF41EA0C019040E41AA2BFD1
:10CB400001EB0451294330BD6FEA04041F3C1CDA99
:10CB50000C340EDC04F11404C4F1200220FA04F0B9
:10CB600001FA02F340EA030021FA04F345EA030163
:10CB700030BDC4F10C04C4F1200220FA02F001FA25
:10CB800004F340EA0300294630BD21FA04F02946A7
:10CB900030BD94F0000F83F4801306BF81F4801140
:10CBA0000134013D4EE77FEA645C18BF7FEA655CB3
:10CBB00029D094EA050F08BF90EA020F05D054EA85
:10CBC000000C04BF1946104630BD91EA030F1EBF8A
:10CBD0000021002030BD5FEA545C05D1400049418E
:10CBE00028BF41F0004130BD14F580043CBF01F581
:10CBF000801130BD01F0004545F0FE4141F4700167
:10CC00004FF0000030BD7FEA645C1ABF1946104641
:10CC10007FEA655C1CBF0B46024650EA013406BF42
:10CC200052EA033591EA030F41F4002130BD00BF01
:10CC300090F0000F04BF0021704730B54FF48064BE
:10CC400004F132044FF000054FF0000150E700BF3F
:10CC500090F0000F04BF0021704730B54FF480649E
:10CC600004F1320410F0004548BF40424FF000018B
:10CC70003EE700BF42004FEAE2014FEA31014FEACE
:10CC800002701FBF12F07F4393F07F4F81F060511D
:10CC9000704792F0000F14BF93F07F4F704730B58C
:10CCA0004FF4607401F0004521F0004120E700BF1F
:10CCB00050EA010208BF704730B54FF000050AE0A6
:10CCC00050EA010208BF704730B511F0004502D5A7
:10CCD000404261EB41014FF4806404F132045FEAA9
:10CCE000915C3FF4DCAE4FF003025FEADC0C18BF4E
:10CCF00003325FEADC0C18BF033202EBDC02C2F144
:10CD0000200300FA03FC20FA02F001FA03FE40EAD5
:10CD10000E0021FA02F11444C1E600BF70B54FF0D5
:10CD2000FF0C4CF4E06C1CEA11541DBF1CEA1355B7
:10CD300094EA0C0F95EA0C0F00F0DEF82C4481EA1F
:10CD4000030621EA4C5123EA4C5350EA013518BF3F
:10CD500052EA033541F4801143F4801338D0A0FB2C
:10CD600002CE4FF00005E1FB02E506F00042E0FBD9
:10CD700003E54FF00006E1FB03569CF0000F18BFDF
:10CD80004EF0010EA4F1FF04B6F5007F64F5407487
:10CD900004D25FEA4E0E6D4146EB060642EAC6211A
:10CDA00041EA55514FEAC52040EA5E504FEACE2E87
:10CDB000B4F1FD0C88BFBCF5E06F1ED8BEF1004F8A
:10CDC00008BF5FEA500E50F1000041EB045170BD06
:10CDD00006F0004646EA010140EA020081EA03014A
:10CDE000B4EB5C04C2BFD4EB0C0541EA045170BD46
:10CDF00041F480114FF0000E013C00F3AB8014F1C0
:10CE0000360FDEBF002001F0004170BDC4F1000408
:10CE1000203C35DA0C341BDC04F11404C4F1200589
:10CE200000FA05F320FA04F001FA05F240EA0200E4
:10CE300001F0004221F0004110EBD37021FA04F61A
:10CE400042EB06015EEA430E08BF20EAD37070BDD4
:10CE5000C4F10C04C4F1200500FA04F320FA05F033
:10CE600001FA04F240EA020001F0004110EBD37035
:10CE700041F100015EEA430E08BF20EAD37070BDA5
:10CE8000C4F1200500FA05F24EEA020E20FA04F37E
:10CE900001FA05F243EA020321FA04F001F000412D
:10CEA00021FA04F220EA020000EBD3705EEA430E9E
:10CEB00008BF20EAD37070BD94F0000F0FD101F0CD
:10CEC0000046400041EB010111F4801F08BF013C06
:10CED000F7D041EA060195F0000F18BF704703F044
:10CEE0000046520043EB030313F4801F08BF013DCB
:10CEF000F7D043EA0603704794EA0C0F0CEA135587
:10CF000018BF95EA0C0F0CD050EA410618BF52EA40
:10CF10004306D1D181EA030101F000414FF0000046
:10CF200070BD50EA410606BF1046194652EA430654
:10CF300019D094EA0C0F02D150EA013613D195EAC8
:10CF40000C0F05D152EA03361CBF104619460AD110
:10CF500081EA030101F0004141F0FE4141F470011A
:10CF60004FF0000070BD41F0FE4141F4780170BD0A
:10CF700070B54FF0FF0C4CF4E06C1CEA11541DBF6F
:10CF80001CEA135594EA0C0F95EA0C0F00F0A7F871
:10CF9000A4EB050481EA030E52EA03354FEA01319E
:10CFA00000F088804FEA03334FF0805545EA1313B1
:10CFB00043EA12634FEA022245EA111545EA106579
:10CFC0004FEA00260EF000419D4208BF964244F110
:10CFD000FD0404F5407402D25B084FEA3202B61A2F
:10CFE00065EB03055B084FEA32024FF480104FF403
:10CFF000002CB6EB020E75EB030E22BFB61A754677
:10D0000040EA0C005B084FEA3202B6EB020E75EB09
:10D01000030E22BFB61A754640EA5C005B084FEA71
:10D020003202B6EB020E75EB030E22BFB61A75463E
:10D0300040EA9C005B084FEA3202B6EB020E75EB49
:10D04000030E22BFB61A754640EADC0055EA060E0A
:10D0500018D04FEA051545EA16754FEA06164FEA4D
:10D06000C30343EA52734FEAC2025FEA1C1CC0D1F9
:10D0700011F4801F0BD141EA00014FF000004FF086
:10D08000004CB6E711F4801F04BF01430020B4F147
:10D09000FD0C88BFBCF5E06F3FF6AFAEB5EB030CFF
:10D0A00004BFB6EB020C5FEA500C50F1000041EBFC
:10D0B000045170BD0EF0004E4EEA113114EB5C04C9
:10D0C000C2BFD4EB0C0541EA045170BD41F480119C
:10D0D0004FF0000E013C90E645EA060E8DE60CEAA4
:10D0E000135594EA0C0F08BF95EA0C0F3FF43BAFC1
:10D0F00094EA0C0F0AD150EA01347FF434AF95EA78
:10D100000C0F7FF425AF104619462CE795EA0C0F5B
:10D1100006D152EA03353FF4FDAE1046194622E728
:10D1200050EA410618BF52EA43067FF4C5AE50EA02
:10D1300041047FF40DAF52EA43057FF4EBAE12E7F2
:10D140004FF0FF3C06E000BF4FF0010C02E000BFD3
:10D150004FF0010C4DF804CD4FEA410C7FEA6C5CB6
:10D160004FEA430C18BF7FEA6C5C1BD001B050EA59
:10D17000410C0CBF52EA430C91EA030F02BF90EA44
:10D18000020F0020704710F1000F91EA030F58BF03
:10D19000994208BF90422CBFD8176FEAE37040F065
:10D1A000010070474FEA410C7FEA6C5C02D150EA03
:10D1B000013C07D14FEA430C7FEA6C5CD6D152EABE
:10D1C000033CD3D05DF8040B704700BF8446104683
:10D1D00062468C461946634600E000BF01B5FFF782
:10D1E000B7FF002848BF10F1000F01BD4DF808ED52
:10D1F000FFF7F4FF0CBF012000205DF808FB00BF23
:10D200004DF808EDFFF7EAFF34BF012000205DF87C
:10D2100008FB00BF4DF808EDFFF7E0FF94BF0120C9
:10D2200000205DF808FB00BF4DF808EDFFF7CEFFCA
:10D2300094BF012000205DF808FB00BF4DF808ED09
:10D24000FFF7C4FF34BF012000205DF808FB00BFDA
:10D250004FEA410C7FEA6C5C02D150EA013C0AD1F2
:10D260004FEA430C7FEA6C5C02D152EA033C02D1E4
:10D270004FF0000070474FF0010070474FEA410245
:10D2800012F5001215D211D56FF47873B3EB625218
:10D2900012D94FEAC12343F0004343EA505311F03F
:10D2A000004F23FA02F018BF404270474FF00000D1
:10D2B000704750EA013005D111F0004008BF6FF00F
:10D2C000004070474FF00000704700BF4A0011D285
:10D2D00012F5001211D20DD56FF47873B3EB6252D0
:10D2E0000ED44FEAC12343F0004343EA505323FADC
:10D2F00002F070474FF00000704750EA013002D151
:10D300004FF0FF3070474FF0000070474FEA410286
:10D31000B2F1E04324BFB3F5001CDCF1FE5C0DD993
:10D3200001F0004C4FEAC0024CEA5070B2F1004FDD
:10D3300040EB830008BF20F00100704711F0804FE0
:10D3400021D113F13872BCBF01F00040704741F4A5
:10D3500080114FEA5252C2F11802C2F1200C10FAA9
:10D360000CF320FA02F018BF40F001004FEAC1238D
:10D370004FEAD32303FA0CFC40EA0C0023FA02F331
:10D380004FEA4303CCE77FEA625307D150EA013307
:10D390001EBF4FF0FE4040F44000704701F00040D7
:10D3A00040F0FE4040F40000704700BF80F00040B5
:10D3B00002E000BF81F0004142001FBF5FEA41036D
:10D3C00092EA030F7FEA226C7FEA236C6AD04FEA6D
:10D3D0001262D2EB1363C1BFD218414048404140B2
:10D3E000B8BF5B42192B88BF704710F0004F40F464
:10D3F000000020F07F4018BF404211F0004F41F480
:10D40000000121F07F4118BF494292EA030F3FD04B
:10D41000A2F1010241FA03FC10EB0C00C3F120035E
:10D4200001FA03F100F0004302D5494260EB4000ED
:10D43000B0F5000F13D3B0F1807F06D340084FEA58
:10D44000310102F10102FE2A51D2B1F1004F40EB4D
:10D45000C25008BF20F0010040EA030070474900B5
:10D4600040EB000010F4000FA2F10102EDD1B0FA80
:10D4700080FCACF1080CB2EB0C0200FA0CF0AABF75
:10D4800000EBC25052421843BCBFD0401843704713
:10D4900092F0000F81F4000106BF80F40000013219
:10D4A000013BB5E74FEA41037FEA226C18BF7FEAF0
:10D4B000236C21D092EA030F04D092F0000F08BF32
:10D4C0000846704790EA010F1CBF0020704712F019
:10D4D0007F4F04D1400028BF40F00040704712F158
:10D4E00000723CBF00F50000704700F0004343F0BD
:10D4F000FE4040F4000070477FEA226216BF0846F3
:10D500007FEA23630146420206BF5FEA412390EAB5
:10D51000010F40F4800070474FF0000304E000BFAB
:10D5200010F0004348BF40425FEA000C08BF70475C
:10D5300043F0964301464FF000001CE050EA010220
:10D5400008BF70474FF000030AE000BF50EA010235
:10D5500008BF704711F0004302D5404261EB410122
:10D560005FEA010C02BF84460146002043F0B64347
:10D5700008BFA3F18053A3F50003BCFA8CF2083A6C
:10D58000A3EBC25310DB01FA02FC634400FA02FC75
:10D59000C2F12002BCF1004F20FA02F243EB02007C
:10D5A00008BF20F00100704702F1200201FA02FCDE
:10D5B000C2F1200250EA4C0021FA02F243EB0200D1
:10D5C00008BF20EADC7070474FF0FF0C1CEAD05215
:10D5D0001EBF1CEAD15392EA0C0F93EA0C0F6FD0D6
:10D5E0001A4480EA010C400218BF5FEA41211ED0B4
:10D5F0004FF0006343EA501043EA5111A0FB0131A0
:10D600000CF00040B1F5000F3EBF490041EAD37174
:10D610005B0040EA010062F17F02FD2A1DD8B3F1F0
:10D62000004F40EBC25008BF20F00100704790F05F
:10D63000000F0CF0004C08BF49024CEA502040EAB1
:10D6400051207F3AC2BFD2F1FF0340EAC250704777
:10D6500040F400004FF00003013A5DDC12F1190FB5
:10D66000DCBF00F000407047C2F10002410021FA27
:10D6700002F1C2F1200200FA02FC5FEA310040F13F
:10D68000000053EA4C0308BF20EADC70704792F0B8
:10D69000000F00F0004C02BF400010F4000F013AF0
:10D6A000F9D040EA0C0093F0000F01F0004C02BFEB
:10D6B000490011F4000F013BF9D041EA0C018FE75A
:10D6C0000CEAD15392EA0C0F18BF93EA0C0F0AD060
:10D6D00030F0004C18BF31F0004CD8D180EA010086
:10D6E00000F00040704790F0000F17BF90F0004F1F
:10D6F000084691F0000F91F0004F14D092EA0C0F01
:10D7000001D142020FD193EA0C0F03D14B0218BF93
:10D71000084608D180EA010000F0004040F0FE40D9
:10D7200040F40000704740F0FE4040F44000704775
:10D730004FF0FF0C1CEAD0521EBF1CEAD15392EAF4
:10D740000C0F93EA0C0F69D0A2EB030280EA010CE4
:10D7500049024FEA402037D04FF0805343EA11117D
:10D7600043EA10130CF000408B4238BF5B0042F1DB
:10D770007D024FF4000C8B4224BF5B1A40EA0C0080
:10D78000B3EB510F24BFA3EB510340EA5C00B3EBB2
:10D79000910F24BFA3EB910340EA9C00B3EBD10FA0
:10D7A00024BFA3EBD10340EADC001B0118BF5FEAF2
:10D7B0001C1CE0D1FD2A3FF650AF8B4240EBC2501B
:10D7C00008BF20F0010070470CF0004C4CEA5020DC
:10D7D0007F32C2BFD2F1FF0340EAC250704740F42B
:10D7E00000004FF00003013A37E792F0000F00F01D
:10D7F000004C02BF400010F4000F013AF9D040EA9B
:10D800000C0093F0000F01F0004C02BF490011F42E
:10D81000000F013BF9D041EA0C0195E70CEAD15326
:10D8200092EA0C0F08D142027FF47DAF93EA0C0F0D
:10D830007FF470AF084676E793EA0C0F04D14B02F1
:10D840003FF44CAF08466EE730F0004C18BF31F0A3
:10D85000004CCAD130F000427FF45CAF31F000439D
:10D860007FF43CAF5FE700BF4FF0FF3C06E000BF36
:10D870004FF0010C02E000BF4FF0010C4DF804CD59
:10D880004FEA40024FEA41037FEA226C18BF7FEA69
:10D89000236C11D001B052EA530C18BF90EA010F6B
:10D8A00058BFB2EB030088BFC81738BF6FEAE170FA
:10D8B00018BF40F0010070477FEA226C02D15FEA96
:10D8C000402C05D17FEA236CE4D15FEA412CE1D002
:10D8D0005DF8040B704700BF844608466146FFE7C9
:10D8E0000FB5FFF7C9FF002848BF10F1000F0FBDAB
:10D8F0004DF808EDFFF7F4FF0CBF012000205DF8A4
:10D9000008FB00BF4DF808EDFFF7EAFF34BF012028
:10D9100000205DF808FB00BF4DF808EDFFF7E0FFC1
:10D9200094BF012000205DF808FB00BF4DF808ED12
:10D93000FFF7D2FF94BF012000205DF808FB00BF75
:10D940004DF808EDFFF7C8FF34BF012000205DF857
:10D9500008FB00BF4FEA4002B2F1FE4F0FD34FF079
:10D960009E03B3EB12620DD94FEA002343F000434C
:10D9700010F0004F23FA02F018BF404270474FF0FA
:10D980000000704712F1610F01D1420205D110F081
:10D99000004008BF6FF0004070474FF00000704734
:10D9A00042000ED2B2F1FE4F0BD34FF09E03B3EB09
:10D9B000126209D44FEA002343F0004323FA02F035
:10D9C00070474FF00000704712F1610F01D1420221
:10D9D00002D14FF0FF3070474FF00000704700BF9A
:10D9E00053B94AB9002908BF00281CBF4FF0FF31C6
:10D9F0004FF0FF3000F0B8B9ADF1080C6DE904CE7E
:10DA000000F040F8DDF804E0DDE9022304B07047DF
:10DA100010B500210446FFF775FF20B92046BDE888
:10DA2000104000F009B804F1004000F005F8404251
:10DA300061EB410110BD00BFD0B5FFF71BF900221B
:10DA40000E4B06460F46FFF769F9FFF73FFC044609
:10DA5000FFF7EEF800220A4BFFF760F902460B468B
:10DA600030463946FEF7A6FFFFF730FC234600227A
:10DA700042EA000210461946D0BD00BF0000F03D4A
:10DA80000000F0412DE9F0478C460E460446089D03
:10DA9000002B50D18A4217466CD9B2FA82FEBEF1F1
:10DAA000000F0BD0CEF1200420FA04F401FA0EF698
:10DAB00044EA060C02FA0EF700FA0EF44FEA174990
:10DAC000220CBCFBF9F01FFA87F809FB10C642EAEA
:10DAD000064600FB08F3B34209D9F61900F1FF32FC
:10DAE00080F02281B34240F21F8102383E44F61A90
:10DAF000A2B2B6FBF9F309FB136642EA064403FB44
:10DB000008F8A04509D9E41903F1FF3280F00A8131
:10DB1000A04540F20781023B3C44C8EB040443EAC1
:10DB200000400021002D62D024FA0EF400232C6066
:10DB30006B60BDE8F0878B4207D9002D55D00021DE
:10DB400085E841000846BDE8F087B3FA83F1002973
:10DB500040F09080B34202D3824200F2F880841AEF
:10DB600066EB03060120B446002D40D085E8101076
:10DB7000BDE8F08712B90127B7FBF2F7B7FA87FEC5
:10DB8000BEF1000F35D1F31B4FEA17481FFA87FC8F
:10DB90000121B3FBF8F0220C08FB103642EA0646DE
:10DBA0000CFB00F3B34207D9F61900F1FF3202D2A1
:10DBB000B34200F2CE801046F61AA2B2B6FBF8F3DA
:10DBC00008FB136642EA06440CFB03FCA44507D994
:10DBD000E41903F1FF3202D2A44500F2B5801346E6
:10DBE000CCEB040443EA00409CE729462846BDE804
:10DBF000F087CEF1200106FA0EF307FA0EF720FAAD
:10DC000001F94FEA1748CE4049EA0309B6FBF8FA92
:10DC10004FEA194408FB1A661FFA87FC44EA0643D8
:10DC20000AFB0CF29A4200FA0EF40AD9DB190AF147
:10DC3000FF3180F087809A4240F28480AAF1020A84
:10DC40003B449B1A1FFA89F9B3FBF8F108FB113327
:10DC500049EA034301FB0CF69E4207D9DB1901F1A7
:10DC6000FF326BD29E4269D902393B449B1B41EA89
:10DC70000A418EE7C1F1200E22FA0EF48B402343B5
:10DC800020FA0EF706FA01F44FEA134C26FA0EF6C4
:10DC90003C43B6FBFCF9270C0CFB19661FFA83F812
:10DCA00047EA064609FB08F7B74202FA01F200FA12
:10DCB00001FA08D9F61809F1FF3041D2B7423FD92D
:10DCC000A9F102091E44F61BA0B2B6FBFCF40CFB42
:10DCD000146640EA064704FB08F8B84507D9FF1860
:10DCE00004F1FF3028D2B84526D9023C1F4444EA4B
:10DCF0000940C8EB0707A0FB02894F4544464E4642
:10DD000014D329D065B3BAEB040367EB060707FA0F
:10DD10000EFECB40CF404EEA030385E88800002189
:10DD2000BDE8F0871346F8E61046E0E6B8EB0204DB
:10DD300069EB03060138E5E70446D8E7114695E7A5
:10DD40008146C0E78A467CE7023B3C4448E70846F8
:10DD50000AE702383E442FE7C245E7D33E46D1E703
:10DD60002946BDE8F08700BF704700BF13460A464A
:10DD70000146022004F096BA014B1868704700BFB4
:10DD80000805002070B50F4E0F4D761BB61018BF5A
:10DD9000002405D0013455F8043B9847A642F9D138
:10DDA0000A4E0B4D761B08F06FFAB61018BF002410
:10DDB00006D0013455F8043B9847A642F9D170BD0E
:10DDC00070BD00BF9462010094620100CC6201004A
:10DDD00094620100034A044B1268506B002808BF8C
:10DDE00018467047080500200C050020044B054A22
:10DDF0001B685B6B002B08BF134693F82801704724
:10DE0000080500200C050020D0F8EC00704700BF8A
:10DE100008B5034B1868FFF7DDFFD0F8EC0008BD2C
:10DE200008050020024B0146186800F003B800BF47
:10DE3000080500202DE9F04F01F10B05162D83B0E8
:10DE4000064640F29F8035F0070500F1BF80A942E9
:10DE500000F2BC8000F0F0FBB5F5FC7FC0F09C82C6
:10DE60006B0A00F0BA80042B00F28381A80900F14C
:10DE7000390E4FEA4E033830C44F07EB8303A3F14A
:10DE800008015C68A14207D1ACE0002A80F2AC80B6
:10DE9000E468A14200F0A680636823F003035A1BE4
:10DEA0000F2AF2DDB9493C6901F1080E744500F012
:10DEB000B381636823F003035A1B0F2A00F399818F
:10DEC000002AC1F814E0C1F810E080F29E80B3F59A
:10DED000007F80F06781DB0803F1010C01229B10B9
:10DEE00002FA03F34A6851F83C80C4F8088001EB59
:10DEF000CC091A43A9F10803E3604A6041F83C40A9
:10DF0000C8F80C40831001249C40944200F28A809F
:10DF1000144206D120F003006400144200F1040012
:10DF2000FAD007EBC009CC468046DCF80C108C45D3
:10DF300007D173E1002A80F28181C9688C4500F025
:10DF40006D814B6823F003035A1B0F2AF2DD0C4648
:10DF5000D1F80CC054F8088F4B1945F001054D60FD
:10DF600042F00101C8F80CC03046CCF808807B6153
:10DF70003B61C3F80CE0C3F808E059609A5000F028
:10DF80005DFB1FE0102921D800F056FB1025062369
:10DF900002207E4F07EB8303A3F108025C689442E2
:10DFA00000F045816368E168A56823F0030323441A
:10DFB00030465A68E96042F001028D605A6000F014
:10DFC0003DFB0834204603B0BDE8F08F00240C234D
:10DFD0002046336003B0BDE8F08F80234FF0400E41
:10DFE0003F2049E770465DE72344E1685A68A56829
:10DFF00042F00102E96030468D605A6000F01EFB7D
:10E000000834204603B0BDE8F08F234430465A68F8
:10E0100042F001025A6000F011FB0834204603B0C0
:10E02000BDE8F08FBC68636823F00308A84504D3FB
:10E03000C5EB08030F2B00F38C80554BDFF8609184
:10E040001A68D9F8003001332A4404EB080A00F0BA
:10E05000608102F580520F3222F47F6222F00F02BB
:10E0600011463046019200F0DBFCB0F1FF3F8346E1
:10E07000019A00F05881824500F2FC80454B1968F6
:10E08000DA451144196000F05381D9F80000DFF837
:10E0900010E101301BBFCAEB0B0A5144CEF800B0AF
:10E0A00019601BF0070100F01781C1F10800C1F5EC
:10E0B0008051834408315A44C2F30B02C2EB010978
:10E0C00049463046019300F0ABFC431C019B00F035
:10E0D0003F81CBEB00024A4442F001021968C7F8C5
:10E0E00008B04944BC42CBF804201960DFF8A49082
:10E0F00016D0B8F10F0F40F2FD806268A8F10C0352
:10E1000023F00703E01802F001024FF0050E1A4356
:10E110000F2B6260C0F804E0C0F808E000F21C8138
:10E120001D4BBC681A68914288BF19601B4B1A6866
:10E130009142626888BF196022F003029542A2EB07
:10E14000050301D80F2B04DC304600F077FA0024D9
:10E1500038E7621943F0010345F001056560304678
:10E16000BA60536000F06AFA0834204603B0BDE894
:10E17000F08F142B71D9542B00F2A480280B00F1DE
:10E180006F0E4FEA4E036E3076E600BF7806002031
:10E190003C580020405800203858002034580020B7
:10E1A000840A00205A0A042A5ED9142A00F2B38095
:10E1B00002F15C0149005B3207EB810C57F821103A
:10E1C000DFF8DC81ACF1080C8C4500F088804A68EF
:10E1D00022F00302934202D289688C45F7D1D1F82C
:10E1E0000CC07A68C4F80CC0A160CCF80840CC60C0
:10E1F00088E6631942F0010745F001056560304685
:10E200004B610B61C3F80CE0C3F808E05F609A5003
:10E21000083400F013FAD5E64A6873E608F10108FD
:10E2200018F0030F0CF1080C7FF47FAE30E0DC68CF
:10E23000A34208BF02303FF435AEB3E60B440C46B0
:10E240005A68C96854F8085F42F001025A603046C3
:10E25000E9608D6000F0F2F9B4E603F15C0E03F1C1
:10E260005B004FEA4E0307E69A0902F139014900C3
:10E270003832A1E7BC424A4B3FF400AF9C68626869
:10E2800022F003025AE759F80839994540F0828094
:10E2900010F0030F00F1FF30F5D17B6823EA04038F
:10E2A0007B6064009C423FF6BDAE002C3FF4BAAEEA
:10E2B0001C4240467FF435AE64001C4200F104006D
:10E2C000FAD02EE6B3F5AA7F18D8E80B00F1780E45
:10E2D0004FEA4E037730CFE54FF48051EBE6012152
:10E2E000D8F80430921001FA02F21A43C8F8042058
:10E2F000614677E70123CBF8043025E740F254521A
:10E30000934220D8A80C00F17D0E4FEA4E037C30DA
:10E31000B2E51032A4E6542A26D81A0B02F16F0196
:10E3200049006E3248E7BC68626822F0030205E7E4
:10E33000CAF30B0000287FF4A8AE4244BB6842F049
:10E3400001025A60ECE6FE234FF07F0E7E2093E53B
:10E3500001224FF00009C1E604F10801304605F042
:10E3600025F8D9F80010DBE6B2F5AA7F05D8DA0B5C
:10E3700002F17801490077321EE740F254518A4297
:10E3800005D89A0C02F17D0149007C3214E7FE2188
:10E390007E2211E77B6884E7E808431C5B00F8E510
:10E3A0007806002082B049B15AB16BB113780B6086
:10E3B0001278101C18BF012002B0704701A9002A72
:10E3C000F3D1104602B070476FF00100F4E700BFD0
:10E3D00001F0FF01102A2BDB10F0070F08D010F816
:10E3E000013B013A8B422DD010F0070F42B3F6D11A
:10E3F000F0B441EA012141EA014122F007047FF033
:10E4000000070023F0E80256083C85EA010586EA89
:10E41000010685FA47F5A3FA87F586FA47F6A5FAC5
:10E4200087F68EB9EED1F0BC01F0FF0102F00702D1
:10E4300032B110F8013B013A83EA010313B1F8D17C
:10E440000020704701387047002D06BF354603385D
:10E45000073815F0010F07D1013015F4807F02BF96
:10E46000013015F4C03F0130F0BC0138704700BFE7
:10E47000032A70B426D940EA01039B0711D004781F
:10E480000D78AC4222D10244431C05E013F8014B45
:10E4900011F8015FAC4219D19342F7D1002070BC52
:10E4A00070470C4603461E682568AE421846214652
:10E4B00003F1040304F10404E1D1043A032A1846E9
:10E4C0002146F0D8002ADAD11046E8E7601B70BC7C
:10E4D000704700BF8842F0B50DD98B1898420AD218
:10E4E0008118002A51D09A1A13F8014D01F8014DF4
:10E4F0009342F9D1F0BD0F2A48D941EA00039B07A6
:10E5000046D100F1100401F11003154653F8106CC8
:10E5100044F8106C53F80C6C44F80C6C53F8086C0D
:10E5200044F8086C103D53F8046C44F8046C0F2D4B
:10E5300003F1100304F11004E8D8A2F1100323F052
:10E540000F0302F00F0E1033BEF1030F1944034402
:10E5500021D91E1F0D467446043C55F8047B46F82D
:10E56000047F032CF8D8AEF1040424F0030404342F
:10E570002344214402F0030262B1013B0A4411F832
:10E58000014B03F8014F8A42F9D1F0BD0346F3E78E
:10E590000346F2E7F0BD7246EEE700BF70B48407B1
:10E5A00046D0541E002A41D0CDB2034602E0621E7E
:10E5B000E4B3144603F8015B9A07F8D1032C2ED973
:10E5C000CDB245EA05250F2C45EA054519D903F1D9
:10E5D00010022646103E0F2E42F8105C42F80C5CEA
:10E5E00042F8085C42F8045C02F11002F2D8A4F18F
:10E5F000100222F00F0204F00F041032032C134417
:10E600000DD91E462246043A032A46F8045BFAD87E
:10E61000221F22F003020432134404F003042CB13D
:10E62000C9B21C4403F8011BA342FBD170BC704764
:10E6300014460346C2E700BF704700BF704700BFE3
:10E640002DE9F04F174683B0002900F0C1800E4637
:10E65000814607F10B05FFF7EFFF56F804EC162D86
:10E660002EF00304A6F1080840D810221546AF4248
:10E6700041D8944275DAC94B996808EB0400884286
:10E68000416800F0D98021F0010303445B68DB0797
:10E690007DD51EF0010F35D039464846FFF7CAFB3D
:10E6A0000746E0B156F8043C23F001034344A0F1CF
:10E6B00008029A4200F04481221F242A00F231818C
:10E6C000132A00F20481034632461168196051682A
:10E6D000596092689A603146484604F067FE4846A1
:10E6E000FFF7ACFF384603B0BDE8F08F25F0070513
:10E6F000002D2A46BBDA0C230020C9F8003003B0F5
:10E70000BDE8F08F56F8083CC3EB080ADAF804308D
:10E7100023F0030C04EB0C039342BDDB5746DAF8FD
:10E720000C1057F8080F221F242AC160886000F2DD
:10E730001781132A40F212813168CAF808107168F3
:10E74000CAF80C101B2A00F22B8108360AF11002BD
:10E750003168116071685160B16891603E461C4635
:10E76000D046631B0F2B1DD8D8F8043003F00103EB
:10E7700023434444C8F80430636843F001036360F2
:10E780004846FFF75BFF304603B0BDE8F08F21F04D
:10E7900003012144914221DBC36882680C46D360A7
:10E7A0009A60DEE7D8F8042008EB050102F00102C8
:10E7B000154343F001020B44C8F804504A605A68FC
:10E7C00042F0010208315A60484604F0EFFDD7E7F5
:10E7D000114603B0BDE8F04FFFF72CBB1EF0010F50
:10E7E0007FF45AAF56F8083CC3EB080ADAF8043055
:10E7F00023F0030C01EB0C0E96458BDBC36882689B
:10E800005746D3609A6057F8081FDAF80C30CB608F
:10E81000221F242A996000F29980132A62D9336852
:10E82000CAF808307368CAF80C301B2A00F2A080BE
:10E8300008360AF1100356E021F0030BA34405F15A
:10E840001000834559DA1EF0010F7FF425AF56F80A
:10E85000081CC1EB080ADAF8041021F0030CE344A9
:10E8600058453FF757AF5746DAF80C1057F8080FDE
:10E87000221F242AC160886000F2B480132A40F26B
:10E88000A5803168CAF808107168CAF80C101B2AF4
:10E8900000F2AF8008360AF1100231681160716829
:10E8A0005160B16891600AEB0501C5EB0B0242F0C3
:10E8B000010299604A60DAF8043003F001031D4355
:10E8C0004846CAF80450FFF7B9FE38465CE733689B
:10E8D0000360736843601B2A27D800F1080306F120
:10E8E0000802F2E63B4632681A6072685A60B26803
:10E8F0009A603E467446D04633E708EB0501C5EB07
:10E900000B0B4BF0010299604A6056F8043C03F08F
:10E9100001031D43484646F8045CFFF78FFE30466E
:10E9200032E73146FFF7D6FDD5E6B3688360F3687A
:10E93000C360242A28D000F1100306F11002C4E6B7
:10E9400050F8043C23F003031C440AE731463846E0
:10E950007446D046FFF7BEFD3E4602E73A46F7E66C
:10E96000314638461C46D046FFF7B4FD3E46F8E631
:10E97000B368CAF81030F368CAF81430242A1BD0E0
:10E9800010360AF11803AEE7336903617369436116
:10E9900006F1180200F1180397E600BF7806002080
:10E9A000B168CAF81010F168CAF81410242A0FD000
:10E9B00010360AF11802CBE63369CAF818307369C9
:10E9C000CAF81C3018360AF120038CE73A4664E78F
:10E9D0003269CAF818207269CAF81C2018360AF180
:10E9E0002002B5E6314638460193FFF773FD019BDF
:10E9F00059E7B168CAF81010F168CAF81410242A4F
:10EA000003D010360AF1180247E73269CAF8182015
:10EA10007269CAF81C2018360AF120023DE700BFCF
:10EA200038B5074C0023054608462360FCF774F808
:10EA3000431C00D038BD2368002BFBD02B6038BDB1
:10EA40008C5800200EB4F0B59CB021AB0F4953F8A0
:10EA5000042B019305466FF00044086802954FF4BB
:10EA600002774FF6FF7602A90695ADF8147004946C
:10EA70000794ADF8166001F027F9029B00221A7086
:10EA80001CB0BDE8F04003B0704700BF080500208F
:10EA90000EB4F0B59CB021AC4FF4017254F8046B85
:10EAA000ADF814200290069000F02AF80C4B019467
:10EAB000054632460B4F1868039523464FF6FF76FE
:10EAC000002402A907950A970E941394ADF81660D6
:10EAD00002F052FC1CB0BDE8F04003B0704700BF2C
:10EAE00008050020E9EA000000207047FFFFFFFF53
:10EAF000FFFFFFFFFFFFFFFFFFFFFFFFFFFFFFFF26
:10EB000090F800F06DE9024520F007016FF0000C6D
:10EB100010F0070491F820F040F049804FF0000415
:10EB20006FF00700D1E9002391F840F000F10800F0
:10EB300082FA4CF2A4FA8CF283FA4CF3A2FA8CF328
:10EB40004BBBD1E9022382FA4CF200F10800A4FA8F
:10EB50008CF283FA4CF3A2FA8CF3E3B9D1E90423E3
:10EB600082FA4CF200F10800A4FA8CF283FA4CF31A
:10EB7000A2FA8CF37BB9D1E9062301F1200182FAD4
:10EB80004CF200F10800A4FA8CF283FA4CF3A2FADA
:10EB90008CF3002BC6D0002A04BF04301A4612BAE8
:10EBA000B2FA82F2FDE8024500EBD2007047D1E9EB
:10EBB000002304F00305C4F100004FEAC50514F07A
:10EBC000040F91F840F00CFA05F562EA05021CBF4B
:10EBD00063EA050362464FF00004A9E7002A41D02A
:10EBE00040EA010313F00303F0B425D1032A23D92B
:10EBF00004680D68AC421FD1043A35D0A4F1013548
:10EC000025EA040414F0803F31D1071D0D1D0DE0ED
:10EC100057F8043B0E68A3F10134B34224EA03041D
:10EC20000AD1043A20D014F0803F23D1032A294688
:10EC3000384605F10405EBD803780C789C4202F1C4
:10EC4000FF320CD182B114B916E06AB17BB110F871
:10EC5000013F11F8014FA34202F1FF32F5D0181B1A
:10EC6000F0BC7047104670471046F0BC704718461D
:10EC7000F0BC70470020F3E72046F1E72DE9F041B2
:10EC80000F46904605F078FB04460D46B8F1000F9C
:10EC900011D0C7F30A53C3F16B03002B0BDD1B0527
:10ECA00003F17F55002405F5401522462B46FEF75B
:10ECB00035F8BDE8F08120462946BDE8F08100BF67
:10ECC0002DE9F04F1D46A1B00023834628460E468D
:10ECD00007921C9305F014F8002400238246006874
:10ECE000CDE90434FFF70CFF1B96814632461446EB
:10ECF00012F8017B2D2F00F2B180DFE807F017AF8B
:10ED0000AFAFAFAFAFAFAF8383838383AFAFAFAFEF
:10ED1000AFAFAFAFAFAFAFAFAFAFAFAFAFAF83AF2F
:10ED2000AFAFAFAFAFAFAFAFAF2DAF80079B4FF07F
:10ED300000094FF0000A53B100230893079B1E609F
:10ED4000089B23B149460AF1004389469A46484642
:10ED5000514621B0BDE8F08F00230893621C1B923E
:10ED60006778002FE2D0302F14467BD000230A941E
:10ED70000993A7F13003092B00F2DB834FF0000861
:10ED8000204645464446082CC8BF08EB880805EBDA
:10ED9000850300F1010007EB43031B90C4BF07EBA1
:10EDA0004807A7F130080778D8BFA3F13005A7F1CD
:10EDB0003003092B04F10104E5D9DAF800104A46C2
:10EDC000FFF70CFF00B300203B4681460746A246F2
:10EDD000652B00F0B280452B00F0AF800022002CA4
:10EDE00052D118B9099A002A00F0C7824FF00009E1
:10EDF0004FF0000A079B002BA2D01B9E9EE7012329
:10EE00000893ABE71B9272E71B9B03EB09021B9273
:10EE100013F809300746A246A3F13002092A00F28E
:10EE20007182411C1346002A00F06E8601290F44AE
:10EE300018BF001905D100F063BE4D00844200F0F8
:10EE4000AE840134611E082905EB8501F5DD102C27
:10EE5000DCBF08EB88084FEA4808EFE70023302FB3
:10EE6000089383D16378582B00F04783782B00F008
:10EE7000448301341B942778302FFAD0002FB5D06B
:10EE800001230A94099374E7102CA2EB0703284688
:10EE9000A1460C93A8BF4FF01009FDF7C9FEBAF1C7
:10EEA000000F08BFA246B9F1090FCDE9040113DD37
:10EEB000494B03EBC90353E91223FDF72FFF064625
:10EEC00040460F46FDF7B4FE02460B463046394633
:10EED000FDF772FDCDE904010F2C00F385800C9B3A
:10EEE000002B27D040F3F3840C9B162B00F3708487
:10EEF000394F07EBC307D7E90001DDE90423FDF72C
:10EF00000DFF81468A4675E71BA8344904F012FEBE
:10EF100000283FF40BAF1B9B3149013B1BA81B93FF
:10EF200004F008FE10B91B9B01331B932D4B059376
:10EF300000230493DDE9049A5CE7002C00F0D681FD
:10EF40001B9E731C1B9373782B2B00F0D3822D2BED
:10EF500000F00B824FF0000CA3F13002092A00F2FE
:10EF6000C682302B05D11B9A01321B921378302BAD
:10EF7000FAD0A3F13102082A3FF630AF1B9A0D9266
:10EF8000511C303B1B910C935378A3F1300EBEF112
:10EF9000090F0FD80C9A01311B9102EB820203EB8F
:10EFA00042020B78A3F1300EBEF1090FA2F130023C
:10EFB000F1D90C920D9A891A082900F301840C9A50
:10EFC00044F61F618A42A8BF0A46BCF1000F3FF415
:10EFD00006AF524203E700BF886101008C5E01006A
:10EFE000905E01000000F07F0C9BC9EB040999447E
:10EFF000B9F1000F40F37A8319F00F010AD0B44B36
:10F0000003EBC101D1E90001DDE90423FDF786FE30
:10F01000CDE9040139F00F0640F006820023099380
:10F020000095234652460A99584604F017FF10905F
:10F03000002800F0D9820C9A0026002AC2F10003B1
:10F04000A8BF33460D9322EAE2730C933746B246CB
:10F05000109C5846616804F091FE8046002800F03C
:10F0600025832269023204F10C0192000C30FBF777
:10F0700017FADDE904341EA81DA9CDE90A341A46A1
:10F08000019023460091584605F002FA1C90002892
:10F0900000F02F840121584604F07AFF074600282B
:10F0A00000F004831D9A002AC0F228810D9B0C9D5C
:10F0B0009E1809981E9B8749121A1A44013A8A42DF
:10F0C000C3F1360380F2E780891A1F29A3EB0103FD
:10F0D00000F31B8101228A400F9200221192F41842
:10F0E0001D44099BA64232461D44A8BF2246AA429F
:10F0F000A8BF2A46002A02DDA41AAD1AB61A0D9B33
:10F10000BBB139461A46584604F0E4FF07460028CA
:10F1100000F0CC8201461C9A584604F043FF0028B8
:10F1200000F0C4820E901C99584604F04DFE0E9AD1
:10F130001C92002C08DD22461C99584605F01AF84E
:10F140001C90002800F0D5830C9B43B141460C9ADB
:10F15000584604F0BFFF8046002800F0A782002D2B
:10F1600008DD41462A46584605F004F88046002846
:10F1700000F09C82002E08DD39463246584604F0E5
:10F18000F9FF0746002800F0918242461C99584634
:10F1900005F068F88246002800F088820026C368DF
:10F1A000C66039460E9305F03DF8B042C0F2B88310
:10F1B00000F007843946504605F0C6F900224FF0AA
:10F1C000804304460D46FEF725F8002868D00E9BC4
:10F1D000002B00F0A280059B3F4D0F9699463E4BB9
:10F1E000119300243D4E3E4B4A4616409E4200F08D
:10F1F000D181099B33B3B6F1D46F23D8DDF84490A5
:10F200000F98494630A3D3E90023FEF703F8B0B1C5
:10F210000F984946FEF75AF8002800F03583FDF7AD
:10F2200007FD0F9011910E9B002B40F028830F9B40
:10F230001493119B03F100431593DDE9144505F187
:10F24000D6639D1BDDE90A0105F096F802460B46E0
:10F2500020462946FDF762FDDDE90A23FDF7ACFBF8
:10F26000CDE904010C46099B23B91C4B23409E4267
:10F2700000F0DE811C99584604F0A6FD4146584630
:10F2800004F0A2FD3946584604F09EFD514658460A
:10F2900004F09AFDDCE60022119201220F921EE793
:10F2A000104B204629460022FDF738FD0E9B0F909B
:10F2B0001191002B54D101F1004312901393059B3F
:10F2C000DDE9124599468DE70000C0FFFFFFDF41F1
:10F2D0008861010002FCFFFF0000F03F0000F07FAA
:10F2E0000000E07F0000E03F4FF00109002842D11C
:10F2F000099B002B3FF41AAD044621E60C9B0D9EA2
:10F300009D1AD6E64FF0010962E5BD4CA41A012210
:10F3100002FA04F111910F92E1E6DDE904120029ED
:10F3200040F0C780C2F313039146002B40F0C78022
:10F330000022B44B20462946FDF762FF002840F02A
:10F340006283B14B204629460022FDF7E7FC01F11C
:10F3500000430F90189011911993DDE9184541E78A
:10F360000F9A119BCDE91223A9E74FF0010CB31CB2
:10F370001B93B378F0E50024E2E5B9F1000F7FF4C8
:10F38000D5AC493B252B3FF6D1AC01A252F823F076
:10F3900009EF00002DED00002DED00002DED000027
:10F3A0002DED0000CDF400002DED00002DED00004E
:10F3B0002DED00002DED00002DED00002DED0000E5
:10F3C0002DED00002DED00002DED00002DED0000D5
:10F3D0002DED00002DED00002DED00002DED0000C5
:10F3E0002DED00002DED00002DED00002DED0000B5
:10F3F0002DED00002DED00002DED00002DED0000A5
:10F400002DED00002DED00002DED00002DED000094
:10F4100009EF00002DED00002DED00002DED0000A6
:10F420002DED0000CDF40000B6F59A7F00F3DC80EE
:10F430003611012EDFF8F49140F30283DDE9040177
:10F4400000234F46984616F0010F08F101084FEAD5
:10F45000660604D0D7E90023FDF760FC0123012EE6
:10F4600007F10807EFD1002B40F05C83059BA3F167
:10F470005473059309EBC808DDE90423D8E90001BA
:10F48000FDF74CFC21F000431B0D604A1B05934225
:10F49000CDE9040100F2A880A2F58012934240F267
:10F4A000BB825B4B0593002309934FF0FF3304931A
:10F4B000B6E5DDE90412012900F0EA819146002356
:10F4C0000F93504B534D119300248BE61BA85249C8
:10F4D00004F030FB00283FF429AC1B9B1B78282B41
:10F4E00000F0FC824D4B05930023049322E51B960C
:10F4F000002274E44FF0000C39E7089A02951CAB27
:10F5000001920093464A1DAB1BA9584604F08AF8A5
:10F5100010F0070605463FF469AC062E40F07481F2
:10F52000013400231B944FF000094FF0000A0893A8
:10F5300060E4DAF8001020464A46FFF74FFB48B176
:10F540004FF0000A3B46D046554650465746544673
:10F55000D1463DE41B9B03EB09021B9213F80930D3
:10F56000302B06D101321B921378302B00F10100B1
:10F57000F8D0A3F13102082A40F29A814FF0000A34
:10F58000652BD046554657463FF4AEAE54464FF035
:10F59000010920E4A9F154730593DDE90423104621
:10F5A000194604F0E9FE02460B4620462946FDF7BF
:10F5B000B5FBDDE90423FDF7FFF921F00043CDE9B8
:10F5C00004011B0D174ADDE90A011B059342CDE931
:10F5D000160140F2F8800E4B994264D00C4B059313
:10F5E0004FF0FF33049345E60F4B0593002222238F
:10F5F0000492DDE9049ACBF80030FFF7FBBB00BFB3
:10F60000E2FBFFFF0000F03F0000E03F0000A07CB5
:10F61000FFFFEF7F0000F0BF985E01000000F8FFE1
:10F62000D85E0100FFFF9F7C0000F07F6062010058
:10F630000F9E119D30462946FDF720FEFDF708FB81
:10F640000B46024629463046FDF7B4F90E9B0546A7
:10F650000E46002B36D1049B002B33D1C4F3130488
:10F6600084BBA5A3D3E90023FDF7CAFD00283FF41E
:10F6700001AE5646DDE9049A1C980146584604F04E
:10F68000A3FB4146584604F09FFB3946584604F018
:10F690009BFB1099584604F097FB3146584604F0FE
:10F6A00093FBFFF7A7BB169B013397D156461C98D7
:10F6B000974B0593002222230492DDE9049ACBF8AC
:10F6C0000030DAE78EA3D3E9002328463146FDF760
:10F6D00097FD0028CDD1284631468BA3D3E90023DE
:10F6E000FDF7ACFD00283FF4C5ADC2E73FF496AC92
:10F6F000C9F1000616F00F020AD0864B03EBC203D5
:10F70000DDE90401D3E90023FDF732FCCDE9040172
:10F7100036113FF483AC1F2E38DC16F0100300F0D6
:10F72000C2816A23002E099313DDDDE904017A4FBB
:10F730000023F20704D5D7E90023FDF7EFFA0123F0
:10F74000761007F10807F4D1002B40F0EE81099BF9
:10F750009BB1DDE90412C2F30A53C3F16B03002B22
:10F7600011460ADD1F2B40F3A6810022342B0492A0
:10F7700040F3D0814FF05C73059300220023DDE954
:10F780000401FDF733FD00283FF44AAC2223CBF8F7
:10F7900000304FF000094FF0000AFFF72BBB1B9918
:10F7A0000134082840F38D80102CDCBF08EB88085A
:10F7B00002EB480800204B1C1B934B78FFF72CBB37
:10F7C00044F61F6201E4059B03F1547405944AE575
:10F7D0000C9EC4F125039E423FF706AC4D4DC4F18B
:10F7E0000F0405EBC401341BDDE90423D1E900015A
:10F7F00005EBC405FDF792FAD5E90023FDF78EFA73
:10F8000081468A46FFF7F6BA1C9A3AB135211EA8FE
:10F8100004F0C4FE58461C9904F0D6FA062E0BD804
:10F82000DFE806F0291D1813041D29006FF00043BE
:10F8300005934FF0FF33049329077FF57BAB059BBE
:10F8400043F000430593FFF775BB314B059300234D
:10F850000493F1E71E9B04931F9B0593ECE71D9A0D
:10F860001F9B1E99049102F2334223F4801343EA52
:10F8700002530593E0E7002305930493DCE70F9A16
:10F88000119BCDE91423D8E4244A11920F90CAE4C5
:10F89000DDE904129146002A7FF411AE5646222378
:10F8A000CBF800301C984FF000094FF0000AE4E656
:10F8B0001B9A0A920025303B471C1146AA46A846CF
:10F8C000012405EB850503EB4505002073E70C9942
:10F8D00011F1160FFFF688AB0E4AA2EBC102D2E976
:10F8E0000023DDE90401FDF743FB81468A46FFF76B
:10F8F00081BA5646DCE600BF9535A094FFFFCF3FA6
:10F900009535A094FFFFDF3F35E5AF350000E03FC0
:10F910000000F07F88610100B05E01000000F03F50
:10F920000E9B5646DDE90A9A7BBBDDE9041261BBFA
:10F93000C2F31303144643BB22F000431B0D1B0507
:10F94000B3F1D66F21D9736913B93369012B1CDD6B
:10F9500031460122584604F00DFC3946064604F0B3
:10F9600061FC002811DD099B002B40F0AC80704B3E
:10F970002340A3F580136FEA13536FEA03530593F3
:10F980004FF0FF330493DDE9049A099BBBB1694B47
:10F99000179300231693DDE9162348465146FDF7D9
:10F9A000BDF903460C4681468A46CDE9043431B997
:10F9B000049B23B922231C98CBF800305DE61C98E9
:10F9C0005BE60E9B5646DDE90A9A53B3DDE9044532
:10F9D000594BC5F3130199422A4646D0119B53B3A4
:10F9E000059A1342D1D00E9B099ADDE9040153B365
:10F9F000FFF744F902460B4648465146FCF7DCFF48
:10FA000081468A46C1E74D4B4D4C11930023CDE909
:10FA100018340E9B0F93A0E401F154730593FFF784
:10FA2000FDBADDE90412C2F313031446002BD5D14D
:10FA30000029D3D197E70F9B049A1342A5D0D2E7B0
:10FA40004FF0000812E5FFF719F902460B46484649
:10FA50005146FCF7AFFF0022002381468A46FDF79E
:10FA6000C5FB00287FF41BAF8FE7099B0499FBB10E
:10FA70002F4B2B40B3F1D46F1AD81B0DC3F16B037E
:10FA80004FF0FF3000FA03F38B42A7D12D498A4291
:10FA90003DD0274B134003F58013059300230493B7
:10FAA000DDE9049A71E7002E09933FF73EAE64E664
:10FAB0004FF0FF33E8E74FF0FF3202FA03F3049A06
:10FAC0001A40049259E61A4B2340B3F1D66F3FF720
:10FAD00050AFB3F15C7F3FF75AAFE0E61BA81EAA18
:10FAE000194904F03FF805287FF4FCAC1F9B43F054
:10FAF000FF4343F4E00305931E9B0493FFF71ABAF8
:10FB000020461B9901344CE608461B9953E6013305
:10FB1000BFD1CCE5203B4FF0FF3202FA03F30B409C
:10FB200005932AE6CDE90401A0E4CDE904010EE63F
:10FB30000000F07F00005039FFFF0F000000E03FA1
:10FB40000000E0BFFFFFEF7F9C5E0100054B1B68DC
:10FB500010B45B6B044C002B08BF234610BCFFF7AE
:10FB6000AFB800BF080500200C0500202DE9F84FB4
:10FB7000DDF828900F46804616461D468B4600E06D
:10FB8000A3465C46484614F801ABFEF73DF95044E5
:10FB9000417801F0080101F0FF0C0029F0D1524634
:10FBA0002D2A61D02B2A04BF9BF801200BF10204FF
:10FBB000002D43D0102D65D0A946BCF1000F0CBF1D
:10FBC0006FF0004A4FF0004A0021BAFBF9FE0846E8
:10FBD00009FB1EAA05E029D009FB0030012114F819
:10FBE000012BA2F13003092B05D9A2F14103192BF6
:10FBF0000AD8A2F137039D420EDD4A1CEFD086459C
:10FC0000E9D24FF0FF31EAE7A2F16103192B03D8E3
:10FC1000A2F157039D42F0DC4B1C15D0BCF1000F44
:10FC200010D14EB1E1B93760BDE8F88F9A45D3DA0B
:10FC300070464FF0FF31D2E7BDE8F88F302A1AD076
:10FC40000A25B9E74042ECE7BCF1000F4FF0220370
:10FC50000CBF6FF000404FF00040C8F80030F6B124
:10FC6000671E3760BDE8F88F0BF102049BF8012096
:10FC70004FF0010C9CE7237803F0DF03582B08D0EA
:10FC8000082599E7302A97D1237803F0DF03582B12
:10FC900092D14FF0100962784D4602348DE7BDE8ED
:10FCA000F88F00BF30B5064C064D2468646B83B0F6
:10FCB000002C08BF2C460094FFF758FF03B030BD5E
:10FCC000080500200C0500202DE9F04FC1B00C46BE
:10FCD000099115460E930A9004F014F803681793DF
:10FCE0001846FEF70DFFA38916901E0603D523695B
:10FCF000002B01F01A8100231A46129325932493B6
:10FD000019930B93DFF864A4149230AB23939946B4
:10FD10001592A84698F800304446EBB1252B02D145
:10FD20001AE0252B03D014F8013F002BF9D1C8EBC2
:10FD300004058DB1249B259AC9F8008001332A441B
:10FD4000072BC9F804502592249300F3A68009F1EB
:10FD500008090B9B2B440B932378002B00F0A68003
:10FD600000231A468DF86F3019460C9307934FF015
:10FD7000FF3B637804F101085D4608F10108A3F137
:10FD80002000582800F22584DFE810F088032304BF
:10FD900023049003230423042304230423042304BF
:10FDA0009703A50323045D00E2002304FE00050180
:10FDB0000501050105010501050105010501050113
:10FDC00023042304230423042304230423042304FB
:10FDD0002304230415018102230481022304230444
:10FDE00023042304C60223042304CD022304230492
:10FDF000230423042304F7022304230425032304F8
:10FE000023042304230423042304230423042304BA
:10FE1000230466037903810281028102810379034D
:10FE200023042304D1032304DB03A3006400EE03B3
:10FE30002304F5032304AA0323042304BC030C981E
:10FE40000E9340420C90079B43F00403079398F8ED
:10FE5000003092E70E98AB46002104688DF86F10D1
:10FE6000071D0798302378228B458DF870304FF0AE
:10FE700000058DF8712040F00203C0F2C78320F026
:10FE8000800343F00203079354EA05030E9700F042
:10FE900093830F461192B348CEE223AA09990A9898
:10FEA00004F0C2FE48B90DF1C00952E7259B23B109
:10FEB0000A98099923AA04F0B7FE099B9B8913F0BD
:10FEC000400F0B9B18BF4FF0FF33184641B0BDE801
:10FED000F08F1193AB46002A41F03382079A12F05B
:10FEE000200300F02E820E9F073727F0070300271C
:10FEF00003F10801BB450E91D3E900458DF86F7001
:10FF0000C0F2798722F08003079354EA050300F0DA
:10FF1000758330AEE20842EA4572E90804F007034F
:10FF20000D461446303354EA050206F8013DF1D17E
:10FF3000079AD10740F18480302B00F08180302275
:10FF4000731E06F8012C30AAD21A0D921E467AE0D2
:10FF500098F800302A2B08F1010401F0B981A3F1CF
:10FF60003000092898BF002501F26C8114F8013B8C
:10FF700005EB850500EB4505A3F130000928F5D90F
:10FF800045EAE575A046FAE6079B43F08003079330
:10FF900098F80030F1E6A3F1300000231C4618F871
:10FFA000013B04EB840400EB4404A3F13000092876
:10FFB000F5D90C94E3E61193AB46002A41F0AB81EE
:10FFC000079B43F010030793079B980640F1308589
:10FFD0000E9F073727F00707D7E9002307F108012D
:10FFE0000E9114461D46002A73F10003C0F25B8592
:10FFF000BBF1000F9DF86F70C0F23885079B23F0AE
:020000021000EC
:100000008003079354EA050300F0DB81002D08BF4D
:100010000A2CC0F0DB8130AE204629460A2200239C
:10002000FDF7DEFC303206F8012D2046294600237C
:100030000A22FDF7D5FC04460D4654EA0503EBD130
:1000400030AB9B1B0D930D9B5B45B8BF5B46089384
:100050000023139317B1089B01330893079B13F0F8
:1000600002030F9302D0089B02330893079B13F0FF
:100070008403109340F0D7820C9B089A9D1A002DA0
:1000800040F3D182102D2599249A374F27DD1896F9
:1000900048461024B946099E2F460A9D04E0103FA9
:1000A000102F00F1080016DD01322F4B2492103181
:1000B000072A259180E81800F1DD23AA3146284659
:1000C00004F0B2FD00287FF4F8AE103F102F259900
:1000D000249A30A8E8DC189E3D464F4681460132FE
:1000E0006C18072A25942492C9F80070C9F80450A6
:1000F00000F328849DF86F7009F1080977B1249BFB
:10010000013301340DF16F010122072B2594249353
:1001100089E8060000F3A08309F108090F9B6BB181
:10012000249B013302341CA90222072B259424931B
:1001300089E8060000F39C8309F10809109B802BD5
:1001400000F0D5820D9BC3EB0B07002F39DD074A6A
:10015000249B0F92102F28DD22464FF0100B0A9D92
:10016000099C0AE0185F0100385F0100EC5E0100A5
:10017000103F102F09F1080916DD01331032072B4B
:100180002592249389E8000CF2DD23AA2146284613
:1001900004F04AFD00287FF490AE103F102F259AFE
:1001A000249B0DF1C009E8DC144601330F9A249317
:1001B0003C44072B259489E8840000F3418309F12E
:1001C0000809079BDA0500F13082249B0D99C9F8D4
:1001D000006001330C44072B2594C9F804102493C4
:1001E00000F3188309F10809079B59073FD50C9BB9
:1001F000089A9D1A002D3ADD102D249BBC4F23DD5B
:1002000022461026DDF828B0099C04E0103D102D90
:1002100009F1080917DD0133B54924931032072B82
:10022000259289E84200F1DD23AA2146584604F0D0
:10023000FBFC00287FF441AE103D102D259A249B35
:100240000DF1C009E7DC144601332C44072B25943B
:100250002493C9F80070C9F8045008DD23AA09994D
:100260000A9804F0E1FC00287FF427AE259C0B9B44
:100270000C9A08998A42ACBF9B185B180B93002C10
:1002800040F0D482002324930DF1C00942E511937C
:10029000AB46002A41F051800E9F073727F0070335
:1002A00003F108020E921A6814925B681593159B6D
:1002B000149D23F00044284621464FF0FF328D4B19
:1002C000FCF7C6FF002840F0C284284621464FF0C4
:1002D000FF32884BFCF79EFF002840F0B88414984A
:1002E000159900220023FCF78BFF002840F04F8770
:1002F0009DF86F70804E814B079921F08001079126
:10030000119903224FF0000B08924729D8BF1E46CF
:100310000D92CDF84CB09DE6079B43F00803079380
:1003200098F8003029E51193AB46002A41F011807E
:10033000079B43F010030793079A12F020037FF402
:10034000D2AD079911F0100200F02C850E988DF8AF
:100350006F30BBF1000F046800F104074FF0000597
:10036000C0F248850A4622F08002079254EA05024C
:100370000E9700F043811F46CBE51193AB46002A50
:1003800040F0E387079B43F010030793079A12F0AE
:10039000200300F032830E9F073727F00703002762
:1003A00003F10801BB450E91D3E900458DF86F704C
:1003B000C0F25C8322F08003079354EA05037FF4C4
:1003C00025AEBBF1000F00F0FE80002440AE3034BB
:1003D00006F8414D34E61193AB46002A40F097876A
:1003E000079B47489D0640F197800E9F073727F0EF
:1003F0000703D3E9004503F108020E92079A12F0B1
:10040000010700F0418254EA050300F005859DF8DC
:1004100044208DF871200027079A8DF86F703023E3
:10042000BB458DF8703042F00203C0F2B58622F071
:10043000800343F00203079330AE230904F00F0159
:1004400043EA05732A091C461546435C06F8013D3C
:1004500054EA0503F1D1F3E50E9911930A688DF87A
:10046000982000230A461F468DF86F30043201237E
:100470000893BB4613970E920D9326AEEEE51193AB
:10048000AB46002A3FF4A0AD8DF86F109CE5079BAA
:1004900043F04003079398F800306EE498F800307A
:1004A00000297FF46AAC0122202166E4079B43F017
:1004B0000103079398F800305FE40E9C23680C93C7
:1004C00018460028234603F10403FFF6B8AC0E9348
:1004D00098F8003051E498F8003001222B214CE4C8
:1004E0001193AB46002A3FF451AF8DF86F104DE7E2
:1004F000385F0100FFFFEF7FF85D0100FC5E010047
:10050000045F01001193AB46002A40F02A87079B45
:1005100099489D063FF569AF079BDC0640F135849D
:100520000E9A1346043314680E93002566E798F874
:1005300000306C2B00F0E284079840F01000079028
:100540001BE4002A40F00987079B9B0640F10684C4
:100550000E9A0B991368CD170846043229460E925D
:10056000C3E90001FFF7D6BB079B43F020030793C5
:1005700098F8003001E40E9A1193166800248DF863
:100580006F40171D002E00F0CD85002DC0F218859C
:100590002A4621463046FDF71BFF002800F02A8638
:1005A000831B0D93A34623EAE3730E970893CDF8BC
:1005B0004CB09DF86F704DE56F481192BBF1000F84
:1005C00040F073815F464FF0000BCDF834B030AE91
:1005D00039E51193002A40F0AC86119A002A3FF4C5
:1005E00065AC002301211F4608918DF898208DF8F5
:1005F0006F309B4613930D9126AE2FE5BBF1000F94
:1006000000F0038600270024002582E45A4807935F
:10061000119254EA05030E974FF000077FF40CAFD8
:100620000024002508E7259C68E5119B652B40F315
:10063000A9801498159900220023FCF7D7FD002803
:1006400000F03581249B4D4AC9F800200133013464
:100650000122072B25942493C9F8042000F3E88392
:1006600009F108091D9B129A934203DB079BDB07E4
:100670007FF5BAAD249B1699179AC9F8002001336B
:100680000C44072B2594C9F80410249300F34084EC
:1006900009F10809129B5D1E002D7FF7A5AD384AB0
:1006A000249B0F92102D40F3E68110260A9FDDF85F
:1006B00024B005E009F10809103D102D40F3DB815D
:1006C00001331034072B25942493C9F800A0C9F8EE
:1006D0000460EFDD23AA5946384604F0A5FA002845
:1006E0007FF4EBAB259C249B0DF1C009E4E70C9B48
:1006F000089A9F1A002F7FF725AD214A249B0F925D
:10070000102F2BDD4A462146B946102537460A9C54
:10071000099E06E0A9F11009B9F1100F02F10802D3
:1007200018DD01331031072B25912493C2F800A066
:100730005560EFDD23AA3146204604F075FA002803
:100740007FF4BBABA9F11009B9F1100F2599249BD7
:1007500030AAE6DC3E460C464F46914601330F9ADE
:1007600024933C44072B259489E8840000F34582B8
:1007700009F10809E6E400BF185F0100345F0100D9
:10078000EC5E0100129B249D012B40F30882013591
:1007900001340123072D25942495C9F80060C9F878
:1007A000043000F30D8209F10809169A179BC9F865
:1007B000003001351444072D25942495C9F80420F0
:1007C00000F30E8209F108090023149815990022FC
:1007D000FCF70CFD129B002840F0C380013B013563
:1007E00001361C44072D24952594C9F80060C9F8EA
:1007F000043000F3F58009F10809199AC9F80420BA
:10080000013514441FAB072D25942495C9F80030F9
:100810007FF7E8AC23AA09990A9804F005FA0028A2
:100820007FF44BAB259C0DF1C009DDE423AA0999A7
:100830000A9804F0F9F900283FF424ADFFF73DBB16
:1008400023AA09990A9804F0EFF900287FF435AB40
:10085000259C0DF1C009B4E423AA09990A9804F073
:10086000E3F900287FF429AB259C0DF1C00955E47C
:1008700023AA09990A9804F0D7F900287FF41DAB40
:10088000259C0DF1C00959E4BBF1000F8DF86F7084
:10089000C0F2DA8222F08003079354EA05037FF462
:1008A000CBADBBF1000F3FF48DAE0027B8E61D9D28
:1008B000002D40F3CC82139B129A9342A8BF13469B
:1008C000002B1D460DDD249BC9F8006001332C442C
:1008D000072B2594C9F80450249300F3A38309F14E
:1008E0000809139B002DA8BF5B1B002B1D4640F37E
:1008F000F680BA4A249B0F92102D40F38082224644
:100900001027DDF828B0099C05E009F10809103D21
:10091000102D40F3738201331032072B259224935C
:10092000C9F800A0C9F80470EFDD23AA2146584693
:1009300004F07AF900287FF4C0AA259A249B0DF1CF
:10094000C009E4E723AA09990A9804F06DF9002880
:100950007FF4B3AA9DF86F70259C0DF1C009FFF7D5
:10096000CDBB5E1E002E7FF748AF9C4B0F93102E21
:100970002CDDCDF834801027B046DDF828B0099E74
:1009800006E0A8F11008B8F1100F09F108091ADD06
:1009900001351034072D25942495C9F800A0C9F815
:1009A0000470EEDD23AA3146584604F03DF90028D4
:1009B0007FF483AAA8F11008B8F1100F259C249D9C
:1009C0000DF1C009E4DC4646DDF834800F9B0135AB
:1009D0003444072D2594249589E848007FF70BAF10
:1009E00023AA09990A9804F01FF900287FF465AA40
:1009F000259C249D0DF1C009FFE6079911F0100216
:100A000000F008810E988DF86F30BBF1000F04687C
:100A100000F104074FF0000526DB0A4622F08002B1
:100A2000079254EA05020E971F467FF4EFAAC8E426
:100A3000079BD9062AD4079B5A0627D50E99B1F9E8
:100A400000400431E51722462B460E91FFF7CBBA42
:100A50000E998DF86F30BBF1000F0C6801F104079F
:100A60004FF0000580F245820E971F4654EA0503B9
:100A70007FF4CCAAAAE401330F9A24932C44072BC9
:100A8000259489E824007FF7ADABC3E60E9A14687D
:100A900013460433E51722460E93002A2B4673F1C2
:100AA0000003BFF6A5AA64424FF02D0765EB45058C
:100AB000BBF1000F8DF86F70FFF6A8AA079B23F01B
:100AC00080030793FFF7A2BA23AA09990A9804F0B2
:100AD000ABF800287FF4F1A9259C0DF1C009139A09
:100AE0001D9B32441746129A934247DB079AD5075B
:100AF00044D412990E44F51BCB1A9D42A8BF1D4643
:100B0000002D2E460DDD249AC9F8007001322C44C8
:100B1000072A2594C9F80450249200F3128309F19E
:100B20000809002EACBF9D1B1D46002D7FF75CAB56
:100B30002A4A249B0F92102D9DDD10260A9FDDF876
:100B400024B004E009F10809103D102D93DD0133B4
:100B50001034072B25942493C9F800A0C9F8046029
:100B6000F0DD23AA5946384604F05EF800287FF4E9
:100B7000A4A9259C249B0DF1C009E5E7249A1698A9
:100B80001799C9F8001001320444072A2594C9F8BE
:100B90000400249200F3A58209F10809A9E7079B44
:100BA000D8073FF5F4AD013501340123072D259415
:100BB0002495C9F80060C9F804307FF71CAE0FE730
:100BC00023AA09990A9804F02FF800287FF475A940
:100BD000259C249D0DF1C009E7E500BFEC5E0100F6
:100BE00023AA09990A9804F01FF800287FF465A940
:100BF000259C249D0DF1C009E6E523AA09990A98D0
:100C000004F012F800287FF458A9259C0DF1C009C2
:100C1000FFF798BA079911F040033FF419AF0E9807
:100C20008DF86F200346BBF1000F03F10403048825
:100C30004FF00005C0F2B98121F08001079154EA1C
:100C400005010E9317467FF4E1A9FFF7BABB149C88
:100C500022462046159C23462146FCF7F9FA002837
:100C600040F01583119BBBF1FF3F23F020030D9350
:100C700000F07682472B00F09281079B43F480734B
:100C80001093159B1F1E149B0893BBBF3B4603F19B
:100C9000004700232D230F93119B662B00F06382E6
:100CA000462B00F05E810D9B089A452B21A81EA9BA
:100CB0000CBF0BF101055D46049003911DA80221B4
:100CC0003B460290019500910A9801F0E1FB119BCF
:100CD000672B064640F07D82079BDA0740F1BF8212
:100CE00074190898394600220023FCF77FFA00287F
:100CF00040F0A481219B9C4206D930215A1C2192AC
:100D00001970219B9C42F9D89B1B12930D9B472B7A
:100D100000F08181119B652B40F36A82119B662B49
:100D20001D9B139300F04782139A12998A42C0F2D6
:100D30003682079BD90700F1898222EAE2730D927D
:100D4000672211920F9A002A40F05B810893109B52
:100D5000079393469DF86F70FFF77CB9079BDF06FA
:100D60000BD4079B5E0608D50E9A136804320E92C8
:100D7000BDF82C201A80FEF7CDBF0E9A13680432FE
:100D80000E920B9A1A60FEF7C5BF079B0E9A13F0DE
:100D9000400F134600F00E81043314880E93002593
:100DA000FFF72CBB079911F0400317D00E988DF870
:100DB0006F200346BBF1000F03F1040304884FF0DA
:100DC0000005C0F2F58021F08001079154EA050189
:100DD0000E933FF413AC1746FFF79BB80E998DF8AE
:100DE0006F30BBF1000F0C6801F104074FF00005F4
:100DF00080F281800E970027FFF78BB814460133ED
:100E00000F9A24932C44072B259489E824003FF75C
:100E10005BAE09F1080962E60027BB458DF86F70EB
:100E2000FFF6FEAB079B23F080030793FFF7C6BBDB
:100E300023AA09990A9803F0F7FE00287FF43DA839
:100E4000259C0DF1C0090DE40E9FFFF7E2BB249B2A
:100E5000B14AC9F80020013301340122072B25943F
:100E60002493C9F804206FDC09F108092DB9129BFD
:100E70001BB9079BDF077FF5B7A9249B1699179A23
:100E8000C9F8002001330C44072B2594C9F804103D
:100E9000249300F3C98109F108096D42002D40F344
:100EA000A3809E4A0F92102D40F3298122461027DD
:100EB000DDF828B0099C05E009F10809103D102D66
:100EC00040F31C8101331032072B25922493C9F87B
:100ED00000A0C9F80470EFDD23AA2146584603F0AC
:100EE000A3FE00287EF4E9AF259A249B0DF1C009EA
:100EF000E4E7079A92E5079AFFF735BA079B43F0B4
:100F00002003079308F1010898F80030FEF735BF79
:100F100023AA09990A9803F087FE00287EF4CDAF32
:100F2000259C0DF1C009FFF7B5BB40210A98FCF7DD
:100F300081FF099A10601061002800F0F381099A7E
:100F400040235361FEF7D7BE23AA09990A9803F0FC
:100F50006BFE00287EF4B1AF1D9D259C0DF1C009EC
:100F600084E721A81EA9049003911DA803210290E3
:100F7000089ACDF804B03B4600910A9801F088FA2F
:100F80005D460646119B462B06EB05047FF4A9AE91
:100F90003378302B00F06D811D9D2C44A1E6BBF110
:100FA000000F08BF4FF0010B67E60E9317465DE593
:100FB0000E9320E7043314680E930025FFF71EBA42
:100FC0003046FDF79DFDA34603460D90FFF7EBBAB3
:100FD00023AA09990A9803F027FE00287EF46DAF32
:100FE000259C249B0DF1C0091299C9F800600133BA
:100FF0000C44072B25942493C9F804107FF7F2A81A
:1010000008E42D270893109B07938DF86F704FF01D
:10101000000BFFF720B81D9BDD1C11DB9B450FDB90
:10102000139381E623AA09990A9803F0FDFD00288D
:101030007EF443AF259C0DF1C00952E4234663E6DC
:10104000119A023A1192013B002B9DF844201D9306
:10105000B8BF5B428DF87C20B4BF2D222B22092B18
:101060008DF87D2040F3FD800DF18B0004462C4A65
:1010700082FB0321DA17C2EBA10202EB8201A3EB90
:10108000410303F13001092A134604F8011DEEDC87
:1010900021463033DAB201F8012D884240F23F8117
:1010A0000DF17E01234601E013F8012B01F8012B1D
:1010B0009842F9D1431C1B1B0DF17E0213441FAA59
:1010C0009B1A129A1993012A13440D9340F3F68048
:1010D0000D9B169A134400220D93139223EAE37397
:1010E00030E623AA09990A9803F09EFD00287EF4B1
:1010F000E4AE1D9B259C0DF1C009FAE414460133B2
:101100000F9A24932C44072B259489E824003FF759
:101110005FAF09F1080967E7345F0100EC5E010089
:1011200067666666062D2B4628BF06230D9323EAC5
:10113000E373B3460E971396374608938B4EFEF72C
:1011400089BF23AA09990A9803F06EFD00287EF44E
:10115000B4AE1D9B129A259CD31A0DF1C009E0E490
:101160004FF0060B89E521A81EA9049003911DA844
:1011700003210290089ACDF804B03B4600910A98EA
:1011800001F086F95D46064600EB0B0400E72D27CB
:101190008DF86F70FFF7AEB80793FFF74DB9169A49
:1011A000129B1344139A0D93002A7FDD672223EAD2
:1011B000E3731192C6E5002B40F39880BBF1000F5A
:1011C0006BD1079AD40768D41A460D9223EAE373C9
:1011D000B8E5119B472B7FF483AD079BDB073FF5F9
:1011E000D1AE219B9B1B12930D9B472B3FF413AF5A
:1011F0001D9B28E725EAE5730E9708930D95834616
:1012000013909DF86F70FEF725BF079BDB075F46C5
:1012100005D540AE302306F8413DFEF711BFCDF8AD
:1012200034B030AEFEF70FBF23AA09990A9803F035
:10123000FBFC00287EF441AE1D9D259C249B0DF1F6
:10124000C0092AE6A0460025FEF799BD169A139B11
:10125000134467220D93119223EAE37372E5219BF5
:1012600052E5303330228DF87F308DF87E2020AB70
:1012700025E70898394600220023FBF7B7FF00282E
:101280007FF48AAEC5F101051D952C4429E5384E41
:10129000384B9DF86F70FFF72FB8139B169A9D1867
:1012A00005EB0B030D9323EAE3734BE5139B0D9AB8
:1012B000C3F101031A4413460D9277E7079B13F01D
:1012C00001037FF405AF13930D9B23EAE37339E524
:1012D0000E9898F8013005680430002D0E90A04655
:1012E000BEF64BAD4FF0FF35FEF747BDBBF1000F2B
:1012F00002D1079BD80707D5169B5D1C05EB0B0396
:101300000D9323EAE3731DE501230D931AE58DF890
:101310006F10FFF765B88DF86F10FEF751BE0DF135
:101320007E03CCE60A9A0C2313604FF0FF30FEF7E1
:10133000CDBD8DF86F10FFF750B98DF86F10FEF727
:10134000ABBF8DF86F10FEF7C9BD8DF86F10FFF7BA
:1013500019B88DF86F10FEF7EBBF8DF86F10FFF71F
:10136000F3B88DF86F10FFF7D2B800BF2C5F010003
:10137000F05D0100005F01002DE9F04F8B46B1F9EF
:101380000C10ADF52B7D824688041446049309D4D5
:10139000DBF8643041F4005123F40053ABF80C1037
:1013A000CBF8643026460023069303931F4605932B
:1013B00016F8013B0F936BB3FCF72AFD0F9A10440C
:1013C000437803F0080303F0FF0543B3DBF8043070
:1013D00011E0FCF71DFDDBF800301A7810440133F2
:1013E000427811070FD5DBF80420CBF80030531EEC
:1013F0000137CBF80430002BEBDC5946504603F0A4
:10140000D5FC0028E5D03446264616F8013B0F935C
:10141000002BD1D105980DF52B7DBDE8F08F252A45
:1014200040F0848094F801802C46731CB8F1780F4A
:1014300000F24382DFE818F09200410241024102CB
:101440004102410241024102410241024102410284
:101450004102410241024102410241024102410274
:101460004102410241024102410241024102410264
:101470004102410241024102410241024102410254
:10148000410279004102410241024102D801410278
:101490004102410241024102CF01CF01CF01CF0100
:1014A000CF01CF01CF01CF01CF01CF0141024102D6
:1014B0004102410241024102410241024102410214
:1014C000C101B9014102B901410241024102410297
:1014D000B30141024102A301410241024102410222
:1014E0004102410241024102930141024102510184
:1014F00041024102410241024102410241022201F4
:101500008801B901B901B9011C01980041024102E9
:10151000D50041020D010101F30041024102EB003F
:101520004102DF004102410293011E46DBF8043014
:10153000002B40F35382DBF8003016F8012C1978A9
:1015400091427FF467AFDBF804200133013ACBF816
:1015500000300137CBF80420344655E74FF0FF3018
:101560000DF52B7DBDE8F08F0293DBF80430002BE6
:1015700040F36382B84B069300230393032601E0F4
:10158000CBF800E0FCF744FCDBF8002011780844BD
:1015900002F1010E437803F0080303F0FF08002B6B
:1015A00000F07F82DBF80430013B002B07F10107DC
:1015B000CBF80430E4DC5946504603F0F7FB002832
:1015C000E0D0059A002AC9D0BBF80C3013F0400FC8
:1015D000134618BF4FF0FF3318460DF52B7DBDE8BD
:1015E000F08F96F80180B8F16C0F00F0028245F0A0
:1015F00001051E4619E70293DBF80430002B40F387
:101600004882964B06930A2303930326BAE7029374
:10161000DBF80430002B40F334820226B2E7029359
:10162000DBF80430002B45F4087540F3A0808B4BA9
:101630000693102303930326A4E70293DBF80430F8
:10164000002B40F3A480854B0693082303930326C5
:1016500098E7EA061E46029300F1F2806B0740F11C
:10166000D48104990B681F800B1D04933446CBE68C
:1016700096F8018045F004051E46D6E60293DBF895
:101680000430002B40F3ED81002C08BF012415F03D
:10169000010340F02281EA0640F18B811D4609E0FA
:1016A0001344CBF800301544A41A03F07FFB002844
:1016B00040F07B81DBF80420DBF80030A242594681
:1016C0005046EDDB121B2344CBF804202544CBF815
:1016D0000030029E2F44344696E60DF14809194623
:1016E000484602F0ADFFDBF80430002B064640F31D
:1016F000B081002CDBF8002008BF4FF0FF34EB0670
:10170000117840F1A080A046002500E0117819F87A
:1017100001300132002B00F04381DBF80430CBF8BC
:1017200000200135013BA542CBF8043000F03581A3
:10173000002BEBDC5946504603F038FB002840F004
:101740002B81DBF80020E1E70293DBF80430002B6B
:101750003ADD414B06930A230393032612E70293D3
:10176000DBF80430002B45F400753FF760AF5946B5
:10177000504603F01BFB00283FF459AF21E70293CA
:10178000DBF80430002B45F001053FF75CAF59460C
:10179000504603F00BFB00283FF455AF11E796F8D5
:1017A000018045F002051E463FE60293DBF8043057
:1017B000002B40F35E810426E4E60293DBF804305C
:1017C000002B45F00105C4DC5946504603F0EEFA03
:1017D0000028BED0F5E604EB840408EB4404303C5A
:1017E00096F801801E4620E696F8018045F0100527
:1017F0001E461AE610AB4146184608220793FCF72E
:10180000CDFE15F0100940F05D84049A13460433B0
:10181000D2F8008004930026FCF7FAFADBF80030D7
:101820001B7818444378180702D4002C40F0FC833E
:10183000B9F1000F04D1C8F80090059B013305935E
:10184000029E3446E0E5049805680346043305EB40
:10185000040802932C4606E0A5FC0000F5490100AF
:10186000DBF80020117819F80130501CC3B1DBF807
:101870000430CBF80000013BCBF80430137804F8B7
:10188000013BA0450CD0DBF80430002BE8DC5946C6
:10189000504603F08BFA0028E2D0A5423FF491AE07
:1018A000651B3FF4B7AD059A013200230592029AF9
:1018B000049223702F443446A6E50293FCF7A8FA5D
:1018C0004044437803F00303012BDBF8043000F0BD
:1018D0009680002B3FF73DAF76E710AB1846082205
:1018E00000210793FCF75AFE15F0100308937DD1F1
:1018F000049A13460433D2F80090049300250DF5A2
:10190000A478FCF773FAA8423FF45BAE9BE80C00A6
:1019100012F8010BCBF80020013B079A00926E1CD5
:10192000CBF80430494608F8050033464246504695
:1019300002F0F6F9411C3FF444AEA0B9089B13BB7A
:10194000C9F800303744013C09F10409DBF80430E0
:10195000002B4FF000050DDD002CD2D1089B002B91
:101960003FF46BAF6CE7023010D1DBF80430002B92
:101970003546C6DC5946504603F018FA0028EBD02D
:10198000002DEBD01DE63744013CDFE7089B3744D0
:10199000013C002BDAD1D7E7A84645462F448AE719
:1019A000002D3FF437AD2F4485E7002D7FF491AE35
:1019B00007E6049D23462968CDF800B00122504671
:1019C00003F012FA2E1D00283FF4FBAD059B049690
:1019D000029E013307440593344615E559465046A7
:1019E00003F0E4F900283FF4A6ADEAE54FF0000962
:1019F00084E796F8028045F00205023615E5002BD3
:101A000045F001053FF7A5AEDEE6EC070CD4A807CC
:101A10000AD5049A029E13683846F91704320492D4
:101A2000C3E900013446EFE4049A029E13681F6084
:101A30001346043304933446E6E45946504603F013
:101A4000B5F900287FF4BDAD7E4B039006930326C5
:101A500098E55946504603F0A9F900283FF449AEED
:101A6000AFE55946504603F0A1F900283FF40CAE0B
:101A7000A7E55946504603F099F900283FF49BAE7C
:101A80009FE55946504603F091F900283FF4C5AD53
:101A900097E55946504603F089F900283FF4B1AD67
:101AA0008FE5032E00F09B81042E40F039825046D2
:101AB00002F028F9631E02680A92B3F5AE7F40F285
:101AC00063826FF4AE7163180C9340F25D1452ABF5
:101AD0004FF000081A46089345F4F0654346CDF8E8
:101AE0003480CDF82C804646CDF824809146DBF832
:101AF00000000178A1F12B0EBEF14E0F00F24781DC
:101B0000DFE81EF07A0045017A00450145016E00CC
:101B10004F004F004F004F004F004F004F004F004D
:101B20004F0045014501450145014501450145017C
:101B300040014501450145012801210145014501BB
:101B4000A20045014501450145018B0045014501C4
:101B50004501450145018500450145014501450116
:101B60007F0045014501450145014501450145010C
:101B7000400145014501450128012101450145017B
:101B8000A20045014501450145018B004501450184
:101B900045014501450185004501450145014501D6
:101BA0007F0013EB080F16D125F4C07589F80010DB
:101BB00009F10109DBF804100139002904F1FF34AF
:101BC00007F10107CBF8041040F3EE800130CBF8A9
:101BD0000000002C8BD1002E42D025F480753FE010
:101BE000EA05DED50C9A25F080050136002AE1D001
:101BF000013A0C920134DDE72A06ECD525F0800588
:101C0000D4E7B8F1070FE6D14FF00808CEE7B8F1F6
:101C1000060FE0D14FF00708C8E7002B40F0DA804C
:101C20002EB905F4E06EBEF5E06F00F03F82B8F12A
:101C3000010F02D0B8F1040FCDD108F101085FFA0D
:101C400088F8B3E7A5FC0000B8F1000F40F0B980B8
:101C5000002EC2D105F4E06EBEF5E06F00F03682D2
:101C6000013B012B40F27D8208F1FF33062B16D891
:101C7000B8F1020F40F29C82B8F1030F0FD0A8F127
:101C80000404E4B26FEA0408C84419F8011D5A4676
:101C9000504603F049F8C845F7D1013F3F1BE9051D
:101CA0001CD56A0500F16F8219F8011C652909F13C
:101CB000FF3407F1FF380BD0452909D05A4650466A
:101CC00003F032F819F8021CA7F10208A9F1020486
:101CD0005A46504603F028F84746A14615F0100230
:101CE0007FF4AEAD05F4C063B3F5806F89F80020D2
:101CF00000F0F1810B9B002B40F0FE81089900223F
:101D00005046FDF723FFEB078046894600F13F81EF
:101D100015F0020540F03B81049C02460B46261D4F
:101D20002468FBF795FA002840F05C82404649465B
:101D3000FBF7ECFA04962060059B029E01330593A5
:101D40003446FFF761BBB8F1020F7FF444AF4FF0A8
:101D500003082BE705F4A06EBEF5806F05D06A0579
:101D60007FF539AF002E3FF47BAFAA0504D4099A62
:101D7000CDF83490B21A0B9225F4F06545F4C07595
:101D8000002613E7012B7FF426AF02230EE70A9A01
:101D900092F800E08E457FF41EAFAA057FF51BAFD9
:101DA00025F42075099601E759465046079302F03D
:101DB000FDFF079B00287FF40EAF002C7FF497AE49
:101DC00009E7B8F1030F3FF438AFB8F1050F3FF45E
:101DD00034AF00E7022B7FF42AAF0323E6E6631E4D
:101DE000B3F5AE7F86BF6FF4AE7004EB0009C14659
:101DF00052AB10463A464F46DDF80C90089388BF28
:101E000040F25D1445F458651E464FF00008A1F1FC
:101E10002B034D2B51D8DFE803F07E507E50506FDE
:101E2000696969696969694A4A505050505050500F
:101E300044444444444450505050505050505050EA
:101E400050505050505050275050505050505050BB
:101E500044444444444450505050505050505050CA
:101E6000505050505050502705F4C063B3F5007FD8
:101E700023D125F4007545F4A0654FF010093170A9
:101E80000136DBF80430013B002BCBF8043072DD67
:101E90000130CBF80000013C0FD0DBF800000178E6
:101EA000B5E7B9F10A0F08DD25F43865E7E7BD4B62
:101EB00033F91990B9F1080FF6DCE9051746CDF8AA
:101EC0000C9007D5089B9E4200F2F480089B9E422E
:101ED0003FF4A0AA15F0100400F09280089BF61AB7
:101EE00046443744029E3446FFF78EBAAD4B25F484
:101EF000386533F91990C2E72B05C0D5B9F1000F49
:101F000003D145F400754FF008096B0540F1C0801E
:101F100025F4B065B3E72B06CFD525F08005AEE7F5
:101F2000002C08BF4FF0FF3415F001037FF462ACC2
:101F3000E90633D51D46FBF76BFFDBF800301A7856
:101F400010440133427812073FF5C3ABDBF804209D
:101F5000CBF800300135531EAC42CBF804303FF4CF
:101F6000B8AB002BE7DC5946504602F01FFF0028B3
:101F7000E1D0FFF7AEBB59465046039202F016FF80
:101F8000039A002887D098E7CDF830809FE5049A1F
:101F9000136804320492C3E90089CDE6049A1568F7
:101FA000161D2C44A846FBF733FFDBF800201378FE
:101FB0001844511C43781B0715D4DBF80430CBF8C8
:101FC0000010013BCBF80430137808F8013B44457E
:101FD0000AD0DBF80430002BE5DC5946504602F00D
:101FE000E5FE0028DFD04446059A0496029E651B54
:101FF0000023013223702F4405923446FFF704BAC0
:1020000022463470039B0899069C5046A047AA06B6
:1020100046D46B077BD5049A136804320492188067
:10202000059B0133059359E7FBF7E0FE86423FF439
:10203000C8AA9BE80C0012F8010BCBF80020079A05
:10204000009252AA751C013B9055CBF804304146D2
:102050002B46504601F064FE461C3FF4B2AA00280D
:102060006BD1C8F8000001F03DFE002800F0AF8001
:10207000002D3FF4DDAB52AB5C19013D5A4614F81C
:10208000011D504602F050FE002DF6D1FFF7D0BBE7
:1020900025F460750FB1013F013408F10108F0E645
:1020A000049A1368043204921860B9E725F4F065C5
:1020B00001237BE516F8011C5A46504602F034FE17
:1020C000013E03E70DF13C08FFF7A5BB25F4F065E1
:1020D0004FF001086AE5099BF61A7242002E3FF4A0
:1020E0000DAE0DF29B23994528BF0DF29A29484663
:1020F0002D49FCF7A7FC01E60D9C21460A2301317E
:102100005046FDF7CFFD0B9BA146C21AE9E715F03B
:102110000102C5D1AC07C3D5069B1946234B994292
:102120005046039B089963D002F09EFB049A136803
:1021300004320492C3E9000172E7023020D12E4636
:10214000DBF80430002B3FF767AB5946504602F0EE
:102150002DFE00283FF460AB002E7FF432AAFFF77B
:1021600067BB089B99457FF655A919F8011D5A468A
:10217000504602F0D9FD089B9945F6D1FFF74AB9C0
:10218000D8F800006FE7089B99457FF643A919F836
:10219000011D5A46504602F0C7FD089B9945F6D1ED
:1021A000FFF738B9485F01006C5F0100F549010095
:1021B000089B99457FF62EA919F8011D5A465046ED
:1021C00002F0B2FD089B9945F6D1FFF723B92F44E1
:1021D000013CB9F1000F03D108F104084E46AFE706
:1021E0000646ADE7284602F065FA04962060A3E5AE
:1021F00002F008FD9AE700BFF0B5ADF5057D04AD2E
:1022000000930F4613464FF4007403AA2946039423
:10221000064602F067FE88B1044602463946039B33
:10222000304600F029F8AC42039004D030462146F5
:1022300001F0BCF803980DF5057DF0BD4FF0FF30BF
:10224000F9E700BF10B4044C13460A460146206863
:1022500010BCFFF7D1BF00BF0805002021B1FF2A45
:1022600004D80A7001207047084670478A2303602B
:102270004FF0FF30704700BF70B50D46084C114657
:1022800006461A46284600232360FAF747F8431CFF
:1022900000D070BD2368002BFBD0336070BD00BF41
:1022A0008C5800202DE9F047254C2568D5F8484189
:1022B0000646884692469946C4B360681F2817DCD4
:1022C000431C76B104EB80050122C5F888A0D4F840
:1022D000881182401143022EC4F88811C5F8089174
:1022E0001ED00230636044F820800020BDE8F087F3
:1022F000144B03B34FF4C870FBF794FD0446D0B100
:10230000D5F84831002780E88800C5F848413846AC
:102310000123C4F88871C4F88C71002EE1D0D1E794
:10232000D4F88C110A43C4F88C21DAE705F5A674B9
:10233000C5F84841C1E74FF0FF30BDE8F08700BF66
:102340007C5E010025DE0000024B13B1024800F064
:1023500005B8704700000000E93201000023014683
:102360001A461846FFF79EBF02690B69934200F3B5
:102370008D802DE9F04F03F1FF3801F1140700F1D2
:10238000140B57F828205BF828304FEA880483B0F4
:102390000132B3FBF2F90BEB0403009407EB040AE0
:1023A0000193B9F1000F39D00025BC46DE462B461B
:1023B0005CF8046BDEF80020B4B209FB0455360C5F
:1023C0002C0C09FB0644ADB25B1BA6B213FA82F3D8
:1023D000C6EB124606EB23469BB243EA0643E245B0
:1023E0004EF8043B4FEA14454FEA2643E0D2009BE7
:1023F0005BF8033093B9019C231F9B450CD254F822
:10240000043C4BB9A4F1080302E01A68043B1AB972
:102410009B4508F1FF38F8D3C0F81080044601F05E
:1024200001FF00282EDB09F101095D46002357F862
:10243000041B28688AB29A1A090C12FA80F2C1EBBE
:10244000104303EB224391B241EA0341BA4545F8F8
:10245000041B4FEA2343EAD25BF828200BEB8803E6
:1024600082B91A1F93450BD253F8042C42B9083B8A
:1024700002E01A68043B1AB99B4508F1FF38F8D30B
:10248000C4F81080484603B0BDE8F08F00207047C4
:102490002DE9F04F016C97B08146239C92469B46F4
:1024A00049B1426C4A60012393408B6001F08CFC7F
:1024B0000023C9F84030BBF1000FD84633DB0023BE
:1024C0002360A54B1A4608EA0303934214D05046F2
:1024D000594600220023FAF789FE054648B3229A9E
:1024E00001231360249B002B00F0C5809B481860DB
:1024F000013817B0BDE8F08F229A42F20F731360D3
:10250000BAF1000F00F0A2809548249B002BF0D078
:10251000C378002B00F0B18000F10803249A136007
:1025200017B0BDE8F08F01232BF000482360C346AD
:10253000C7E714AA15AB0192009352465B46484682
:1025400001F0A6FF5FEA1854089040F08880149DBF
:10255000159C2C4404F23243202B40F39182C3F1AA
:10256000400304F2124008FA03F82AFA00F040EAA5
:102570000800FAF75DFB0123013CA1F1F87110930B
:102580000022784BFAF716FA6DA3D3E90023FAF785
:10259000C5FB6DA3D3E90023FAF70EFA06462046E1
:1025A0000F46FAF755FB6AA3D3E90023FAF7B6FB07
:1025B00002460B4630463946FAF7FEF906460F4604
:1025C000FAF75CFE00220490002330463946FAF701
:1025D00017FE002840F03082049E162E00F2298259
:1025E000614B03EBC603D3E9000152465B46FAF7A1
:1025F00025FE002800F04982731E049300230C93EB
:102600002C1B631E029300F1328200230593049B6E
:10261000002BC0F22382029A0B9311461944002327
:1026200002910A93209B092B29D8052B40F3588649
:10263000043B20930025209B023B032B00F23586B0
:10264000DFE813F02C03280237035904444B474AB0
:10265000C8F31300002814BF1846104655E7CBF303
:10266000130343F07F5110955046A4F2FF3441F418
:102670004011149D84E73E483BE7C31C4EE7002110
:10268000C9F844104846209101F078FB4FF0FF3321
:102690000693209A0D93012307902192C9F84000D8
:1026A0000993159B002BC0F2D180049A0E2A00F3E7
:1026B000CD802D4B03EBC203D3E90034CDE90234C6
:1026C000219B002BC0F2008356465F465046594678
:1026D000DDE902AB52465B46FAF74AFCFAF7CEFD5B
:1026E0000446FAF7B5FA52465B46FAF717FB0B4673
:1026F000024639463046FAF75DF9079D04F130038A
:102700002B70069B012B06460F4605F1010562D092
:102710000022184BFAF702FB0022002306460F4660
:10272000FAF764FD00287ED1CDF81490DDF818A0EA
:10273000DDF81CB0DDE9028929E000BFAFF30080BD
:1027400061436F63A787D23FB3C8608B288AC63FB7
:10275000FB799F501344D33F0000F07F355F0100A9
:10276000846001000000F83F88610100786001008A
:10277000345F010000002440FAF7D0FA0022002361
:1027800006460F46FAF732FD002840F0B78342466E
:102790004B4630463946FAF7EBFBFAF76FFD044635
:1027A000FAF756FA42464B46FAF7B8FA02460B4693
:1027B00030463946FAF7FEF804F1300E05F801EB21
:1027C000CBEB050ED64506460F464FF00002B04B48
:1027D000D2D1DDF8149032463B4630463946FAF7FE
:1027E000EBF806460F4602460B46DDE90201FAF712
:1027F00007FD40B932463B46DDE90201FAF7F6FC37
:1028000088B1E3070FD515F8014C079A6B1E04E059
:102810009A4200F02C8413F8014D392C03F1010584
:10282000F6D001341C700899484601F0CDFA002218
:10283000049B2A70229A01331360249B002B00F022
:10284000A78307981D6017B0BDE8F08F099A002A8A
:1028500000F01281209A012A40F35882069B0A9ABE
:102860005F1EBA42C0F29783D71B069B002BC0F2B3
:102870008A84059D069B059A1A440592029A0121B5
:102880001A444846029201F083FB064665B102995C
:1028900000290B4608DDA942059AA8BF2B46D21A8B
:1028A000ED1ACB1A059202930A9B002B40F3FC828F
:1028B000099A002A00F00182002F00F0FE813146C3
:1028C0003A46484601F006FCDDF8208001464246C3
:1028D0000646484601F066FB41460446484601F07C
:1028E00073FA0A9BDB1B0A9340F0E68101214846FC
:1028F00001F04EFB0B9B8046002B00F01982014635
:102900001A46484601F0E6FB209B012B804640F327
:10291000F8820027D8F8103008EB8303186901F01B
:10292000E9FAC0F12000029A104410F01F0000F0F4
:10293000F681C0F12003042B40F3CA84059BC0F14B
:102940001C00034405931346034405440293059B6E
:10295000002B05DD21461A46484601F00BFC0446D3
:10296000029B002B05DD41461A46484601F002FC59
:1029700080460C9B002B40F07C82069B002B40F392
:102980009582099B002B40F0F581DDF81CB0069F75
:102990005D4602E001F022FA044641462046FFF778
:1029A000E3FC00F1300A05F801ABCBEB0503BB42B9
:1029B0004FF00A024FF0000321464846EADB079B2E
:1029C000069A012AACBF9B1801331D464FF0000B3D
:1029D00021460122484601F0CDFB4146089001F016
:1029E00021FC002840F30D8315F8012C07996B1E7C
:1029F00004E08B4200F0788213F8012D392A03F1AC
:102A00000105F6D001321A704146484601F0DCF962
:102A1000002E3FF408AFBBF1000F05D0B34503D043
:102A20005946484601F0D0F93146484601F0CCF904
:102A3000F9E601230C93E3E5DDF810804046FAF750
:102A400007F902460B4630463946FAF7CFFB002815
:102A50007FF4C2AD08F1FF330493BDE5059A049BF2
:102A6000D21A5B420A93002305920B93DAE55B428C
:102A7000059300230293CAE50A9F059D099E05E779
:102A8000C3F120080AFA08F073E50C90B8E500BF1E
:102A90000000244000230993049B219A13440D93C2
:102AA0000133002B069340F38382069C26460021C7
:102AB000172EC9F844100BD9012204235B0003F13F
:102AC0001400B042114602F10102F7D9C9F84410CE
:102AD000484601F053F90E2C0790C9F840003FF624
:102AE000E0AD002D3FF4DDAD04995746D8460029EE
:102AF000CDE90E7840F39282914B01F00F020E1156
:102B000003EBC203F006D3E9004540F14C828D4B44
:102B100050465946D3E90823FAF72AFA06F00F0679
:102B200082468B464FF0030886B1864FF10709D5E0
:102B300020462946D7E90023FAF7F0F808F1010802
:102B400004460D46761007F10807EFD122462B46C2
:102B500050465946FAF70CFA06460F460C9B43B10D
:102B60000022794B30463946FAF74AFB002840F0FC
:102B700020834046FAF76CF832463B46FAF7CEF827
:102B8000724B0022F9F718FF069B0446A1F150751D
:102B9000002B00F0DF81049BDDF818801193099B66
:102BA000002B00F09782664B694903EBC80353E999
:102BB00002230020FAF7DCF922462B46F9F7FAFE49
:102BC00082468B4630463946FAF758FB0446FAF7F8
:102BD0003FF802460B4630463946F9F7EBFE3034F3
:102BE000079DE4B206460F462C7002460B4650463F
:102BF00059460135FAF722FB00284CD132463B46B4
:102C000000205149F9F7D6FE02460B465046594678
:102C1000FAF714FB002840F00D83B8F1010F40F3E0
:102C2000B381079B98440DE000204749F9F7C2FEA5
:102C300052465B46FAF7E4FA002840F0FB8245452D
:102C400000F0A281504659460022424BFAF766F83E
:102C50000022404B82468B4630463946FAF75EF8F2
:102C60000F460646FAF70AFB0446F9F7F1FF02465B
:102C70000B4630463946F9F79DFE3034E4B25246F1
:102C80005B4605F8014B06460F46FAF7B9FA32469D
:102C90003B460028C8D0119B0493C4E50023099348
:102CA000219B002B40F389811E461C460D93069301
:102CB000FDE601230993F3E708940A9A0899484628
:102CC00001F008FA044611E6069B002B3FF7FCAC26
:102CD00040F0DA820022204BDDE90201FAF71EF80B
:102CE00052465B46FAF7A0FADDF8188046460028FF
:102CF00000F0F280219B079DDB4304934146484648
:102D000001F062F8002E3FF48EAD8DE6109A002A95
:102D100000F0418203F233430A9F059DABE51C207E
:102D2000059B03440593029B0344054402930EE66E
:102D3000209B012B40F382820B9F0120F3E500BF13
:102D400088610100606201000000F03F00001C404B
:102D50000000E03F00002440000014403146002302
:102D60000A22484601F03AF80D9B002B064640F334
:102D700097820693002D05DD31462A46484601F02C
:102D8000F9F90646002F40F07C810596069B079ACC
:102D9000DDF814B0013BD31808930AF0010309933E
:102DA0001746C24651462046FFF7DEFA3146054631
:102DB000204601F037FA5A4602905146484601F043
:102DC00051FAC268804605F13003002A49D1014614
:102DD0002046069301F026FA41460590484600F049
:102DE000F3FF059A069B2AB9209919B90999002978
:102DF00000F0368202990029C0F2E48005D12099C2
:102E000019B90999002900F0DD80002A00F34D81ED
:102E1000089A3B7007F101089742454600F054813B
:102E2000214600230A22484600F0D8FF5E450446AA
:102E300031464FF000034FF00A0248460BD000F035
:102E4000CDFF5946064600230A22484600F0C6FF39
:102E500047468346A6E700F0C1FF4746064683463D
:102E6000A0E701464846059300F0AEFF0122059B0E
:102E7000C0E74146204601F0D5F90028BFF67DADF8
:102E80002146049C0023013C0A224846049400F099
:102E9000A5FF099B0446002B7FF460AF0D9B002B20
:102EA00040F3F681069370E5089C1FE5209B022BFA
:102EB0007FF767AD069B002B40F0798141460522E4
:102EC000484600F08BFF01468046204601F0AAF9F3
:102ED000002808947FF70EAF049A07993123013236
:102EE00004920B704D1C09E7049A01320492079A70
:102EF0003123137088E501230993CDE5DDF81490A3
:102F000091E4BAF1000F7FF404ADCBF31303002B6F
:102F100040F03F812BF000473F0D3F0537B1059B47
:102F200001330593029B0133029301270B9B012080
:102F3000002B3FF4F8ACEDE44046F9F789FE324649
:102F40003B46F9F7EBFE0022BF4BF9F735FD04468F
:102F5000A1F15075304639460022BC4BF9F72AFDE5
:102F600022462B4606460F46FAF768F980460028A7
:102F700040F00581224605F1004330463946FAF714
:102F80003FF908B14646B5E6DDE90EABFFF789BB70
:102F90000798FFF7AEBA0A9B0B9A0A97FB1A1A44D6
:102FA0000B92002761E4DDE90EAB4FF00208BBE5B0
:102FB0001C460021C9F844108AE5012421940D948F
:102FC0000694F6E7002AD046CDF814B09A4611DDF3
:102FD00021460122484601F0CDF84146044601F061
:102FE00021F9002840F34981BAF1390F00F0068138
:102FF00005F1310AB34687F800A07D1C059E0894B0
:1030000002E504D11AF0010F01D0EDE4154615F8E0
:10301000013C302B05F1FF32F8D0F5E4049B5C4213
:10302000002C00F0BF808A4B04F00F0203EBC203B8
:10303000D3E90023DDE90E01F9F770FE24110646FD
:103040000F4600F02A81834D4FF00208E20709D5B0
:1030500030463946D5E90023F9F760FE08F101084A
:1030600006460F46641005F10805EFD176E507998D
:1030700030220A70049A15F8014C01320492FFF7CD
:10308000D0BB7168484600F079FE33699A1C05464A
:10309000920006F10C010C30F7F702FA29460122E2
:1030A000484601F067F8059070E6392BCDF814B06A
:1030B000D04600F0A38003F1010AB34687F800A0D0
:1030C0007D1C059E08949FE45A46D046B3469A4616
:1030D00016467DE45E4908F1FF3A01EBCA0122463B
:1030E0002B46D1E90001F9F719FECDE91201394665
:1030F0003046FAF7C3F80446F9F7AAFD02460B4634
:1031000030463946F9F756FC079A3034B8F1010FCA
:1031100006460F46147002F101051ED0079B03EB13
:10312000080BA84600224C4B30463946F9F7F6FD0D
:103130000F460646FAF7A2F80446F9F789FD30343F
:1031400002460B4630463946F9F734FC08F8014B85
:10315000C34506460F46E5D1554400223F4BDDE905
:103160001201F9F729FC32463B46FAF749F80028E4
:103170004CD0119B049315F8014CFFF746BB4FF060
:1031800000084646A8E6059B069A9D1A0023FFF70D
:1031900072BB0027CAE6149B0A9F059DC3F1360344
:1031A000FFF769BBDDE90E674FF00208D6E408942B
:1031B000A0E5069B002B3FF4BFAE0D9B002B7FF7D5
:1031C000E3AE0022244B30463946F9F7A7FD064608
:1031D0000F4608F10100F9F73BFD32463B46F9F78F
:1031E0009DFD0022184BF9F7E7FB049ADDF83480C7
:1031F000013A0446A1F150751192D0E43922B34648
:103200000894059E3A707D1CFFF7F0BBDDE91223A0
:1032100000201249F9F7CEFB32463B46FAF70EF88A
:1032200008B9B1E6154615F8013C302B05F1FF321F
:10323000F8D030E5119B0493FFF7E7BABAF1000F1D
:103240007FF47AAD61E600BF00001C40000014402E
:103250008861010060620100000024400000E03F3E
:10326000392BCDF814B0D046DDF808B09A46C5D059
:10327000BBF1000F3FF7BCAEBCE67FF4BBAE1AF06B
:10328000010F3FF4B7AEAFE64FF00008464631E518
:10329000209B022B21DC0D9B04E64FF002085DE42D
:1032A000209B022B19DC0D9B63E50024C9F84440E8
:1032B0002146484600F062FD4FF0FF3306930D9320
:1032C000012307902194C9F840000993FFF7E9B959
:1032D0003FF43DABC0F13C0022E50D9B0693E9E5D0
:1032E0000125FFF7A8B900BF38B5074D074C2C1BC7
:1032F000A41005D0013C55F8043D9847002CF9D1A5
:10330000BDE8384002F0E2BF00000000000000000D
:10331000F8B5234F0C460646FBF78EF9BB685D688F
:1033200025F00305291B01F6EF7121F47F6121F0DF
:103330000F01A1F58054B4F5805F07DB0021304612
:10334000FBF76EFBBB682B44984204D03046FBF77A
:1033500075F90020F8BD61423046FBF761FB013092
:103360000DD0104BBA6819682D1B45F00105304689
:10337000091B55601960FBF761F90120F8BD0021B8
:103380003046FBF74DFBBA68831A0F2BDEDD064C87
:103390000449246843F00103001B53600860D5E72B
:1033A0007806002040580020840A0020002945D0DB
:1033B0002DE9F0410D468046FBF73EF955F8047CB7
:1033C0006A4927F00103A5F10804E2188E685068E5
:1033D000B24220F0030062D0FE0750600BD455F8D3
:1033E000087CE41B01F1080EA56875453B446FD0CD
:1033F000E768EF60BD6015186D68ED0742D543F0D2
:1034000001026260E350B3F5007F18D2DB085A1C5A
:103410004D6851F83270A76001209B1000FA03F349
:1034200001EBC2001D430838E0604D6041F83240B6
:10343000FC604046BDE8F041FBF700B970475A0A0E
:10344000042A53D89A0902F139077F0002F138059E
:1034500001EB870051F827204449083890424DD0AD
:10346000516821F003018B4202D292689042F7D159
:10347000D068E060A2608460D4604046BDE8F0415E
:10348000FBF7DCB895683A4FBD4203443FD0D068A3
:10349000E86043F0010285606260E350B3E7FF0734
:1034A000034407D455F8082CA41A1344A068E26812
:1034B000C26090602F4A126843F00100934260603E
:1034C0008C60B6D32C4B40461968FFF721FFB0E75C
:1034D00011184968C90744D49168D268CA60034486
:1034E00043F0010091606060E350A2E7142A17D80E
:1034F00002F15C077F0002F15B05A9E7AA104B68A7
:10350000012505FA02F213434B600246B1E743F08E
:1035100001024C610C61E560A5606260E35088E7E0
:10352000542A06D81A0B02F16F077F0002F16E05CC
:103530008EE7B2F5AA7F06D8DA0B02F178077F0092
:1035400002F1770584E740F25450824206D89A0C83
:1035500002F17D077F0002F17C0579E7FE277E25D9
:1035600076E743F001026260E35062E778060020EC
:1035700080060020800A00203C58002002694B1180
:1035800093422EDAF0B511F01F0100F1140606EB9C
:10359000820206EB830E29D056F823300EF1040583
:1035A000AA4223FA01F4C1F1200C39D900F1100725
:1035B0002B6803FA0CF3234347F8043F55F8043B08
:1035C000AA4223FA01F4F3D8CEEB0202053A22F024
:1035D000030204323244146004B10432931B9B1082
:1035E00016E000230361002343617047724512D93E
:1035F00000F11004714651F8045B44F8045F8A42FC
:10360000F9D86FEA0E03134423F0030304339B102D
:10361000036113B1F0BD0023036100234361F0BDDA
:103620003246D8E72DE9F04F8BB0894605901698C1
:103630000392089300F064FB0368029318461C464B
:10364000FBF75EFAD9F8003000909A782118302AFA
:1036500011F801BC40F0A98103334FF000081C466B
:1036600013F8012B302A08F10108F8D0B24EB35CF0
:10367000002B00F0F08023784FF0000AF35C5546F1
:10368000274623B117F8013FF35C002BFAD1009ACB
:1036900002993846FBF7A2FA002800F092803B78A6
:1036A000002D00F07181ED1BAA000192502B00F05B
:1036B0009180702B00F08E803D46C9F80070BAF101
:1036C000000F40F0B7802B1B013B072B514604DD58
:1036D0005B10072B01F10101FADC059800F04EFBAD
:1036E00003461433A5420490079340F2D3819946D0
:1036F000009B4FF00008C3F10103474606930FE01B
:10370000202F00F09F803A46043715F8013CF35C07
:10371000554603F00F039340A54248EA030815D924
:1037200015F8013C5B4505F1FF3AE9D1069B53448E
:10373000A342E5D31846009A02990993FBF74EFA83
:10374000099B0028DCD11D46A542E9D849F8048B25
:10375000079B049AC3EB09094FEAA903136140468A
:103760004FEA431900F0C6FB039B1E68C0EB09003B
:10377000B04200F3E380C0F209810027039B019A65
:103780009B689A4200F39780039801994368994295
:1037900080F2B5805D1AAE4200F30F81C268022A42
:1037A00000F07F81032A00F05C81012A00F07D8116
:1037B0000598049900F008FB149A00231360502028
:1037C0003DE0002D00F019813B786CE70023019368
:1037D0004FF0010A7B782B2B00F0AC802D2B75D09D
:1037E000791C0025F35C54485A1E182A3FF664AF32
:1037F0004A78825C501E1828A3F1100301F10101E0
:103800000BD811F8010F03EB830302EB4303325C87
:10381000501E1828A3F11003F3D905B15B42019A99
:103820003D461A440F460192C9F80070BAF1000FE4
:103830003FF449AFB8F1000F0CBF062000200BB0D9
:10384000BDE8F08FC9F800804FF0000809F10409C5
:103850004246042759E7009D02992A462046FBF775
:10386000BDF9002836D023782746502BAED0702BD8
:10387000ACD0C9F80070DDE7049B9B689F4280F2E2
:1038800034813B46049800EB830201210133022C72
:103890000361516100F018819F4280F2DB800121B9
:1038A0000498FFF76BFE039B019A9B6801329A42D2
:1038B000019240F3D2800598049900F085FA149A99
:1038C0000023A32013600BB0BDE8F08F0125BB7867
:1038D000B91C87E7625DB35C6719002B69D0302A99
:1038E0003C4604D114F8013F302BFBD0F35CB3FA13
:1038F00083FA3D464FEA5A1A4FF00108C0E6012408
:1039000067B1039BDB68022B00F08580032B00F07E
:103910008680012B00F0B58044F01004149B1A46F9
:10392000049B1360089B1A46019B136020460BB052
:10393000BDE8F08F0025CAE788600100841B21469E
:10394000049800F04FFE002835D0621E51110798F0
:1039500002F01F0350F82110012707FA03F30B426E
:103960000AD0BA4240F39B80A11E049800F03AFEB0
:10397000002800F094800327019B049823442146EB
:103980000193FFF7FBFDF9E601958FE6341A0499E0
:103990000598224600F0EEFB019B04901B1B01934F
:1039A0000346143307930027E8E69C1C4FF00008F9
:1039B0005CE6134659E70746DEE76C1E002F4ED142
:1039C00024B12146049800F00DFE07466311079AC2
:1039D000049852F8232004F01F04012303FA04F48E
:1039E0001442294618BF47F00207FFF7C7FD039BA3
:1039F0005B680193761B022482E700997B5CF25C92
:103A00007D182F46002A3FF44EAE17F8013FF25CB6
:103A1000002AFAD147E6159BC3F101031593159BC4
:103A2000002B3FF479AF049B079D1F694FEA87087D
:103A300005EB08002B46002104E043F8041B9842E4
:103A40007FF61AAF1A68B2F1FF3FF6D00132022CAE
:103A50001A6039D016F01F063DD121245EE70127F8
:103A6000B4E7159A002A3FF4A3AE08990B60079BB0
:103A7000049901220A611A60149B1A46622011609F
:103A8000DDE6BA077FF548AF079B1B683B43DB07C2
:103A9000C9D441E7DDF81C904FF0000856E6022734
:103AA0006AE7159A002AE0D082E6AE427FF480AE43
:103AB000012EDADD711E049800F094FD00283FF419
:103AC00077AE039B5B68D0E7039B1B68013B9E427C
:103AD00024D0222422E74544C6F1200655F8040CE0
:103AE00000F008FAB042B8DAD9E6049BDDF8149089
:103AF00059684846013100F041F904990B699A1C54
:103B0000054692000C310C30F6F7CAFC0499484681
:103B100000F05AF904952B691435B3E6731106F0D9
:103B20001F0655F823200123B340134214BF21245C
:103B30002224F3E630B4046808E014F8013FA3F14E
:103B40004105192D98BF2033934208D111F8012B5C
:103B5000002AF2D101340460012030BC70470020FB
:103B600030BC70472DE9F04F0B68DFF8749185B0D9
:103B7000591102EB810113F01F0301911CBF0431A5
:103B80000191019C029003930023194644F8043CE0
:103B90009A469E46029BA4F1040C1D68E0466046CE
:103BA00015F8013F23B319F80340002C43D1202B13
:103BB0005DD8D645F4DD404513D2072911DCC1F1AB
:103BC000080189000668C1F1200B03465F6807FA07
:103BD0000BF4344327FA01F61C6043F8046F984550
:103BE000F4D890423AD815F8013F0821002BDAD1D9
:103BF000BEF1000F3DD0404501D207295CDD904267
:103C00003BD9134650F8041B43F8041B8445F9D2F2
:103C1000002143F8041B9C45FBD2019B53F8043C54
:103C20002BB962453AD05CF8043D002BF9D0052051
:103C300005B0BDE8F08F013108290EF1010E06DD57
:103C40009042ADD9002340F8043C012104380368B8
:103C500004F00F0444EA03140460A1E70023A0F178
:103C6000040840F8043CF2464046194698E7292BE0
:103C70001BD0042005B0BDE8F08F039B002BCCD0F7
:103C8000019C039B54F8041CC3F120034FF0FF3048
:103C900020FA03F30B4044F8043CC1E7012305205C
:103CA000CCF8003005B0BDE8F08F029B01351D60F7
:103CB000BEF1000F9FD1DCE7C1F108039B0005684E
:103CC000C3F1200701464E6806FA07F42C4326FA92
:103CD00003F50C6041F8045F8845F4D88FE700BF16
:103CE00088600100FF2801D90020704710B5044604
:103CF000FAF78EF82044407800F00800C0B210BDFA
:103D0000F0307047044A054B1268506B002808BF1A
:103D10001846F030704700BF080500200C05002051
:103D2000F0B583B00746089D92B1114C114E24683E
:103D3000646B0095002C08BF3446D4F8E440A047DB
:103D4000431C03D100228A232A603B6003B0F0BDEC
:103D5000074B08491B685B6B0095002B08BF0B469F
:103D600014462146044AD3F8E4400123A047E7E77C
:103D7000080500200C050020AC520100C36C70B592
:103D800005460C464BB153F8240080B1026843F855
:103D9000242000230361C36070BD2122042101F0AF
:103DA000D1F8E86403460028EDD1002070BD012160
:103DB00001FA04F6721D2846920001F0C3F80028AB
:103DC000F3D044608660E4E731B1C36C4A6853F8CD
:103DD0002200086043F82210704700BFF0B50C695C
:103DE00083B00D46064601F1140E0027DEF80000F0
:103DF00081B202FB01310B0C000C02FB003389B2D3
:103E0000013701EB0341BC424EF8041B4FEA134358
:103E1000ECDC3BB1AA68944207DA05EB840201347A
:103E200053612C61284603B0F0BD696801930131EC
:103E30003046FFF7A3FF2A69023205F10C0107465D
:103E400092000C30F6F72CFBF26C6968019B52F87B
:103E50002100286042F821503D46DEE72DE9F84375
:103E6000234C089D1F46083384FB034EDB17C3EB2E
:103E70006E0EBEF1010F06460C46904635DD01235D
:103E800000215B009E4501F10101FADC3046FFF79D
:103E900075FF0123B8F1090F4561036121DD04F1CC
:103EA00009094D46444415F8013B0146303B0A22BE
:103EB0003046FFF793FFA542F5D109EB0804083C13
:103EC00047450CDDC8EB0707274414F8013B0146C2
:103ED000303B0A223046FFF781FFA742F5D1BDE80B
:103EE000F8830A344FF00908EAE70021CEE700BF63
:103EF000398EE338030C1B04B3B90004102310F00F
:103F00007F4F04BF0002083310F0704F04BF000160
:103F1000043310F0404F04BF80000233002807DB59
:103F2000420003D4202070470023E8E7581C704764
:103F300018467047036813F0070207D0D90720D44A
:103F40009A0720D49B0803600220704799B209B9F0
:103F50001B0C102213F0FF0F04BF1B0A08321907B5
:103F600004BF1B090432990704BF9B080232D9071A
:103F700004D45B0801D12020704701320360104651
:103F80007047002070475B0803600120704700BF46
:103F900010B50C460121FFF7F1FE012244610261D8
:103FA00010BD00BF2DE9F04F0D691769BD4283B008
:103FB0000C46164604DA2A4634463D460E46174657
:103FC000A368616805EB07089845C8BF0131FFF792
:103FD000D5FE00F1140C0CEB8809CC45009005D2FD
:103FE0006346002143F8041B9945FBD806F11402EF
:103FF00002EB870A04F11403524503EB850E54D2F9
:10400000CDF80490994652F8043B1FFA83FBBBF1AC
:10401000000F20D000204F466646054600E01E46B1
:1040200057F8044B3068A1B283B20BFB0131240C6A
:10403000000C4B190BFB040000EB134099B2334604
:1040400041EA0041BE454FEA104543F8041BE6D85B
:10405000756052F8043C5FEA134B20D0DCF8003066
:10406000674618464D46002100E037462C88000C74
:104070000BFB040001449CB23E4644EA014346F86F
:10408000043B786855F8044B83B2240C0BFB0434D2
:1040900004EB1143AE454FEA1341E6D87B609245ED
:1040A0000CF1040CAFD8DDF80490B8F1000F0BDD73
:1040B00059F8043CA9F104091BB105E059F8043D85
:1040C00013B9B8F10108F9D10098C0F8108003B015
:1040D000BDE8F08F12F003032DE9F04114460746C6
:1040E0002ED10E46A4101CD0BD6C95B3E3074FF043
:1040F000000806D4641014D02868A8B10546E30768
:10410000F8D52A4631463846FFF74CFFB6B17268FB
:10411000FB6C641053F82210316043F822600646AD
:10412000EAD13046BDE8F0812A4629463846FFF7F5
:1041300039FF2860C0F800800546E0E70646D9E769
:104140005A1E0B4D002355F82220FFF747FE064666
:10415000C8E701213846FFF711FE40F27121012224
:104160000023416102610546B8640360BEE700BFF9
:10417000506201002DE9F04791460A698B684FEAC9
:10418000691404EB020808F101059D420E468246BF
:10419000496804DD5B009D4201F10101FADC5046F3
:1041A000FFF7ECFD002C00F1140238DD02EB840374
:1041B000002142F8041B9342FBD1346906F114013B
:1041C00019F01F0901EB840E21D0C9F1200200244F
:1041D0000F6807FA09FC4CEA04049C4643F8044BB8
:1041E00051F8044B8E4524FA02F4F1D8CCF804407F
:1041F0000CB108F10205DAF84C307268013D53F851
:1042000022100561316043F82260BDE8F087043B6D
:1042100051F8042B43F8042F8E45F9D8EBE71346E9
:10422000CBE700BF02690B69D21A12D19B00143090
:104230001431194410B4034401E098420BD253F8EE
:10424000044D51F8042D9442F7D007D3012010BC3F
:10425000704710467047002010BC70474FF0FF3089
:10426000F5E700BF2DE9F8430B690F4611695B1AAA
:10427000002B904617D1890007F1140208F11405AC
:104280005318294401E09A425ED253F8046D51F864
:10429000044DA642F7D060D23B46144647464FF045
:1042A0000109984606E05DDB07F1140502F11404EC
:1042B0004FF000097968FFF761FDD8F810303E69CA
:1042C000C0F80C9004EB830CA64605EB860700F1C2
:1042D000140400235EF8041B55F8048B8AB213FA09
:1042E00088F3090C9A1AC1EB184303EB224392B2EC
:1042F00042EA0342F44544F8042B4FEA2343E9D849
:10430000AF4217D9A446294651F804EB13FA8EF2AE
:10431000131403EB1E4392B242EA03428F424CF85D
:10432000042B4FEA2343EFD8ED433D4425F003052A
:1043300004352C44043C22B954F8043D013E002BC2
:10434000FAD00661BDE8F8830021FFF717FD0122CE
:10435000002302614361BDE8F8832C464FF0000959
:104360001546A7E73B4607F1140408F11405474634
:104370004FF0010998469DE70F4B0B40A3F1507396
:10438000002B02DD0020194670475B421B15132BE2
:104390000BDD143B1E2BDDBFC3F11F03012202FA0C
:1043A00003F301230021184670474FF40022002038
:1043B00042FA03F1704700BF0000F07F2DE9F041A1
:1043C000066900F1140808EB860656F8047C3846A6
:1043D000FFF790FDC0F120030A280B60A6F104034B
:1043E0001ADC984538BF56F8083CC0F10B0227FA92
:1043F00002F138BF23FA02F200F1150341F07F55B4
:1044000028BF002207FA03F345F4401543EA0204EB
:1044100020462946BDE8F081984520D2B0F10B0234
:1044200056F8081C1ED007FA02F040F07F50C2F187
:104430002007A6F1080340F4401021FA07FE984532
:1044400040EA0E0520D256F80C3C01FA02F023FA9D
:1044500007F20243144620462946BDE8F0810B3896
:1044600009D1014647F07F550C4645F440152046DA
:104470002946BDE8F08107FA00F040F07F550022A0
:1044800045F440151446E6E701FA02F21446E2E765
:104490002DE9F04182B001211C46C3F30A571546AD
:1044A000089EFFF76BFCC4F3130480460FB144F47D
:1044B000801401941DB302A840F8085DFFF73AFD8F
:1044C000002834D19DE80C00C8F81420002B0CBF44
:1044D00001210221C8F81830C8F81010DFB908EB24
:1044E0008103A0F2324030601869FFF703FD099B99
:1044F000C0EB41101860404602B0BDE8F08101A851
:10450000FFF718FD019BC8F8143001212030C8F8CE
:104510001010002FE3D0099BA7F233470744C0F1E6
:10452000350037601860404602B0BDE8F0819DE874
:104530000C00C0F1200103FA01F10A43C3400193CA
:10454000C8F81420C2E700BF2DE9F04383B00E463F
:1045500069460746FFF732FF04460D46304601A97B
:10456000FFF72CFF89469DE80A003A693669C91AA7
:10457000961B01EB4613002B80460BDD05EB035128
:104580000D4642464B4620462946F8F7F1FC03B05B
:10459000BDE8F083A9EB0357B946F2E770B414699C
:1045A00002F1140301394E1103EB84040136A342D6
:1045B00000EB86060CD2011F53F8045B41F8045F40
:1045C0009C42F9D8A31A153B23F003030433184483
:1045D000864204D9002340F8043B8642FBD870BCD5
:1045E000704700BF03694A11934210B400F11404EC
:1045F0000FDA04EB83039C421FD253F8040C043BF4
:1046000018B114E053F8042D8AB99C42FAD310BCB7
:1046100070470FDD11F01F010CD054F8220020FA72
:1046200001F303FA01F1884204EB8203E3D0012095
:1046300010BC704704EB8203DDE70020E7E700BF12
:1046400070B40D785E2D2FD0002201311646431E26
:1046500000F1FF0403F8012FA342FBD185B186F0DE
:10466000010242554C1C14F8013C2D2B0ED05D2B41
:1046700009D013B11D462146F3E7084670BC7047C8
:10468000481E70BC7047204670BC70474E785D2E47
:10469000F0D0B542EEDC023143190135AE4203F8E9
:1046A000012FFADC0234DEE701224D781646023192
:1046B000CDE700BF004870470000C07F2DE9F04FF4
:1046C00085B09A460291039001920F460E9E00E03B
:1046D0002F463D46304615F8014BF9F795FB20442F
:1046E000437803F0080303F0FF02002BF0D12D2CD8
:1046F00000F083802B2C08BF7C78009208BFBD1C83
:10470000BAF1000F0CD0BAF1100F00F09580009BA9
:104710005646F7176BB94FF0FF386FF000490CE0C1
:10472000302C7FD00A2600274FF00A0A009B002B6E
:10473000F1D04FF000084FF0004932463B4640466A
:104740004946F9F74DF93B469346404632464946BD
:10475000F9F746F94FF0000E002200230FE045D094
:1047600002FB07F406FB0344A2FB0623234412EBDF
:104770000C0243EBEC734FF0010E15F8014BA4F162
:10478000300CBCF1090F06D9A4F1410CBCF1190F92
:104790000DD8A4F1370CE24512DDBEF1FF3FECD09D
:1047A000994208BF9042DAD24FF0FF3EE5E7A4F10C
:1047B000610CBCF1190F03D8A4F1570CE245ECDCF5
:1047C000BEF1FF3F1ED0009911B1524263EB43038B
:1047D0000199002942D0BEF1000F1FD1029D104661
:1047E0001946019B1D6005B0BDE8F08FE345B7DABF
:1047F00002460B464FF0FF3EBFE70123BD1C7C780D
:1048000000937DE7009B2BBB4FF0FF306FF0004122
:10481000039A22231360019B13B9E4E7104619465B
:10482000013DDEE72B7803F0DF03582B0BD0082681
:1048300000274FF0080A79E7302C12D12B7803F0CB
:10484000DF03582B0DD16C781026002702354FF06E
:10485000100A6BE700204FF00041D9E710461946D7
:10486000C1E71026002761E730B5064C064D2468E5
:10487000646B83B0002C08BF2C460094FFF71EFF2A
:1048800003B030BD080500200C0500202DE9F84FCD
:10489000DDF828900E460746154698468B4600E000
:1048A000A3465C46484614F801ABF9F7ADFA50440C
:1048B000407800F0080000F0FF0C0028F0D15146CD
:1048C0002D2961D02B2904BF9BF801100BF10204A4
:1048D000B8F1000F0CD0B8F1100F5CD04FF0FF33DF
:1048E000B3FBF8F308FB03FA6FEA0A0AC14607E0D4
:1048F000302961D04FF00A083D4BC1464FF0050A00
:104900004FF0000E704606E02FD009FB00204FF05C
:10491000010E14F8011BA1F13002092A05D9A1F1F9
:104920004102192A0BD8A1F1370290450FDDBEF1E3
:10493000FF3FEED09842E7D94FF0FF3EE9E7A1F103
:104940006102192A03D8A1F157029045EFDCBEF1AC
:10495000FF3F11D0BCF1000F00D0404255B1BEF175
:10496000000F0DD12E60BDE8F88F5245CDDD4FF020
:10497000FF3ECEE7BDE8F88F22233B60704645B38B
:10498000661E2E60BDE8F88F0BF102049BF8011043
:104990004FF0010C9CE730291DD1237803F0DF0391
:1049A000582B1ED14FF010096178C8464FF00F0AFE
:1049B00002346FF07043A3E7237803F0DF03582B32
:1049C000F0D04FF00808C1464FF0070A6FF060437F
:1049D00096E7BDE8F88F4FF00F0A6FF07043C146BD
:1049E0008EE7C1464FF00F0A6FF0704388E700BFB3
:1049F0009999991930B5064C064D2468646B83B0BB
:104A0000002C08BF2C460094FFF740FF03B030BDD8
:104A1000080500200C0500202DE9F04F85B08B46DD
:104A2000029017461E4688460E9C00E0A846454662
:104A3000204615F8019BF9F7E7F94844437803F05D
:104A4000080303F0FF02002BF0D14C462D2C00F0A0
:104A50008C802B2C08BF98F80140019208BF08F108
:104A60000205DEB1102E00F087804FEAE67932466B
:104A70004B464FF0FF304FF0FF31F8F7B1FF3246B1
:104A800003908A464B464FF0FF304FF0FF31F8F766
:104A9000A7FFB0469646039A53460CE0302C00F030
:104AA0008180574B4FF0050E4FF099324FF00A08B6
:104AB0004FF000090A264FF0000C0020002112E000
:104AC000994208BF904240D000FB09F408FB014422
:104AD000A0FB0801214410EB0A0041EBEA714FF002
:104AE000010C15F8014BA4F1300ABAF1090F06D9EF
:104AF000A4F1410ABAF1190F0DD8A4F1370A5645AD
:104B000012DDBCF1FF3FECD08B4208BF8242D7D20E
:104B10004FF0FF3CE5E7A4F1610ABAF1190F03D8A1
:104B2000A4F1570A5645ECDCBCF1FF3F12D0019BC3
:104B300013B1404261EB410127B1BCF1000F12D12A
:104B40005D463D6005B0BDE8F08FF245BCDD4FF03D
:104B5000FF3CC6E7029A222313604FF0FF304FF06C
:104B6000FF31002FEED0013DEBE7012308F10205F4
:104B700098F80140019374E7302C24D12B7803F08E
:104B8000DF03582B2AD14FF0FF336C7803934FF09B
:104B90000F0E02356FF0704A4FF010084FF0000909
:104BA000102678E72B7803F0DF03582BEBD04FF07B
:104BB000070E4FF0FF326FF060434FF008084FF0E0
:104BC0000009082677E74FF00F0E4FF0FF326FF025
:104BD00070434FF010084FF000096CE74FF01008D9
:104BE0004FF0000942464B464FF0FF304FF0FF3187
:104BF000F8F7F6FE6FF0704396464FF0FF325AE733
:104C00009999991930B5064C064D2468646B83B0A8
:104C1000002C08BF2C460094FFF7FEFE03B030BD09
:104C2000080500200C0500202DE9F04F936883B0A3
:104C30009046002B72D083464FF000091668086832
:104C40008B680D464C46002C45D09C421F469A4628
:104C500046D3AB8913F4906F2DD06F69296907EBA8
:104C60004707C1EB000A07EBD777601C7F10504461
:104C7000B8423A4684BF07463A465B0533D51146EB
:104C80005846F9F7D7F8002837D0524629690190DD
:104C9000F5F706FCAA89019B22F4906242F080029B
:104CA000AA81CAEB070203EB0A006F612B6128603F
:104CB000AA602746A24652464946F9F70BFCD8F8A7
:104CC0000820AB682868DB1B5044141BAB602860CD
:104CD000C8F8084014B3D6F8009074680836B2E7F4
:104CE0002746A246E7E75846F9F7AAFC03460028FC
:104CF000D7D129695846FEF759FB0C23CBF8003071
:104D0000AB89002243F040034FF0FF30AB81C8F87D
:104D10000820C8F8042003B0BDE8F08F0020C8F8D0
:104D2000040003B0BDE8F08F4B1C70B51BD0938915
:104D3000146B23F020039381CDB2BCB114465268AA
:104D4000636B9A420E4609DA23685A1E226003F802
:104D5000016C636801336360284670BD214600F032
:104D600085F80028F0D04FF0FF35F5E7106913689B
:104D700028B1984203D213F8010C85420FD09363F7
:104D800013465668D66302F140040320506314634F
:104D900003F8421F012113605160284670BD51681D
:104DA000013B013113605160D6E700BF10B50C46DE
:104DB000096B69B104F14003994201D0FEF7F6FA9C
:104DC000E36B63600020206313B1A36B236010BD0D
:104DD000A3892269226043F020030022A38162603C
:104DE0004FF0FF3010BD00BF2DE9F04F83B002FB44
:104DF00003F901929A460C9CB9F1000F29D007469D
:104E00000E464D464FF000080FE02168F5F748FBCD
:104E10002268C4F804805A442260214638465E4421
:104E2000CBEB0505FFF7C2FFB8B9D4F804B05D4578
:104E300030465A46E9D82A462168F5F731FB6268C0
:104E40002368521B2B4450466260236003B0BDE8C8
:104E5000F08F484603B0BDE8F08F019BC5EB090910
:104E6000B9FBF3F003B0BDE8F08F00BF01F14003E0
:104E70002DE9F0410C46096B994214D0666B77001E
:104E80003A46F9F7DDFB054640B300EB060832462B
:104E900040462946F5F704FBC4F8008025636763A4
:104EA0000020BDE8F0814FF48061F8F7C3FFA8B19E
:104EB00094F8423020634FF48062626380F8FF33DD
:104EC00094F8413080F8FE3394F8403080F8FD3398
:104ED00000F2FD3020600020BDE8F0814FF0FF308F
:104EE000BDE8F08170B515469AB0146809B1002C80
:104EF0001AD100244FF42272ADF80C2000940494CF
:104F00001A464FF6FF761E9B029469460594ADF84B
:104F10000E60FAF7D9FE002811DB009B2860002202
:104F20001A7004981AB070BD4FF4C16200910491D8
:104F3000ADF80C20E4DA8B2303600020F2E70020B8
:104F4000F0E700BF10B502FB01F1F8F773FF04466C
:104F5000D8B150F8042C22F00302043A242A18D8BD
:104F6000132A14D900231B2A0360436016D9242A6C
:104F70008360C36011BF00F110020361436100F15F
:104F800018020023136053609360204610BD024650
:104F9000F7E70021F9F702FB204610BD00F10802F7
:104FA000EFE700BF000000000000000045AB00007C
:104FB0000000000000000000CD080000B90800005B
:104FC0006D04000055080000FD070000690800009E
:104FD000A10800000000000000000000CD08000053
:104FE000B90800006D04000055080000FD0700002E
:104FF00069080000A1080000000000000000000097
:10500000490600003D0C0000990600000000000069
:10501000000000005107000073746F705265636FE9
:105020007264696E67000000417564696F204D65A8
:105030006D6F7279204D61780000000046696C65E3
:10504000732070657220636172643A200000000072
:105050002564000073657475702E74787400000008
:10506000436F6D6D656E7420544D20002F2F00002E
:1050700073657475702E747874206E6F74206F7001
:10508000656E6564000000006E6F20736574757056
:105090002066696C65000000560000004D6F6E6F61
:1050A0000000000053746572656F000025642025C0
:1050B000643A202564202564202564202564202569
:1050C000642025640A0D0000536574206761696ED1
:1050D0003A000000436C6F636B2072656164206668
:1050E00061696C004E657720466F6C6465720000E4
:1050F0002F253034642D253032640000253034648F
:105100002530326425303264542530326425303203
:1051100064253032645F256C75256C755F25322EF1
:10512000316664425F25322E3166565F76657225A0
:10513000732E776176000000427566666572733A79
:105140002000000046253036642E7761760000008E
:1051500052494646000000005741564500000000F5
:10516000666D74200000000064617461000000003E
:1051700073746172745265636F7264696E67000064
:10518000517565756520426567696E004E657720CB
:105190006469656C2073746172743A004469656C6B
:1051A00020526563205365636F6E647300000000D6
:1051B00052656300536C70006B487A0064420000D3
:1051C000252E3066000000004C696D204200000072
:1051D000640000004C696D204D0000004400000098
:1051E0004E000000202000004E657874205374614A
:1051F00072740000436172643A0000005265636F8C
:1052000072642053746172742E0000004E65772022
:105210006469656C2073746F703A00004375727234
:10522000656E742054696D653A20000053746F7088
:105230002054696D653A20004E657874205374617E
:1052400072743A0053746F707065640053616665E0
:1052500020746F207475726E206F66660000000007
:10526000417564696F204D656D3A2000536E6F6F14
:105270007A65204848204D4D2053532000000000FF
:1052800073657474696E677300000000536E61701B
:10529000203400004361726420467265652F546FAC
:1052A00074616C204D42000020202020000000008E
:1052B000766F6C467265653A00000000566F6C753B
:1052C0006D65204D42200000467265652073706157
:1052D000636520284D42293A200000002F0000007D
:1052E000556E61626C6520746F20616363657373D2
:1052F00020746865205344206361726400000000DC
:1053000043617264204661696C00000043757272EB
:10531000656E7420436172642000000046696C650C
:10532000204D42200000000046726565204D42205D
:105330000000000043757272656E742043617264F0
:105340002046696C657320005374617274696E67DE
:105350002E2E000050726573732055502B444E2042
:10536000746F2053746F70005265636F72643A00FB
:1053700073000000536C6565703A000052617465FB
:1053800000000000252E3166206B487A00000000E6
:105390004761696E3A000000596561723A00000089
:1053A0004D6F6E74683A00004461793A0000000065
:1053B000486F75723A0000004D696E7574653A0069
:1053C0005365636F6E643A0064656C61794461791A
:1053D000733A00004261745061636B733A000000DD
:1053E0004C6F6767657268656164000054696D653C
:1053F00020746F206669727374207265636F7264C3
:1054000020000000536C65657000000053746172E9
:105410007400000072656320647572200000000053
:1054200072656320696E742000000000537461721D
:10543000742054696D653A2000000000454E5445C3
:10544000523A5374617274205265636F7264696E6C
:105450006755502F444E3A7363726F6C6C206D65C4
:105460006E750000454E5445523A5365742052659E
:10547000636F7264204475720A55502F444E3A731C
:1054800063726F6C6C206D656E750000454E5445FF
:10549000523A53657420536C656570204475720AE6
:1054A00055502F444E3A7363726F6C6C206D656E6D
:1054B00075000000454E5445523A536574205361BF
:1054C0006D706C65205261746555502F444E3A736F
:1054D00063726F6C6C206D656E750000454E5445AF
:1054E000523A536574204761696E20286442290A44
:1054F00055502F444E3A7363726F6C6C206D656E1D
:1055000075000000454E5445523A5365742044617D
:1055100074652F54696D650A55502F444E3A736374
:10552000726F6C6C206D656E75000000454E5445C1
:10553000523A5365742023426174205061636B7347
:105540000A55502F444E3A7363726F6C6C206D6530
:105550006E750000454E5445523A536574204465BB
:105560006C61792053746172740A55502F444E3A1D
:105570007363726F6C6C206D656E75005265636F3E
:10558000726400004761696E0000000054696D6537
:1055900000000000426174746572790044656C61BA
:1055A0007900FFFF0000000000000000ED47000050
:1055B00099470000314900009D4700005D49000007
:1055C00000000000000000006D4A00000000000024
:1055D000000000009D4D00003D4E00006D040000E5
:1055E000D94D0000DD4D0000F14D0000194E0000C6
:1055F0000200030004000500060008000A000C0079
:10560000100014001800200028003800400060003E
:105610008000C00000018001000280020003FFFF43
:1056200000000080000001800000000000000280F7
:105630000000010001100000000002000110010044
:1056400003200000010002000320010004300000DC
:105650000320020003200300054000000540010074
:1056600006500000065001000760000007600100BE
:105670000870000007600200087001003C800440D0
:1056800000100000041A0000FF7F0000111000004D
:10569000F95500000C0800000002000000020000A4
:1056A0000B07000040020000000200000D0E000089
:1056B00040020000000200000A0209061417151635
:1056C0000F000000000200000002000000020000C5
:1056D00000020000000200000002000000020000C2
:1056E0000002000000020000010102020404080898
:1056F00010000000455846415400FFFF0000000024
:1057000000000000C59100006D910000F5920000BE
:105710000000000000000000459300002D930000F1
:10572000990600001F1C1F1E1F1E1F1F1E1F1E1F6D
:1057300000000000000000003D9A0000C9C2000007
:105740006D0400007104000045AB0000D996000014
:105750002598000045980000BD9700006198000062
:105760009D980000BD98000000000000003E5B4FC7
:105770005B3E3E6B4F6B3E1C3E7C3E1C183C7E3CB1
:10578000181C577D571C1C5E7F5E1C00183C1800BF
:10579000FFE7C3E7FF0018241800FFE7DBE7FF304F
:1057A000483A060E2629792926407F050507407FBD
:1057B00005253F5A3CE73C5A7F3E1C1C08081C1C30
:1057C0003E7F14227F22145F5F005F5F06097F0126
:1057D0007F006689956A606060606094A2FFA29411
:1057E00008047E040810207E201008082A1C0808DF
:1057F0001C2A08081E101010100C1E0C1E0C30382D
:105800003E3830060E3E0E06000000000000005F2D
:1058100000000007000700147F147F14242A7F2A49
:10582000122313086462364956205000080703000B
:10583000001C2241000041221C002A1C7F1C2A0857
:10584000083E0808008070300008080808080000BA
:1058500060600020100804023E5149453E00427F2E
:10586000400072494949462141494D331814127F7D
:105870001027454545393C4A49493141211109071D
:105880003649494936464949291E0000140000009E
:105890004034000000081422411414141414004170
:1058A00022140802015909063E415D594E7C12112D
:1058B000127C7F494949363E414141227F41414165
:1058C0003E7F494949417F090909013E41415173E0
:1058D0007F0808087F00417F41002040413F017F51
:1058E000081422417F404040407F021C027F7F0419
:1058F00008107F3E4141413E7F090909063E415162
:10590000215E7F09192946264949493203017F0151
:10591000033F4040403F1F2040201F3F4038403F52
:10592000631408146303047804036159494D430068
:105930007F4141410204081020004141417F04029F
:105940000102044040404040000307080020545436
:1059500078407F2844443838444444283844442814
:105960007F385454541800087E090218A4A49C7867
:105970007F0804047800447D40002040403D007FC3
:105980001028440000417F40007C047804787C08A3
:105990000404783844444438FC1824241818242477
:1059A00018FC7C08040408485454542404043F445C
:1059B000243C4040207C1C2040201C3C4030403C8B
:1059C00044281028444C9090907C4464544C4400EB
:1059D000083641000000770000004136080002014F
:1059E0000204023C2623263C1EA1A161123A40403B
:1059F000207A3854545559215555794122545478B8
:105A000042215554784020545579400C1E52721250
:105A100039555555593954545459395554545800D9
:105A200000457C410002457D420001457C407D12DD
:105A300011127DF0282528F07C545545002054543F
:105A40007C547C0A097F4932494949323A444444EA
:105A50003A324A4848303A4141217A3A4240207825
:105A6000009DA0A07D3D4242423D3D4040403D3C26
:105A700024FF2424487E4943662B2FFC2F2BFF094B
:105A800029F620C0887E090320545479410000443F
:105A90007D413048484A32384040227A007A0A0A2A
:105AA000727D0D19317D2629292F2826292929269D
:105AB00030484D4020380808080808080808382FE2
:105AC00010C8ACBA2F102834FA00007B000008146C
:105AD0002A142222142A14085500550055AA55AA42
:105AE00055AAFF55FF55FF000000FF00101010FFE2
:105AF00000141414FF001010FF00FF1010F010F03D
:105B0000141414FC001414F700FF0000FF00FF142D
:105B100014F404FC141417101F10101F101F141479
:105B2000141F00101010F0000000001F10101010C3
:105B30001F10101010F010000000FF1010101010B7
:105B400010101010FF10000000FF140000FF00FFF5
:105B500000001F10170000FC04F414141710171491
:105B600014F404F40000FF00F714141414141414B3
:105B7000F700F7141414171410101F101F14141426
:105B8000F4141010F010F000001F101F0000001F90
:105B900014000000FC140000F010F01010FF10FFC3
:105BA000141414FF141010101F00000000F010FF58
:105BB000FFFFFFFFF0F0F0F0F0FFFFFF000000003C
:105BC00000FFFF0F0F0F0F0F3844443844FC4A4AC0
:105BD0004A347E02020606027E027E026355494175
:105BE000633844443C04407E201E2006027E0202AC
:105BF00099A5E7A5991C2A492A1C4C7201724C30C0
:105C00004A4D4D303048784830BC625A463D3E4996
:105C10004949007E0101017E2A2A2A2A2A44445F3A
:105C2000444440514A444040444A51400000FF012E
:105C300003E080FF000008086B6B0836123624363C
:105C4000060F090F060000181800000010100030A1
:105C500040FF0101001F01011E00191D1712003C29
:105C60003C3C3C0000000000000000000000000080
:105C70003D9A0000C9C200006D04000071040000DC
:105C8000159F0000D9960000F99C0000E19A0000E1
:105C9000BD970000619800009D980000BD9800002D
:105CA000050E08090D0C06070F0400130393050EDB
:105CB00008090D0C06070F04FFFFC585848687C4FD
:105CC000FFFF001303931A9217FFFFFF6FF07F038C
:105CD0000370037813F0800FFBD070474008FE4339
:105CE00040A004404408FE4344A004400018FE4382
:105CF00000C004403000FE43309004403400FE43B6
:105D0000349004401C18FE431CC004401018FE438D
:105D100010C004400818FE4308C004400C18FE439D
:105D20000CC004400C10FE430CB004401010FE43A5
:105D300010B004401810FE4318B004401C10FE437D
:105D40001CB004401410FE4314B004400418FE4379
:105D500004C004400010FE4300B004400008FE43AD
:105D600000A004400408FE4304A004400C08FE43C5
:105D70000CA004400808FE4308A004401418FE4389
:105D800014C004401818FE4318C004400410FE4319
:105D900004B004400810FE4308B004401400FE4361
:105DA000149004404C08FE434CA004400420FE43E1
:105DB00004D004402410FE4324B004402010FE43CD
:105DC00020B004402810FE4328B004402C10FE43AD
:105DD0002CB004400020FE4300D004404808FE439D
:105DE00048A004401000FE43109004400D0AFFFF3D
:105DF0006E616E006F766600696E660000000000DE
:105E000000000000B9C50000B1C50000ADC500002C
:105E1000A9C50000A5C50000A1C500009DC50000E2
:105E200099C5000000151915000100003800002078
:105E30001200000000020000640000204300000087
:105E400000030000C000002000000000010309045E
:105E50004C0000200000000002030904A8000020FC
:105E60000000000003030904C4000020000000003B
:105E7000000000000000000000000000E000002022
:105E800043000000504F53495800FFFF6E6600006A
:105E9000696E697479000000616E00FF34000000D3
:105EA000CEFBFFFFCB03000001000000000000005C
:105EB000BC89D897B2D29C3C33A7A8D523F64939E0
:105EC0003DA7F444FD0FA5329D978CCF08BA5B2502
:105ED000436FAC642806681135000000CEFBFFFF5D
:105EE000CB03000001000000000000003030303023
:105EF000303030303030303030303030494E460085
:105F00004E414E0030313233343536373839414224
:105F100043444546000000003031323334353637D3
:105F2000383961626364656600000000286E756C34
:105F30006C2900003000FFFF20202020202020209E
:105F400020202020202020200A0001000200030041
:105F50000400050006000700080009000A000B0005
:105F60000C000D000E000F001000FFFF65256C6493
:105F700000FFFFFF002020202020202020202828B4
:105F800028282820202020202020202020202020F9
:105F90002020202020881010101010101010101039
:105FA0001010101010040404040404040404041069
:105FB00010101010101041414141414101010101F7
:105FC00001010101010101010101010101010101C1
:105FD00010101010101042424242424202020202CD
:105FE0000202020202020202020202020202020291
:105FF0001010101020000000000000000000000041
:106000000000000000000000000000000000000090
:106010000000000000000000000000000000000080
:106020000000000000000000000000000000000070
:106030000000000000000000000000000000000060
:106040000000000000000000000000000000000050
:106050000000000000000000000000000000000040
:106060000000000000000000000000000000000030
:106070000000000000FFFFFF496E66696E697479D9
:10608000000000004E614E00000000000000000013
:106090000000000000000000000000000000000000
:1060A00000000000000000000000000000000000F0
:1060B0000000000000000000101112131415161744
:1060C0001819000000000000001A1B1C1D1E1F00F4
:1060D00000000000000000000000000000000000C0
:1060E0000000000000000000001A1B1C1D1E1F0005
:1060F00000000000000000000000000000000000A0
:10610000000000000000000000000000000000008F
:10611000000000000000000000000000000000007F
:10612000000000000000000000000000000000006F
:10613000000000000000000000000000000000005F
:10614000000000000000000000000000000000004F
:10615000000000000000000000000000000000003F
:10616000000000000000000000000000000000002F
:10617000000000000000000000000000000000001F
:106180000000000000000000000000000000F03FE0
:106190000000000000002440000000000000594002
:1061A0000000000000408F40000000000088C34055
:1061B00000000000006AF8400000000080842E41CA
:1061C00000000000D01263410000000084D7974116
:1061D0000000000065CDCD41000000205FA002421C
:1061E000000000E876483742000000A2941A6D4291
:1061F000000040E59C30A2420000901EC4BCD64284
:1062000000003426F56B0C430080E03779C341432E
:1062100000A0D8855734764300C84E676DC1AB43A4
:10622000003D9160E458E143408CB5781DAF1544C2
:1062300050EFE2D6E41A4B4492D54D06CFF080449D
:10624000F64AE1C7022DB544B49DD9794378EA44B2
:1062500005000000190000007D000000FFFFFFFFA7
:106260000080E03779C34143176E05B5B5B8934652
:10627000F5F93FE9034F384D321D30F94877825A1E
:106280003CBF737FDD4F1575F8B500BFF8BC08BC87
:106290009E4670474923010035040000251D00007B
:1062A000C5490000E14B0000F94B0000114C000013
:1062B000254D00003D4D0000554D00006D4D000086
:0C62C000854D0000CD5300009DA400009F
:0462CC00F8B500BF62
:0862D000D066FF7F0100000011
:1062D80038B5084B1C681C6054B1074D94FAA4F3F8
:1062E800B3FA83F355F823309847631E1C40F5D161
:1062F80038BD00BFA0D004401800002038B5084BB6
:106308001C681C6054B1074D94FAA4F3B3FA83F3E4
:1063180055F823309847631E1C40F5D138BD00BF9F
:10632800A0C00440F8FFFF1F38B5084B1C681C606C
:1063380054B1074D94FAA4F3B3FA83F355F8233014
:106348009847631E1C40F5D138BD00BFA0B004407B
:10635800C8FFFF1F38B5084B1C681C6054B1074DB7
:1063680094FAA4F3B3FA83F355F823309847631EDD
:106378001C40F5D138BD00BFA0A0044078FFFF1F26
:1063880038B5084B1C681C6054B1074D94FAA4F347
:10639800B3FA83F355F823309847631E1C40F5D1B0
:1063A80038BD00BFA090044040FFFF1F0000000060
:1063B8000400000004000000CDCC4C4002000000A6
:1063C80000000C4200001442000018420000244261
:1063D80000002442000040420000804200008A423F
:1063E80000009E42342E303000000000401F0000A4
:1063F800803E0000007D000044AC000080BB00002F
:1064080000770100400D030090D00300E0930400E2
:106418000C5401007C550100045401007C53010018
:10642800845501008C550100945501009C550100CC
:10643800040000003C00000000803B470100000011
:106448003C0000000080BB463C00000000001042F9
:106458000000184200002C4200003C42000040426C
:10646800000078420000B4420000C8420000D64252
:10647800080000003C540100645401008C540100E1
:10648800B4540100DC540100045501002C550100EE
:10649800545501006800000000004842FFFF00005A
:1064A80000C002407C56010000000000000000000F
:1064B80000000000000000000000000000000000D4
:1064C80000000000000000000000000000000000C4
:1064D8000000000000000000000103070F1F3F7FBD
:1064E8000080C0E0F0F8FCFE0000000000000000A2
:1064F8000000000000000000000000000000000094
:106508000000000000000000000000000000000083
:106518000000000000000000000000000000000073
:1065280000000000000000808080000000000000E3
:106538000000000000000000008080C0C0000000D3
:106548000000000000000000000000000000000043
:106558000000000000000000000000000000000033
:106568000000000000000000000000000000000023
:1065780000000000000000000000000080C0E0F003
:10658800F8FCF8E000000000000000000000000037
:106598000000000000808080808000808000000073
:1065A80000808080808000FFFFFF00000000808066
:1065B800808000008080000080FFFF808000808055
:1065C80000808080800080800000000000808000C3
:1065D800008C8E84000080F8F8F88000000000002D
:1065E8000000000000000000F0F0F0F0F0F0F0F023
:1065F800F0F0F0F0E0E0C08000E0FCFEFFFFFF7F7D
:10660800FFFFFFFFFF000000000000000000000087
:10661800000000FEFFC70101010183FFFF00007CAD
:10662800FEC70101010183FFFFFF0038FEC7830198
:10663800010183C7FFFF000001FFFF010100FFFF09
:106648000701010100007FFF80000000FFFF7F00BD
:1066580000FFFFFF000001FFFFFF01000000000036
:106668000000000000000000030F3F7F7FFFFFFFD6
:10667800FFFFFFFFE7C7C78F8F9FBFFFFFC3C0F0B4
:10668800FFFFFFFFFFFCFCFCFCFCFCFCFCF8F8F047
:10669800F0E0C0000103030303030103030000004B
:1066A80000010303030301010301000000010303C8
:1066B80003030101030300000003030000000303B8
:1066C80000000000000000010303030303010000B1
:1066D80000010301000000030301000000000000A6
:1066E800000000000000000000000080C0E0F0F999
:1066F800FFFFFFFFFF3F1F0F87C7F7FFFF1F1F3D6C
:10670800FCF8F8F8F87C7DFFFFFFFFFFFFFFFF7F35
:106718003F0F0700303000000000000000000000BC
:10672800000000000000000000000000FEFEFC0069
:106738000000000000000000000000000000000051
:106748000000000000E0C0000000000000000000A1
:1067580000003030000000000000000000000000D1
:10676800000000000000000000C0FEFFFFFFFFFF68
:10677800FFFFFFFF7F7F3F1F0F071F7FFFFFF8F817
:10678800FFFFFFFFFFFEF8E000000001000000002F
:1067980000000000FEFE000000FCFEFC0C06060ED9
:1067A800FCF80000F0F81C0E0606060CFFFFFF00C0
:1067B80000FEFE00000000FCFEFC00183C7E66E6C1
:1067C800CE84000006FFFF0606FCFEFC0C0606064B
:1067D8000000FEFE0000C0F8FC4E4646464E7C789F
:1067E80040183C76E6CECC80000000000000000097
:1067F80000000000000000000000000001070F1F5B
:106808001F3F3F3F3F1F0F03000000000000000034
:10681800000000000F0F0000000F0F0F0000000025
:106828000F0F000003070E0C18180C060F0F0F00AF
:1068380000010F0E0C180C0F070100040E0C180CA9
:106848000F070000000F0F00000F0F0F00000000DF
:1068580000000F0F00000007070C0C181C0C0606A0
:1068680000040E0C180C0F070000000000000000C8
:106878000000000000000000000000000000000010
:106888000000000000000000000000000000000000
:1068980000000000000000000000000000000000F0
:1068A80000000000000000000000000000000000E0
:1068B80000000000000000000000000000000000D0
:1068C80000000000000000000000000000000000C0
:1068D80000000000000000000000000000000000B0
:1068E80000000000000000000A040000905800208A
:1068F80085AB000085AB000085AB000085AB0000D0
:1069080085AB000085AB000085AB000085AB0000BF
:1069180085AB000085AB000085AB000085AB0000AF
:1069280085AB000085AB000085AB000085AB00009F
:1069380085AB000085AB000085AB000085AB00008F
:1069480085AB000085AB000085AB000085AB00007F
:1069580085AB000085AB000085AB000085AB00006F
:1069680085AB000085AB000085AB000085AB00005F
:1069780085AB000085AB000085AB000085AB00004F
:1069880085AB000085AB000085AB000085AB00003F
:1069980085AB000085AB000085AB000085AB00002F
:1069A80085AB000085AB000085AB000085AB00001F
:1069B80085AB000085AB000085AB000085AB00000F
:1069C80085AB000085AB000085AB000085AB0000FF
:1069D800FFFFFFFF045E010000000000E803000065
:1069E8000000000001000000120110010200004038
:1069F800C016830475020102030100001803540045
:106A0800650065006E007300790064007500690018
:106A18006E006F0009024300020100C03209040041
:106A280000010202010005240010010524010101F2
:106A3800042402060524060001070582031000400D
:106A480009040100020A00000007050302400000D3
:106A58000705840240000000160355005300420059
:106A68002000530065007200690061006C0000009E
:106A7800040309040C0300000000000000000000EB
:106A880000000000000000000000010000000000FD
:106A980000000000CC030020340400209C040020E7
:106AA80000000000000000000000000000000000DE
:106AB80000000000000000000000000000000000CE
:106AC80000000000000000000000000000000000BE
:106AD80000000000000000000000000000000000AE
:106AE800000000000000000000000000000000009E
:106AF800000000000000000000000000000000008E
:106B0800000000000000000000000000000000007D
:106B1800000000000000000000000000000000006D
:106B2800000000000000000000000000000000005D
:106B3800000000000000000001000000000000004C
:106B48000E33CDAB34126DE6ECDE05000B00000011
:106B5800000000000000000000000000000000002D
:106B6800000000000000000000000000000000001D
:106B7800000000000000000000000000000000000D
:106B880000000000000000000000000000000000FD
:106B980000000000000000000000000000000000ED
:106BA80000000000000000000000000000000000DD
:106BB80000000000000000000000000000000000CD
:106BC80000000000000000000000000000000000BD
:106BD80000000000000000000000000000000000AD
:106BE800000000000000000000000000000000009D
:106BF800000000000000000000000000000000008D
:106C0800000000000000000000000000000000007C
:106C1800000000000000000000000000000000006C
:106C2800000000000000000000000000000000005C
:106C3800000000000000000000000000000000004C
:106C4800000000000000000000000000000000003C
:106C5800000000000000000000000000000000002C
:106C6800000000000000000000000000000000001C
:106C7800000000000000000000000000000000000C
:106C880000000000000000000000000000000000FC
:106C980000000000000000000000000000000000EC
:106CA80000000000000000000000000000000000DC
:106CB80000000000000000000000000000000000CC
:106CC80000000000000000000000000000000000BC
:106CD80000000000000000000000000000000000AC
:106CE800000000000000000000000000000000009C
:106CF800000000000000000000000000000000008C
:106D0800000000000000000000000000000000007B
:106D1800000000000000000000000000000000006B
:106D2800000000000000000000000000000000005B
:106D3800000000000000000000000000000000004B
:106D4800000000000000000000000000000000003B
:106D5800000000000000000000000000000000002B
:106D6800000000000000000000000000000000001B
:106D7800000000000000000000000000000000000B
:106D880000000000000000000000000000000000FB
:106D980000000000000000000000000000000000EB
:106DA80000000000000000000000000000000000DB
:106DB80000000000000000000000000000000000CB
:106DC80000000000000000000000000000000000BB
:106DD80000000000000000000000000000000000AB
:106DE800000000000000000000000000000000009B
:106DF800000000000000000000000000000000008B
:106E0800000000000000000000000000000000007A
:106E1800000000000000000000000000000000006A
:106E2800000000000000000000000000000000005A
:106E3800000000000000000000000000000000004A
:106E4800000000000000000000000000000000003A
:106E5800000000000000000000000000000000002A
:106E6800000000000000000000000000000000001A
:106E7800000000000000000000000000000000000A
:106E880000000000000000000000000000000000FA
:106E980000000000000000000000000000000000EA
:106EA80000000000000000000000000000000000DA
:106EB8000000000000000000E00000204300000087
:106EC80000000000000000000000000000000000BA
:106ED8000000000000000000000000004300000067
:106EE800000000000000000000000000000000009A
:106EF8000000000000000000000000004300000047
:106F08000000000000000000000000000000000079
:106F18000000000000000000000000004300000026
:106F28000000000000000000000000000000000059
:106F38000000000000000000000000004300000006
:106F48000000000000000000000000000000000039
:106F580000000000000000000000000043000000E6
:106F68000000000000000000000000000000000019
:106F780000000000000000000000000043000000C6
:106F880000000000000000000000000000000000F9
:106F98000000000000000000000000005D22010069
:106FA800A5E3000000000000745F01000852010022
:106FB800AC520100AC520100AC520100AC520100CD
:106FC800AC520100AC520100AC520100AC520100BD
:106FD800AC520100FFFFFFFFFFFFFFFFFFFFFFFFB6
:106FE800FFFF000001004153434949000000000031
:106FF8000000000000000000000000000000000089
:10700800000000000000415343494900000000000F
:107018000000000000000000000000000000000068
:107028000000000000000000000000000000000058
:1070380078060020780600208006002080060020C0
:107048008806002088060020900600209006002070
:107058009806002098060020A0060020A006002020
:10706800A8060020A8060020B0060020B0060020D0
:10707800B8060020B8060020C0060020C006002080
:10708800C8060020C8060020D0060020D006002030
:10709800D8060020D8060020E0060020E0060020E0
:1070A800E8060020E8060020F0060020F006002090
:1070B800F8060020F806002000070020000700203E
:1070C80008070020080700201007002010070020EC
:1070D800180700201807002020070020200700209C
:1070E800280700202807002030070020300700204C
:1070F80038070020380700204007002040070020FC
:1071080048070020480700205007002050070020AB
:10711800580700205807002060070020600700205B
:10712800680700206807002070070020700700200B
:1071380078070020780700208007002080070020BB
:10714800880700208807002090070020900700206B
:107158009807002098070020A0070020A00700201B
:10716800A8070020A8070020B0070020B0070020CB
:10717800B8070020B8070020C0070020C00700207B
:10718800C8070020C8070020D0070020D00700202B
:10719800D8070020D8070020E0070020E0070020DB
:1071A800E8070020E8070020F0070020F00700208B
:1071B800F8070020F8070020000800200008002039
:1071C80008080020080800201008002010080020E7
:1071D8001808002018080020200800202008002097
:1071E8002808002028080020300800203008002047
:1071F80038080020380800204008002040080020F7
:1072080048080020480800205008002050080020A6
:107218005808002058080020600800206008002056
:107228006808002068080020700800207008002006
:1072380078080020780800208008002080080020B6
:107248008808002088080020900800209008002066
:107258009808002098080020A0080020A008002016
:10726800A8080020A8080020B0080020B0080020C6
:10727800B8080020B8080020C0080020C008002076
:10728800C8080020C8080020D0080020D008002026
:10729800D8080020D8080020E0080020E0080020D6
:1072A800E8080020E8080020F0080020F008002086
:1072B800F8080020F8080020000900200009002034
:1072C80008090020080900201009002010090020E2
:1072D8001809002018090020200900202009002092
:1072E8002809002028090020300900203009002042
:1072F80038090020380900204009002040090020F2
:1073080048090020480900205009002050090020A1
:107318005809002058090020600900206009002051
:107328006809002068090020700900207009002001
:1073380078090020780900208009002080090020B1
:107348008809002088090020900900209009002061
:107358009809002098090020A0090020A009002011
:10736800A8090020A8090020B0090020B0090020C1
:10737800B8090020B8090020C0090020C009002071
:10738800C8090020C8090020D0090020D009002021
:10739800D8090020D8090020E0090020E0090020D1
:1073A800E8090020E8090020F0090020F009002081
:1073B800F8090020F8090020000A0020000A00202F
:1073C800080A0020080A0020100A0020100A0020DD
:1073D800180A0020180A0020200A0020200A00208D
:1073E800280A0020280A0020300A0020300A00203D
:1073F800380A0020380A0020400A0020400A0020ED
:10740800480A0020480A0020500A0020500A00209C
:10741800580A0020580A0020600A0020600A00204C
:10742800680A0020680A0020700A0020700A0020FC
:0874380000000200FFFFFFFF4E
:00000001FF
