:1000000000800020BD010000D5AA00008DAA0000DC
:100010008DAA00008DAA00008DAA00008DAA000004
:100020008DAA00008DAA00008DAA0000D5AA0000AC
:10003000D5AA00008DAA00007DC2000081C2000088
:10004000D5AA0000D5AA0000D5AA0000D5AA0000B4
:10005000D5AA0000D5AA0000D5AA0000D5AA0000A4
:10006000D5AA0000D5AA0000D5AA0000D5AA000094
:10007000D5AA0000D5AA0000D5AA0000D5AA000084
:10008000D5AA0000D5AA0000D5AA0000D5AA000074
:10009000D5AA0000D5AA0000D5AA0000D5AA000064
:1000A000FD4E0000D5AA0000D5AA0000D5AA000088
:1000B000D5AA0000D5AA0000D5AA0000D5AA000044
:1000C000D5AA0000D5AA0000D5AA0000D5AA000034
:1000D000D5AA0000D5AA0000D5AA0000D5AA000024
:1000E000D5AA0000D5AA0000D5AA0000D5AA000014
:1000F000D5AA0000D5AA0000D5AA0000D5AA000004
:10010000D5AA0000D5AA0000D5AA0000D5AA0000F3
:10011000D5AA0000D5AA0000D5AA0000D5AA0000E3
:10012000D5AA0000D5AA0000D5AA0000D5AA0000D3
:10013000D5AA0000D5AA0000D5AA0000D5AA0000C3
:10014000D5AA0000D5AA0000D5AA0000D5AA0000B3
:10015000D5AA0000D5AA0000D5AA0000D5AA0000A3
:10016000D5AA0000F5B00000D5AA0000D5AA00006D
:10017000D5AA0000D5AA0000D5AA0000D5AA000083
:10018000D5AA0000D5AA0000D5AA0000D5AA000073
:10019000D5AA0000D5AA0000D5AA0000D5AA000063
:1001A000D5AA0000D5AA0000D5AA0000D5AA000053
:1001B000D5AA0000D5AA000039C00000564B4CF269
:1001C000205210B51A804DF628121A8000BF00BFC9
:1001D00000F0FCFB514B4FF010621A60504A9A60DD
:1001E000504ADA60504A136813F4807304D14F49BF
:1001F0000B604FF4A85313604D4B1A78110703D5C9
:100200001A7842F008021A704A4B4B492A221A7097
:100210004A4A4B4B8B4204D252F8040F43F8040B6A
:10022000F8E7484B484900228B4202D243F8042B9E
:10023000FAE74649464A002352F8230041F82300D2
:1002400001336F2BF8D1434B434A802103F8011B44
:100250009342FBD1414B3D4A1A60414B8A221A70AE
:10026000A3F5805324225A70A0221A709A7992071B
:10027000FCD59A79D406FCD43A4A937903F00C035E
:10028000082B384BF9D103221A7140225A719A79FE
:100290009006FCD5334A9179324B4906FBD5324A58
:1002A000324911600221516020221A709A7902F0BD
:1002B0000C020C2AFAD12E4B2E4A1A602E4B2F4AD2
:1002C0001A6000225A60072243F8042C2C4AC3F813
:1002D0000C2D62B60AF0E4FD144B1B68DA0705D555
:1002E00028480AF061FD284B284A1A60284B1B78E1
:1002F0005B0609D5244C254B22689A4204D121483B
:100300000AF052FD002323600AF0E8FB0DF01EFD09
:100310000CF01EF9FEE700BF0E20054030800440BF
:10032000823F04000100002B10D0034014D0034092
:1003300002D0074000E00740880A002094620100D4
:1003400020F9FF1F880A00209058002000F4FF1FAA
:100350000000000000E400E05FE400E008ED00E0E1
:100360000050064000400640448004400000030165
:1003700004800440C010050014E000E0FF76010096
:100380000000202008D6A0661CE00340A5C3945AB4
:1003900000F00740FFFFFFFFFFFFFFFFFFFFFFFF32
:1003A000FFFFFFFFFFFFFFFFFFFFFFFFFFFFFFFF5D
:1003B000FFFFFFFFFFFFFFFFFFFFFFFFFFFFFFFF4D
:1003C000FFFFFFFFFFFFFFFFFFFFFFFFFFFFFFFF3D
:1003D000FFFFFFFFFFFFFFFFFFFFFFFFFFFFFFFF2D
:1003E000FFFFFFFFFFFFFFFFFFFFFFFFFFFFFFFF1D
:1003F000FFFFFFFFFFFFFFFFFFFFFFFFFFFFFFFF0D
:10040000FFFFFFFFFFFFFFFFFFFFFFFFDEF9FFFF23
:1004100010B5054C237833B9044B13B10448AFF33E
:1004200000800123237010BD880A00200000000016
:1004300090620100084B10B51BB108490848AFF3A2
:1004400000800848036803B910BD074B002BFBD0A0
:10045000BDE81040184700BF000000008C0A0020D3
:1004600090620100880A0020000000000020704710
:10047000704700BFF8B55548554D564C297803785C
:100480002278DFF868E1544F544E120442EA032305
:10049000FF222A700270802022708EF800003870CF
:1004A000B2794F480B4312F00C0FC36002D1B379FD
:1004B000DC063DD4494A9379C3F38103032B40D032
:1004C000464B9A79C2F38102022A42D0434A937979
:1004D000C3F38103022B53D0404A9379C3F38103C2
:1004E000022B61D03D4A9379C3F38103012B51D094
:1004F0003A4A9379C3F38103012B5CD0374B9A7945
:1005000012F00C0F03D19A79D20600D49B79354DA5
:10051000354B2A7853F82240D4B1236820469B6893
:1005200098472B7804EB83046468002CF5D1F8BD60
:10053000B3799806EBD5294A9379C3F38103032B4A
:10054000BED19379D906BBD493799B06DFD4B7E7A4
:10055000F8BD9A79D706B9D49A799606B6D559785E
:1005600001F0020101F0FF020029AFD120211A7031
:100570001A461970937903F00C030C2BFAD1C6E7D5
:100580009379DD06A8D493799C06A5D4537898076F
:10059000BDD5A1E79379DF06AAD593799E06A7D4A6
:1005A00053789D07B3D4A3E79379D9069AD45378A7
:1005B0009B07ACD496E79379DC069FD59379980690
:1005C0009CD453789907A2D598E700BF06C007408E
:1005D00005C0074007C0074009C00740004006406B
:1005E00068580020C85600208856002008C00740E0
:1005F00090F92410104B03604B1C06D0F0B40F4E42
:1006000056F82130984201D0F0BC70470C4F57F893
:10061000213033B18D0000245A1953685460002BE7
:10062000FAD1084C23780022013B237047F821209F
:1006300046F82120E8E700BFC04F0100A85600207F
:1006400088560020C956002038B590F924506B1CFC
:100650001BD00E4B0E4953F825400E4BEDB24FF018
:10066000FF320D701A6084B1AD0002E02C44646862
:100670005CB194F82530002BF8D0236820462C4438
:100680001B6898476468002CF3D138BD8856002059
:10069000C8560020B8F3FF1F704700BF90F9241020
:1006A000104B03604B1C06D0F0B40F4E56F82130AF
:1006B000984201D0F0BC70470C4F57F8213033B14D
:1006C0008D0000245A1953685460002BFAD1084C4D
:1006D00023780022013B237047F8212046F821208F
:1006E000E8E700BFC04F0100A85600208856002050
:1006F000C956002090F92410104B03604B1C06D003
:10070000F0B40F4E56F82130984201D0F0BC70473B
:100710000C4F57F8213033B18D0000245A1953681B
:100720005460002BFAD1084C23780022013B23703F
:1007300047F8212046F82120E8E700BFC04F01001C
:10074000A856002088560020C9560020704700BFD8
:1007500010B5002104460BF0D9FBB0B1B4F8B431A8
:100760009BB2C3B1B4F8B031B4F8B2219BB201333B
:10077000632BC8BF002392B2934207D09A1D04EBAB
:1007800082029BB25060A4F8B03110BDD4F8B831E9
:100790000133C4F8B831BDE810400BF073BB00BFA3
:1007A00010B5044B044640F8103B07F093FE20467A
:1007B00010BD00BF784F010010B504460BF0E6FBFA
:1007C000204610BDB0F8B231B0F8B0119BB289B27A
:1007D0008B4202460FD00133632B86BF00210B46AC
:1007E00099B2063300EB83035868C2F8AC01A2F853
:1007F000B211043070470020704700BF826C62B1B4
:10080000137803F0080303F0FF0003B3D3695069C2
:10081000181A48BF6FF000407047C16CC1B191F821
:10082000313003F0080303F0FF0083B1D1E9042362
:10083000D1E90001101A30B463EB010100256FF01B
:1008400000448D4208BF844200D2204630BC70472D
:1008500008467047836C13B1184606F0B5BFC06CEC
:1008600008B105F0C7BD704700B5836C83B063B1B4
:10087000184601220DF1070106F0F0FD01280CD108
:100880009DF8070003B05DF804FBC06C28B101229D
:100890000DF1070105F0EEF8F0E74FF0FF30F1E75A
:1008A000836C13B1184606F0A3BEC06C08B105F006
:1008B000B1B94FF0FF307047836C13B1184606F0A2
:1008C00089BFC06C08B105F033BF704700B5836CB9
:1008D00083B08DF8071043B1184601220DF10701CE
:1008E00006F078FF03B05DF804FBC06C0028F9D077
:1008F00001220DF1070105F01BFF03B05DF804FBB9
:1009000070B5044608460D460EF0DAF82368024634
:10091000294620465B68BDE87040184738B5054653
:100920000BF036FD044628460BF0C8FC204438BDC9
:10093000002310B4104C4172026104600372C36062
:1009400041B1194600E0026942F82310427A0133AE
:100950009A42F8DC094B1A680AB90BE01A46536947
:10096000002BFBD15061002343618380C3808372DD
:1009700010BC70471860F6E76C4F0100DC57002090
:1009800038B50546D0F8AC0120B10BF07BFA002356
:10099000C5F8AC31B5F8B241B5F8B031A4B29BB2EC
:1009A0009C420ED00134642C28BF0024A31D05EB0B
:1009B000830358680BF066FAB5F8B0319BB29C42DD
:1009C000F0D19BB2A5F8B23138BD00BF464A474BC3
:1009D000102010801B781B0734D5F0B5444E454DD0
:1009E000454C31782B782278DFF82CE1434F824058
:1009F00042EA03230B43FF22802132702A702270C7
:100A00008EF800103970D9073D4A14D51A23936027
:100A10003C4F3D4E3D4D3E4C3E49107900233B70CE
:100A200053709370D370D360337013712B70237035
:100A300013700870F0BD1F0705D4DE0606D5042329
:100A40009360E5E7704721239360E1E79D0604D4B6
:100A50005C0604D516239360DAE79060D8E71806A1
:100A600002D509239360D3E7D90502D50A23936001
:100A7000CEE79F0502D50D239360C9E75E0502D539
:100A80000B239360C4E71D0502D51E239360BFE7C7
:100A9000DC0402D502239360BAE7980402D5072349
:100AA0009360B5E7590402D506239360B0E71F04AD
:100AB00002D515239360ABE7DE0302D524239360B0
:100AC000A6E79D0302D522239360A1E7DC0202D5AD
:100AD000252393609CE71803F5D45903F3D49B02B4
:100AE00044BF2323936093E70020054002D00740D2
:100AF00005C0074006C0074007C0074009C00740BF
:100B00006858002000C0074001C0074002C00740ED
:100B100003C0074004C0074008C00740002976D042
:100B20002DE9F04F0C469100631883B05D68002DED
:100B300057D06B185E68002E50D073185F68002F76
:100B400049D07B18D3F80480B8F1000F3CD008EBF3
:100B50000103D3F80490B9F1000F32D009EB01037F
:100B6000D3F804A0BAF1000F27D00AEB0103D3F8A1
:100B700004B0BBF1000F18D00BEB01035B6863B14D
:100B8000194401934968FFF7C9FF019B93F8252099
:100B90001AB11A681846536898479BF8253023B154
:100BA000DBF8003058465B6898479AF8253023B147
:100BB000DAF8003050465B68984799F82530002BEA
:100BC00035D198F8253063BB97F825301BB13B68C9
:100BD00038465B68984796F82530CBB995F82530AC
:100BE00063B994F8253013B903B0BDE8F08F2368DA
:100BF0005B68204603B0BDE8F04F18472B682846D5
:100C00005B68984794F82530002BEDD0EFE77047EC
:100C1000336830465B68984795F82530002BE0D064
:100C2000ECE7D8F8003040465B689847CCE7D9F845
:100C3000003048465B689847C3E700BF90F924201E
:100C4000531C26D01B4B2DE9F04153F82240D2B261
:100C5000ECB19300E1184D68B5B1E9184E6866B182
:100C6000F1184F6837B13B445968FFF757FF97F8C1
:100C70002530A3B996F8253063B995F825301BB116
:100C80002B6828465B68984794F8253063B9BDE81F
:100C9000F0817047336830465B689847EDE73B6802
:100CA00038465B689847E5E7236820465B68BDE8FF
:100CB000F04118478856002038B50D21154C1648CC
:100CC0000AF058FF15480BF0F9FA2588144810214E
:100CD0000AF050FF294611480BF05AFB0F480BF061
:100CE000EDFA104B10491A681048022A08BF104A42
:100CF0004FF00003A1F8B43108BFA2F8B4310D4B96
:100D00001B88238007F0E6FB6420BDE838400AF02A
:100D100079B800BFE0570020D84F01002400002020
:100D2000E84F01000CFAFF1F704F0020E054002034
:100D30002C51002008580020264B1B680F2B0CD884
:100D4000DFE803F00C1014181C2024282C30343851
:100D50003C404408204B214A1A6070471E4B204AF1
:100D60001A6070471C4B1F4A1A6070471A4B1E4A84
:100D70001A607047184B1D4A1A607047164B1C4A80
:100D80001A607047144B1B4A1A607047124B1A4A7C
:100D90001A607047104B194A1A6070470E4B184A78
:100DA0001A6070470C4B174A1A6070470A4B164A74
:100DB0001A607047084B154A1A607047064B144A70
:100DC0001A607047044B134A1A607047024B124A6C
:100DD0001A60704700FAFF1FB8540020BD549341B9
:100DE000103377C0993918C0BE0D68BFCE71153F5A
:100DF0008D090340CCC9624009A7A3407DDBD140E7
:100E0000C416014154FC1741D0E830411955464100
:100E10009FAB5F41A04176415E2E864138B50121EE
:100E2000142009F00BFE234B1B68012B3DD0002141
:100E3000072009F0CDFF00210C2009F0C9FF002197
:100E40000E2009F0C5FF0521072009F0D5FF1A4C37
:100E50001A4D05210C2009F0CFFF05210E2009F0C5
:100E6000CBFF2078002109F0B3FF2878002109F09A
:100E7000AFFF0521287809F0BFFF4FF4FA6009F0B1
:100E8000C1FF0121207809F0A3FF4FF4FA6009F0B7
:100E9000B9FF2078002109F09BFF4FF4FA6009F0B8
:100EA000B1FF074B074A1A6038BD074807F012FB2D
:100EB000BDE700BFA80A00208C530020E0530020AB
:100EC0000CED00E00400FA05E05400202DE9F84F95
:100ED0006D4F3B68012B5ED0022B01D0BDE8F88F2F
:100EE0006A4DB5F8B031B5F8B22199B293B29942D2
:100EF00038BF6431CB1A1F2BF0DDDFF8A8A1DFF873
:100F00009CB1DFF888910AF58047D8460026D5F8CD
:100F1000AC310024002B39D0DBF8AC3100208BB38E
:100F200004F58071534634F9022B23F8042C30F970
:100F3000022B23F8022C8C4203F10403F3D1D5F8E1
:100F4000AC0118B10AF09EFFC9F8AC61DBF8AC0146
:100F500018B10AF097FFC8F8AC610AF5007A574556
:100F6000D5D14B4B986C002875D04FF4804249493D
:100F700006F030FC013077D0474A13682033136005
:100F8000BDE8F88F4548FFF71DFCC9E73F48FFF76C
:100F900019FC0446C0E73D4DB5F8B031B5F8B221B3
:100FA00099B293B2994238BF6431CB1A3F2B95DD89
:100FB0003B4CDFF8D8A00121112009F009FF04F50E
:100FC00080494FF000081AE009F04EFA30460AF066
:100FD00059FFC5F8AC812D48FFF7F4FB4FF4807240
:100FE0000146204609F040FAD5F8AC0118B10AF0E4
:100FF00049FFCAF8AC8104F500744C4517D0D5F808
:10100000AC61A4F5807B4FF4807200215846002E1D
:10101000DAD11E48FFF7D6FBDAF8AC6101464FF48F
:101020008072584609F020FA002ED4D0CEE7112065
:10103000002109F0CDFE164B986CD8B14FF48042D8
:10104000144906F0C7FB013011D013493B680A6808
:1010500020320A6040E7D86C00288DD04FF48042DF
:101060000C4905F065FB85E7FFF7D8FE84E7FFF73D
:10107000D5FEEAE7D86C0028E7D04FF48042054956
:1010800005F056FBDFE700BF0CFAFF1F704F002092
:10109000D0540020B40A00206C4F00202C510020B6
:1010A000B40B0020B80A002038B50025082415200C
:1010B00009F0E6FB0CF018FA4FF06A510CF068FAF0
:1010C000014628460CF05CF9013C0546EFD1044985
:1010D0000CF05EFA4FF078510CF05AFA38BD00BFB0
:1010E0009A99994038B50F4D0F4C2B6854F823301E
:1010F000B3B12A680D4954F822300D48013B44F839
:101100002230FFF7FDFB2B68094854F823100A2210
:1011100000230BF0FDF80648BDE838400BF0CEB8D0
:10112000FEE700BF845500202C550020FC4F010035
:101130002400002010B582B004460DF0C1FC00B2BE
:10114000012816DDB4F9003044F25242934233D004
:1011500012DD44F2537293421DD044F65212934270
:1011600007D101AAE01C1C490DF07AFC1B4B019A27
:101170001A60012002B010BD44F24E429342F8D1F1
:1011800001AAE01C14490DF06BFC154B019A1A6082
:10119000012002B010BDE01C01AA0F490DF060FC57
:1011A000019B0F2B13D90F4B042119600F2009F05D
:1011B00045FC012002B010BD01AAE01C06490DF05B
:1011C0004FFC094B019A1A60012002B010BD054A7C
:1011D000D9B21360EAE700BF1050010098FAFF1F70
:1011E000B00A002000FAFF1F90FAFF1F2DE9F04F10
:1011F000DFF89882A04BD8F878549FB04FF47A72F9
:101200000A9300238DF82C308DF834301C931D93F5
:101210000C92002D00F0CF8005F23C46304605F0E0
:10122000B3FF2946304606F013F9DFF87492D9F877
:1012300000100EAF21B138460023904A07F05EF946
:101240001C98002800F0D48000252E468DF80860F8
:101250004FF0000B4FF0FF0A98B101220DF107018A
:1012600006F0FCF8012817D00BF101031EAA9344E5
:101270001BB21D2B0BF870AC17DC1C989B4600288A
:10128000EBD11D9B002B55D0184601220DF1070113
:1012900004F0F0FB0128E7D19DF807200D2A08BFD4
:1012A0005B4640F0C9801D2BE7DD013B9BB21EAAC7
:1012B0001A4402F8706C9DF808202F2A04D0012BE4
:1012C00002D902A8FFF736FF1C98C0B103781907AE
:1012D0000ED4384607F0FEF8002D36D10124684BB5
:1012E0000A93384607F0F6F820461FB0BDE8F08FA5
:1012F000C36942699A1AA9D4002AA7D1E9E71D9BBC
:10130000002BE6D093F831201207E2D5D3E904ABE5
:10131000D3E90023BAEB02026BEB03034FF0000B9F
:101320006FF0004A9B4508BF924538BF5246002ADD
:101330008CD1CEE70BF101031EAA93441BB21D2BE7
:101340000BF870ACB1DC9B4699E70B214D480AF0D5
:1013500011FC00230A2221464B480AF0D9FF4A48D3
:101360000AF0ACFFD8F87854484B9DB305F23C46E0
:10137000304605F009FF2946304606F069F8D9F8ED
:10138000001029B144F202233C4A384607F0B6F86F
:101390001C9B002B49D02146184606F05FF91C988B
:1013A00000283AD002223A4906F014FA384607F0EB
:1013B00091F8012493E7D8F87C54002D3FF435AF21
:1013C00005F58866304604F0D5FA2946304604F023
:1013D000DBFA2AE7D3F87C54002DD0D005F58866D7
:1013E000304604F0C7FA2946304604F0CDFAC6E785
:1013F0001D9D002D7FF428AF142126480AF0BAFB6A
:1014000021480AF05BFF0D22234924480AF040FFDF
:1014100022482C460AF052FF61E71D980028C5D0EB
:1014200002221B4905F084F9C0E71D980028BDD0B1
:10143000224604F007FCB2E71EAB03EB0B01542A73
:101440000BF1010301F8702C1BB20DD11C9818B1DF
:101450004469013C012526E71D9A12B11468013C3C
:10146000F8E74FF0FF34F5E71D2B3FF71EAF0A2AD0
:101470003FF41BAF01E700BF9C4F01001450010077
:10148000784F01002050010024000020B84A0020BD
:101490002C5001003050010048500100145300202E
:1014A0007C5600202DE9F041044604200D461646E6
:1014B00009F094FC8046032009F090FC0746B8F13F
:1014C000000F2AD1DFF89C80244AD8F8003001218F
:1014D000132B117039DD0133642BC8F800303ADD6D
:1014E000C82BD4BF05343C3467B91D4F1B4A3B6839
:1014F0000121132B117022DD3C2C16DC01233B60F3
:10150000013C02E0164B00221A60AC4209DBB442F7
:10151000C8BF2C462046BDE8F081124B00221A605D
:10152000E2E734462046BDE8F0813B680133642B96
:101530003B60E5DDC82BD4BF053C3C3CE5E7C8205B
:1015400009F060FC3C2CD9DDEFE7C82009F05AFC1B
:10155000D8F80030BFE70134C6E700BF604F002075
:101560003C550020C854002010B5094C204608F016
:1015700037FD2046012108F089FA2046022108F0B3
:101580007FFA002220461146BDE8104008F074BAE8
:101590001453002038B5054607F0F4FF1E4C0146F1
:1015A00020460AF0F5FE2D200AF068FB284607F0D9
:1015B000DBFF014620460AF0EBFE2D200AF05EFB21
:1015C000284607F0C3FF014620460AF0E1FE01214C
:1015D00012480AF0CFFA284607F08EFF014620464F
:1015E0000AF0D6FE3A200AF049FB284607F092FF9F
:1015F000014620460AF0CCFE3A200AF03FFB28467E
:1016000007F096FF014620460AF0C2FE2046BDE8DC
:1016100038400AF053BE00BF240000209852010059
:1016200038B5054609F0F0F9074C2070681C09F040
:10163000EBF96070A81C09F0E7F9A070E81C09F04C
:10164000E3F9E070206838BD7453002008B500202D
:10165000FFF7E6FF1D4B18600420FFF7E1FF1C4B6E
:101660001860082009F0D0F91A4B1870092009F009
:10167000CBF9194B18700A2009F0C6F9174B1870EE
:101680000B2009F0C1F9164B18700C2009F0BCF9B9
:10169000144B18600D2009F0B7F9134B18600E2099
:1016A00009F0B2F9114B18700F2009F0ADF9104B89
:1016B0001860102009F0A8F90E4B18601220FFF7EF
:1016C000AFFF0D4B80B2188008BD00BF90FAFF1F1E
:1016D00098FAFF1FAC0A00208055002028540020F3
:1016E000684F0020BC54002080FAFF1F8CFAFF1FB7
:1016F00000FAFF1F0CFAFF1FAE0A002038B50A4C93
:101700000B460546C9B2236009F098F96178681C58
:1017100009F094F9A178A81C09F090F9E178E81C87
:10172000BDE8384009F08AB97453002008B51F4B52
:1017300000201968FFF7E2FF1D4B04201968FFF72E
:10174000DDFF1C4B0820197809F078F91A4B0920A5
:10175000197809F073F9194B0A20197809F06EF914
:10176000174B0B20197809F069F9164B0C201978E2
:1017700009F064F9144B0D20197809F05FF9134B47
:101780000E20197809F05AF9114B0F20197809F039
:1017900055F9104B1020197809F050F90E4B1988A3
:1017A000122089B2BDE80840FFF7A8BF90FAFF1FDA
:1017B00098FAFF1FAC0A0020805500202854002012
:1017C000684F0020BC54002080FAFF1F8CFAFF1FD6
:1017D00000FAFF1F0CFAFF1FAE0A002070B5154C6F
:1017E000154D2046022108F04BF9144B2A6853F896
:1017F000226030460DF064F93146024620460AF078
:1018000047FD20460AF05AFD2046012108F038F92C
:101810002A680B4B53F8225028460DF051F92946FF
:10182000024620460AF034FD2046BDE870400AF02A
:1018300045BD00BF145300208853002060FAFF1FED
:10184000C4FAFF1F30B50F4C83B02046012108F0C9
:1018500017F900222046642108F00EF9FFF724FC56
:101860000BF0ECF9012502460B46009520460AF0E4
:1018700097FD05492A46204603B0BDE830400AF0EE
:1018800007BD00BF145300205850010008B50121C6
:101890000F4808F0F5F8082264210D4808F0ECF82C
:1018A0000C4B1B68012B0BD008225A21084808F06A
:1018B000E3F8062208490648BDE808400AF0E8BCFB
:1018C000042206490248BDE808400AF0E1BC00BF16
:1018D000145300200CFAFF1F645001005C500100FB
:1018E0002DE9F04F83B00F46019080680021013050
:1018F00016460BF00FFE014629480BF0FDFE04468C
:1019000030460BF0EDFD01460BF03AFD0646384639
:101910000BF0E6FD014630460BF03AFE014620464C
:101920000BF0EAFE4FF001084FF07E550746C14626
:101930004FF0010A4FF0000B50460BF0D5FD394631
:101940000BF026FE04460BF0E9FF0BF0CDFD01463F
:1019500020460BF013FD294606460BF0B7FF4FF06B
:10196000874148B120460BF0B1FF28B120460CF06A
:1019700033F835468046D1461AF1010A4BF1000B87
:10198000BBF1000F08BFBAF1400FD5D1019809F1A2
:10199000FF3208F1FF3380E80C0003B0BDE8F08FA0
:1019A000001B374C2DE9F04110298AB00C46074640
:1019B00063D0202904BF012309932246394607A892
:1019C000FFF78EFF0798089E099D0294431C01367D
:1019D00001350393049605950BF082FD4FF07E517F
:1019E0000BF0CEFC26490BF0D3FD804630460BF0C1
:1019F00077FD014640460BF07FFE4FF07C510BF027
:101A0000C7FD064628460BF06BFD014630460BF03D
:101A100073FE054660000BF067FD014628460BF09B
:101A20006BFE0BF07BFF174B01901A46009716498F
:101A30001648174D174C0AF05DFC174917480B68FC
:101A400023F010430B60079A089B120302F47F22D5
:101A5000C3F30B0313432B609DF8243043F0E06382
:101A600023609DF8243043F08E4303600B6843F0FD
:101A700010430B600AB0BDE8F081032309939CE793
:101A8000001BB74C00D8B8056C50010024000020A2
:101A900004F1024008F0024080F0024088F0024069
:101AA0002DE9F04F05469D4E9D4FDFF88C8296F84C
:101AB00000E02F60FF2085F82400DFF8809298F87E
:101AC0000000BEF1060F59F820E04FF000038DB082
:101AD0000C4685F8253085F8263098BF3370BEF166
:101AE000000F00F0AD808E455ED07346810001E0AE
:101AF0009C4259D00B445B68002BF9D1734600E03F
:101B000053460B44D3F804A0BAF1000FF8D15C603F
:101B10003478029705EB010B4FFA80FCFF23062C6B
:101B2000CBF804A08DF82DA08DF82EA085F824C048
:101B30008DF82C30744604D800233370002C00F04C
:101B4000B480A24229D0234601E0934225D00B4421
:101B50005B68002BF9D104EB010EDEF80440002C89
:101B6000F9D1CEF804200CAB1944BCF1FF3F00F1D1
:101B700001034FF0000041F8240C88F800308DF884
:101B80002CC0029705D0674951F82C2002AB9A422D
:101B900076D028460DB0BDE8F08F013088F80000FF
:101BA00028460DB0BDE8F08F31780297FF2400235E
:101BB00006298DF82C408DF82D308DF82E30574C9D
:101BC00000D823709645E8D07346810001E09A4220
:101BD000E3D00B445B68002BF9D18E44DEF804405F
:101BE0002CB1A6468E44DEF80440002CF9D10CAB93
:101BF00046B219440130731CCEF8042088F8000066
:101C000041F8244C02978DF82C60C2D0454951F818
:101C1000262002AB9A42BCD159F82630B00023B13D
:101C20001A1853685460002BFAD198F8003000223B
:101C3000013B88F8003049F8262041F82620A8E723
:101C400000283AD0374B96F800E043F82050810046
:101C500005EB010C002349F820408DF82D30CCF81D
:101C600004308DF82E304FFA80FCFF23BEF1060FB2
:101C7000029785F824C08DF82C307FF65DAF5DE7C4
:101C800059F82C304FEA8C0423B11A19536850606C
:101C9000002BFAD198F800300022013B88F8003080
:101CA00049F82C2041F82C2073E7E8B11D4B49F886
:101CB000202002AA43F8202055E71B491B480B6847
:101CC000019243F080630B600368194923F080435D
:101CD0000360152008F09AFF164B019A4FF400118B
:101CE000196098F80000ADE70F4C10482368019286
:101CF00043F08063236003680D4923F08043036051
:101D0000152008F083FF0B4B019A4FF40011196066
:101D100098F800004FFA80FC8100C7E7BCF3FF1F72
:101D2000C04F0100A8560020047004400070044019
:101D30007504000000E100E0C9560020885600202C
:101D40002DE9F04708F01AFE4FF0FF316448654D69
:101D500008F032F96449654B0A682B6000236B7206
:101D60002B612B72EB600AB9B7E01A465369002B5E
:101D7000FBD1556100245E4E5E4F5F4B6C61AC80C1
:101D8000EC80AC7257482B60DFF8B481DFF8B4A167
:101D9000DFF8B49102F0A0FE06F1180230460121EE
:101DA000FEF7C6FD07F1180201213846A6F8B0413A
:101DB000C6F8AC41A6F8B241C6F8B841A6F8B4419D
:101DC000C6F800A0FEF7B4FD4046A7F8B04188E889
:101DD0006000C7F800A0A7F8B24188F8084088F86A
:101DE0000940C8F80C4088F81040C7F8AC41C7F863
:101DF000B841A7F8B4410AF095F8404A4049414E2D
:101E000040460AF0B1FD4FF0010A484689E8A000BB
:101E100089F80940C9F80C4089F8104089F808A0F1
:101E20000AF080F84846354A3549374DDFF81C81BD
:101E30000AF09AFD354B3560354986F82540FF2577
:101E400086F8245019602D4A324974633046B463D1
:101E500086F83C4086F826A00AF086FD2E4B88F8CE
:101E60002450264A2D4988F825404046C8F80030BD
:101E700088F826A088F8274088F828400AF074FDE2
:101E8000324641462648274DFFF70AFE1B4A26499F
:101E900023480AF069FD254B184AC3F878442826E0
:101EA000C3F87C4483F8984483F89564C3F8A0543D
:101EB0001F49204D18460AF057FD1F4B0F4A1C7151
:101EC0004FF47A761C739C64DC649E601D601B4931
:101ED0001846BDE8F0470AF047BD0D604AE700BF6D
:101EE00014530020F8530020DC5700206C4F0100F1
:101EF000704F00202C51002088550100FCF9FF1F75
:101F0000B90700009C530020C4560100685300200C
:101F10006C5501009D060000D8560100F506000032
:101F20009054002001100138F1050000B84A00204B
:101F30004D0700009C4F0100D0540020A107000075
:101F4000E8520020D44F0100FC5200204C550020E4
:101F50002DE9F84F424C434FDFF80C810A9E0B9D50
:101F600081468A462046396893461F4603F0FCF9AD
:101F70002046002102F0F6FE88FB0B314FEAEB739E
:101F8000C3EBA10101EB8102ABEB420B0BF00F0B9A
:101F90004BEA0111C9B2204602F0E4FE88FB0A3187
:101FA0004FEAEA73C3EBA10101EB8103AAEB430AF9
:101FB0000AF00F0A4AEA0111C9B2204602F0D2FE25
:101FC00088FB09314FEAE973C3EBA10303EB8301FB
:101FD000A9EB41011B0103F0300301F00F0119438C
:101FE000204602F0BFFE2046012102F0BBFE88FB26
:101FF0000731FB17C3EBA10101EB8103A7EB4307FB
:1020000007F00F0747EA0111C9B2204602F0AAFE05
:1020100088FB0631F317C3EBA10101EB8103A6EBAB
:10202000430606F00F0646EA0111C9B2204602F047
:1020300099FE88FB0538E917C1EBA80808EB880171
:10204000A5EB410505F00F0545EA08112046C9B288
:1020500002F088FE2046BDE8F84F03F097B900BFB4
:1020600064560020E4FAFF1F6766666670B5104C80
:1020700006460D4620460A2103F076F9C6F30721ED
:10208000204602F06FFEF1B2204602F06BFEC5F36F
:102090000721204602F066FEE9B2204602F062FE09
:1020A000204603F073F9B0FA80F0400970BD00BF1C
:1020B0006456002008B500213020FFF7D7FF00212B
:1020C0000220BDE80840FFF7D1BF00BF08B5E221FC
:1020D0003020FFF7CBFF43210220BDE80840FFF787
:1020E000C5BF00BF0238032810B503DC00285FDA43
:1020F000002400E00C2444F260013020FFF7B6FF1A
:102100006C212620FFF7B2FF4FF4F8712820FFF76B
:10211000ADFF40F622712C20FFF7A8FF00213C20E4
:10212000FFF7A4FFFFF7D2FF21460420FFF79EFF31
:102130004FF498710620FFF799FF00210A20FFF75E
:1021400095FF08210E20FFF791FF4FF6FF71102039
:10215000FFF78CFF47F67F712220FFF787FF0021F2
:102160004FF49270FFF782FF4FF48A712420FFF73B
:102170007DFF104C00212A20FFF778FF09210E482F
:1021800009F0F8FC21680D480AF002F90B480AF042
:1021900095F82168202041EA0111FFF767FF014609
:1021A00006480AF0F5F805480AF088F8012010BD45
:1021B0008400A0E700FAFF1F8850010024000020DF
:1021C00010B5074B0446102153F82000FFF7EAFB37
:1021D000044802F06DFE2046BDE81040FFF782BFC4
:1021E0003CFAFF1F64560020F0B54F4C4F48216861
:1021F00085B003F0B9F800214C4802F0B3FD00218E
:102200004A4802F013FF216848480023072203F0E0
:10221000A5F8464802F0C6FD0DF1FF36002504E0A2
:1022200002F0CAFD06F8010F0135404802F0BAFD80
:1022300004463E48002CF3D103F0A8F8072D09D03E
:102240000F213B4809F096FC3A480AF037F820463F
:1022500005B0F0BD9DF800509DF801409DF80400C8
:102260009DF805109DF802209DF80630324FDFF8EA
:10227000E0C02E1106EB860605F00F0505EB4606BD
:10228000251105EB850504F00F0404EB4505041149
:1022900004EB840400F00F0000EB4404081100EB91
:1022A000800001F00F0101EB400EF6B2C2F3011104
:1022B0003E70181101EB8101204E02F00F0202EB7B
:1022C000410200EB8000EDB203F00F038CF80050E8
:1022D00003EB400332701A4D1A4A1B485FFA8EF125
:1022E000E4B2DBB22C700170137097F800E09CF838
:1022F000007036782C78017813788DF80C401E33F6
:1023000002A88DF80E308DF808E08DF809708DF870
:102310000A608DF80D1007F045F90C4B0124186088
:10232000204605B0F0BD00BFE4FAFF1F6456002050
:102330009450010024000020105300202855002054
:10234000B855002011530020614F00205C4F002041
:10235000785300202DE9F04383B00446FFF744FF93
:1023600050B324B9174C206803B0BDE8F083154C76
:10237000206807F0C1F80546206807F0CBF806464C
:10238000206807F0D5F80746206807F0DFF8804698
:10239000206807F0E9F88146206807F0F3F8CDF8E7
:1023A00000900190434628463A46314600F0D2FA62
:1023B000206803B0BDE8F08303B0BDE8F04308F047
:1023C000EDBC00BF5C4F00202DE9F04F01209DB017
:1023D000FFF7C0FFA54CA64D206007F0C5F82B689D
:1023E000834233D0A34B1B6883B30A21A248A34E78
:1023F00009F0C0FBA24809F061FF206807F0B4F8BB
:102400002860206807F0BEF82B689E4902469E4867
:102410000CF000FBD6F87854002D00F0FD8005F29A
:102420003C4101230025984A8DF838500EA88DF8BC
:1024300039508DF83A5004F041FFD6F878048F4BAC
:10244000002800F00181904906F01EF800211520B7
:1024500008F0D2FCFEF728FE80468C488C4D06F032
:1024600001FD206807F08EF80646206807F07CF82A
:102470000746206807F06AF88346206807F03CF8B2
:102480000D90206807F046F881462068814C07F0DF
:102490004FF8814A0A92824640460AF0CFFBCDE9C6
:1024A00008017E4B18680AF0C9FBCDE90601CDF89A
:1024B00000B0606821680D9B019332463B46059051
:1024C0000491CDF80CA07649CDF8089075480CF031
:1024D000A1FA74480CF0F4FA0146724809F04AFB7C
:1024E000674809F0EBFE1AE0674905F0CDFF29685F
:1024F00029B140F601236B4A6B4805F0FFFF69489C
:102500000CF0DEFA0146674809F034FB5C4809F03C
:10251000D5FE0A2008F076FC2368142B75D82968AC
:1025200041B1624C5F4A04F1100040F6012305F00E
:10253000E5FFA8B95E4C5F4923685A4801331A4643
:1025400023600CF067FA4D4BD3F878040028CBD108
:10255000D3F87C040028CAD04B4904F0D1FCC6E76C
:1025600055485649D0F800A0554D564A564B574E3F
:10257000DFF86481D6F8009003C9286092E8030070
:10258000A86093E80300102701231FFA89F6AB82A5
:10259000E860EE8250462F610BF0E6F95146A861E3
:1025A00050460AF0EDFE824648460AF09DFF01467D
:1025B00050460AF0EDFF0BF0D7F9454AD8F8003045
:1025C000E86192E803005B02A26C6F84760003F17D
:1025D00024012E846862AB626960002A3DD01046F7
:1025E00029462C2205F0F6F809213A4809F0C2FAEA
:1025F000D8F80010224800230A2209F089FE20485A
:1026000009F05CFE1DB0BDE8F08FFEF707FC4FF44B
:102610007A7008F0F7FB82E7D6F87C1400293FF4C3
:1026200015AF012301F58861174A8DF869500EA88E
:102630008DF86A508DF86B5003F0AEFFD6F8780431
:102640000E4B00287FF4FFAED3F87C0400283FF443
:10265000FDAE0D4904F054FCF8E6E06C0028C3D050
:1026600029462C2204F064F8BEE700BF5C4F00202E
:102670004455002098FAFF1FA4500100B84A0020DA
:1026800024000020B0500100105400204927000011
:102690007C5600207C53002034FAFF1FB8540020E1
:1026A000BC5001002C540020E0540020D0540020E5
:1026B000885500202451010088FAFF1F04510100B1
:1026C0008C5500200C510100145101000CFAFF1F21
:1026D0001C510100F85001005453002038B50E2160
:1026E0001248134C09F046FA124809F0E7FDFFF7CB
:1026F0006BFE114B002220461A60FEF741F90F4B8A
:102700001B680125022BA4F8B45108D00B210C48FA
:1027100009F030FA0748BDE8384009F0CFBD094C50
:102720002046FEF72DF9A4F8B451EFE7305101002F
:10273000704F0020240000206C4F00200CFAFF1F77
:10274000405101002C5100202DE9F041804601202C
:102750000E46FFF7FFFD244C206006F013FF0546F0
:10276000206806F001FF0746206806F0EFFEA5F29C
:10277000BC739BB27F2B02D8FAB20C2A28D9002353
:10278000A8F80030206806F0B7FE0746206806F07B
:10279000C1FE0546206806F0CBFEFBB2172B13D80E
:1027A000EBB23B2B10D8C3B23B2B0DD8FB026D0113
:1027B00003F4FF2305F4FF552B43C0F34600034306
:1027C0009BB23380BDE8F08100233380BDE8F08107
:1027D000C0B21F28D3D87F0107F4FF57384340EA1F
:1027E00043239BB2CCE700BF5C4F00202DE9F043B0
:1027F0004F4A504BDFF85491DFF854814E4F117817
:1028000098F800401A7899F80060386883B03C2343
:1028100013FB064613FB012406F06EFE05463868DE
:1028200006F078FEC5EB051500EB8505386806F067
:10283000A9FE00F14E0338688DF8063006F094FECC
:102840008DF80500386806F081FEA6428DF8040078
:102850000AD2AE4249D8AC4247D3A41BC4EB0414FD
:10286000364D3748A40010E0AE4201D9AC421AD32D
:10287000C4EB0414A300A6EB061403EB840404F5D4
:10288000A8342E4D2E4804F5C07410212C6009F098
:1028900071F929682B4809F07BFD2A4809F00EFDE3
:1028A00003B0BDE8F08302A8002598F8003099F83D
:1028B000002000F8085D8DF801308DF8022006F048
:1028C00071FE38602846FFF745FD3B68984204DDFD
:1028D00003F5A83303F5C0733B600F211A4809F0D4
:1028E00049F93868FEF756FEC2E702A8002599F8B4
:1028F000002098F8003000F8085D8DF802208DF86F
:10290000013006F04FFE38602846FFF723FD3B6894
:10291000094A984204DD03F5A83303F5C073136038
:102920000F21094809F026F93868FEF733FE94E7CD
:1029300028540020684F0020644F0020505300208E
:102940005C510100240000204C510100AC0A002021
:102950008055002030B583B002AD079C05F8082DE6
:102960008DF80200069A8DF804304E3428468DF812
:1029700001108DF805208DF8064006F013FE08F0D2
:1029800013FA0020FFF7E6FC014B186003B030BDDE
:10299000B44A00202DE9F04F002083B0FFF7DAFCA5
:1029A000B84BB94E18600121B848DFF85083B84FD2
:1029B000B84D07F065F80121B44807F067F8262202
:1029C0000021B24807F058F80322B349AF4809F094
:1029D0005FFC26221921AD4807F04EF80322AF49CB
:1029E000AA4809F055FC26223221A84807F044F8ED
:1029F0000322AB49A54809F04BFC26224B21A348F2
:102A000007F03AF80222A749A04809F041FC2E221B
:102A100000219E4807F030F8002331689B480A22C5
:102A200009F076FC2E221921984807F025F800239A
:102A3000D8F8001095480A2209F06AFC2E223221AB
:102A4000924807F019F83B6855F823000AF04CFD4E
:102A500095490AF051FE0AF0F1F80B4602469349F7
:102A60008A4809F047FC2E224B21884807F004F8D9
:102A70008F4B18680AF0E2F80B4602468B498348F0
:102A800009F038FC8B4B1C68012C00F05E81022C95
:102A900000F0D380884B3F68D3F80090D6F800A0B0
:102AA00050460AF01DFD834620460AF01DFD0146F2
:102AB0000AF066FC59460AF06BFD044655F82700FB
:102AC0000AF012FD014620460AF062FD7B490AF039
:102AD00057FC4FF08E410AF053FC73490AF00CFE8C
:102AE00071490AF009FE764B764A1B681060012B8B
:102AF000054600F005814FF07E5059460AF048FD2A
:102B00008346D8F80000704C704F50440AF0E8FC3F
:102B1000014658460AF0F0FD6D4B00908346187848
:102B20000AF0E2FC6B4B19680AF032FD5946804608
:102B30004FF07E500AF022FC674B19680AF028FD1E
:102B40004946019058460AF023FD019B014618466C
:102B50000AF016FC014640460AF0CEFD5F490AF035
:102B600017FD0AF001FF0026019004F110094FF053
:102B7000000857F8040B44F8048B0AF0B1FC014636
:102B8000834628460AF0B6FE294600285DD15846FD
:102B90000AF0B2FD0AF052F809F05EFE0AF07AFB84
:102BA000034644F8043C00FB0AF00AF099FC014695
:102BB00030460AF0E5FBA1450646DAD100990AF055
:102BC0009BFD019D044628460AF08AFC01462046EA
:102BD0000AF09AFE26225C21002838D02B4806F005
:102BE0004BFF05223E49294809F052FB2E225C2169
:102BF000264806F041FF3B4B24482A4683FB02232C
:102C00002B44E917C1EB234109F0C2FB01223649ED
:102C10001E4809F03DFB732137221C4806F02CFFAB
:102C2000274B1A481A68012A0EBF30493049012241
:102C300003B0BDE8F04F09F02BBB3F682D4A1E4B97
:102C400052F82790C3F8009028E70021B0E70F481A
:102C500006F012FF052228490C4809F019FB2E2224
:102C60005C210A4806F008FF20460AF057FE1D497D
:102C7000034681FB03211944DB170448C3EB2141C0
:102C8000C2E700BF5C4F002090FAFF1F14530020E2
:102C900080FAFF1F3CFAFF1F7051010074510100C0
:102CA000785101007C51010000007A4480510100FC
:102CB000B85400200CFAFF1FE8FAFF1F0000304252
:102CC000BC540020245500202C55002058530020CF
:102CD0008CFAFF1F94FAFF1F08FAFF1F00006145DE
:102CE0008851010007452EC2905101009C510100FE
:102CF000A05101009CFAFF1F9451010098FAFF1F98
:102D0000164A174B10781B78834286BFC3F118030D
:102D1000C018C01A0AF0E8FB124A134B06461B788B
:102D20001078834286BFC3F13C03C018C01A0AF072
:102D3000DBFB0E49044630460AF02AFC21460AF025
:102D40001FFB0B490AF0D8FCD7E63F68094A0A4B3B
:102D500052F82790C3F80090A0E600BF2854002046
:102D6000AC0A0020684F002080550020000070420F
:102D70000000B44410FAFF1FE8FAFF1F10B501224B
:102D800004460849084809F083FA092C03DC30217D
:102D9000054806F037FE21460348BDE8104009F01B
:102DA000F7BA00BFB85101001453002038B50446EB
:102DB0000D462348012106F063FE2AB20021204877
:102DC00006F05AFE204606F0DDFB01461C4809F0DD
:102DD000DFFA2D211A4806F015FE204606F0C4FB46
:102DE0000146174809F0D4FA2D21154806F00AFECD
:102DF000204606F0ABFB0146114809F0C9FA022251
:102E000010490F4809F044FA204606F075FB0928DE
:102E100003DC30210A4806F0F5FD204606F06CFB85
:102E20000146074809F0B4FA204606F073FBFFF7A5
:102E3000A5FF204606F07CFBBDE83840FFF79EBFAB
:102E400014530020A45101002DE9F047B54D2C6822
:102E50002CB1012C00F0828030BFBDE8F087204605
:102E6000FFF778FAB04FDFF83C833860FEF77CFB61
:102E70000A22AE49AE48AF4E09F00AFAAC4809F052
:102E80001DFA0121AA4806F0FBFD12222146A8489E
:102E900006F0F2FD0522A849A54809F0F9F9D8F88D
:102EA0000010A348013109F073FA0122A349A04898
:102EB00009F0EEF9D8F80020A14B9D4853F82210F4
:102EC00023460A2209F024FA30682821FFF76EFF12
:102ED00038683721FFF76AFF954807F0FBF93A6831
:102EE00033689A4236DB974C2368002B00F0FC8055
:102EF000022B00F0AF810D21934808F03BFE934870
:102F000009F0DCF9924B1B68002B00F0E280012BEA
:102F100000F0F0808F4C90480E2108F02BFE00202E
:102F2000FFF718FAFEF736FB0B218C4808F022FE5B
:102F30002068FEF72FFB0B21894808F01BFE306844
:102F4000FEF728FB0123AE2179482B6007F050F8EB
:102F5000FFF7C4FB2C68012C7FF47EAFFDF7B6FFB2
:102F6000042007F03BFF0446032007F037FF14B9A5
:102F7000002800F01D817B4F7B4B3A681B689A420A
:102F8000FFF46AAF794B724A1B681468B3FA83F393
:102F90005B090020844214BF002603F00106012CC7
:102FA00014BF002403F00104FFF7D4F9694B1B6838
:102FB0009842ACBF002004F00100002840F04F818F
:102FC000002E40F04C81FDF777FEFEF78BF8594B51
:102FD000674F1C68DFF8D081DFF8D0A13046FFF7DB
:102FE000B9F9644A644B1268201A841A24EAE4741A
:102FF00083FB04232344E017C0EBE32009F00CFE1D
:1030000009F02AFC0AF01EF95C4A5D4B386002FBAD
:10301000004483FB042323448146E017C0EB631084
:1030200009F0FAFD09F018FC0AF00CF903011A1A6C
:10303000C31A04EB830492004FF4616303FB092974
:10304000C8F800404C44092CCAF8000038DD31466D
:10305000022007F0BDFEFFF72DF84A4A4A491368DF
:103060003A4823F010431360FDF74AFC39683748AB
:1030700009F08EF9DAF80010344809F089F9D8F827
:1030800000103248FDF74AFC08F028FE642007F0E3
:10309000B9FE98F800309AF8002039783B4806F0DD
:1030A00017F93B4805F0EAFE0121022007F090FEE7
:1030B0004FF4967007F0A6FE364B1868FFF780F8BD
:1030C00001233C2202211A4806F0FAFF00232B605C
:1030D000C2E6314B254A31681B6812681D4C0B440F
:1030E0001A443260236016E70A210E20FEF7BEFF65
:1030F0002368FDE61D4B1A68002A40F0C380274A6A
:1031000033681768134C2649104803F5A83202F5B6
:10311000C0723B4432602360FDF7F2FB2068FEF78B
:1031200039FAF8E6A80A00205C4F0020A8510100F7
:1031300014530020644F0020B45101009852010044
:103140002C550020B00A0020BC51010024000020B2
:10315000BC54002084530020DC510100EC510100DC
:10316000F85101006C4F00205453002098FAFF1FC3
:10317000C054002004FAFF1FC5B3A291F0F1FFFF75
:103180008988888880F002402C5201009C530020DE
:103190009054002080FAFF1F90FAFF1F5053002028
:1031A000CC510100845500202055002024540020DB
:1031B0003A4B3B4C1B683B4A3B4E3C4DA06C5B0280
:1031C000002103F12407A6F8B41157609362A5F813
:1031D000B411002836D004F041FAA06C304B48B34B
:1031E0002C22304904F0F6FA314805F073F9012336
:1031F0003C2202212F4806F063FF642007F002FE04
:10320000FEF7B2F907222C492A4809F041F829486B
:1032100009F054F80121274806F032FC1022274912
:10322000244809F035F8234809F048F8214807F008
:1032300051F8FEE7D86C0028D6D02C22194903F0AB
:1032400077FAD1E7E06C0028CED00022002302F00C
:10325000F9FCC2E70B210E20FEF708FF4BE61448ED
:1032600005F038F9FDF73EFFFFF7AEF800231449EB
:1032700014483B60FDF744FB134B12481988FDF7D7
:103280004DFBE9E5114B31681B68114C0B441A44A6
:1032900032602360FFF7AAFA3DE600BF6C4F0020C2
:1032A000D05400208C550020704F00202C5100205D
:1032B000E054002014530020045201000C5201007D
:1032C0002052010024000020E057002090FAFF1F48
:1032D000845300202DE9F04F91B0FEF7B7F9FDF7C8
:1032E0002BFD0821B148DFF84CB3B14EB14C08F0CA
:1032F00041FCB14808F0E2FF0020FFF72BF8CBF8C3
:103300000000FEF731F90622AC49AD4808F0C0FFD5
:103310000121AB4806F0B4FB10220021A84806F0BA
:10332000ABFB1222A749A64808F0B2FFA44808F058
:10333000C5FFA54B0121187807F04AFD4FF47A70BC
:1033400007F060FD0721A14802F03CFA0E219F48DA
:1033500002F0C4FA0C219D4802F07CFA9C4B96487E
:1033600000251D6008F0AAFF934808F0A7FF05217B
:10337000984808F0FFFB01218F4809F009F88E48B2
:1033800008F09CFF01218E4809F002F804229249BE
:103390008B4808F07DFF8A4806F09CFF642007F008
:1033A00031FD8E4B8DF81D501F7809958DF81C70DE
:1033B000089607AB93E807000AAB83E807008DF88F
:1033C00029500C958DF828700B9693E807000DABEB
:1033D00083E807000F9A009204F591650CCB28460C
:1033E00004F29C4105F0E8F994F89534C4F884544B
:1033F0007BB11C217A4808F0BDFB6F4808F05EFFE6
:10340000092278496E4808F043FF6D4806F062FFD4
:10341000FEE72946204605F0B3F80028E9D0D4F8A5
:103420007804002800F0FF8504F04CFF05460821D1
:103430006D4808F09FFB29465F4808F0A9FF5E48E9
:1034400008F03CFF28460AF04FF868490AF0A0F857
:10345000D4F87834574A0546002B00F05086187986
:103460000AF03EF8014628460AF092F80AF07CFA83
:103470000546D4F8840405F079FB0AF031F85B497D
:103480000AF086F80AF070FA0A210446584808F053
:1034900071FB214600230A22474808F039FF4648BD
:1034A00008F00CFFC72D00F2B985494A00231360CC
:1034B0001121504808F05EFB45493F480968002348
:1034C0000A2208F025FF3C4808F0F8FE40493C4835
:1034D000096800230A2208F01BFF012246493848E8
:1034E00008F0D6FE00230A222146354808F010FFD6
:1034F000334808F0E3FE324806F0ECFE4FF47A70F1
:1035000007F080FCFDF772FEFDF716FCFEF70EF9E2
:103510003A4B1A683A4B9A4200F2C385394A384B03
:1035200012689A4200F28885374B1A78172A00F2FF
:103530008F85364B1A783B2A00F29585344B1A78E2
:10354000172A00F29B85334B1A783B2A00F2A1859B
:10355000314B1A68012A05D9002211460C201A6045
:1035600007F06CFA2D4B1B68082B00F2BF852C4B23
:103570001B780C2B00F2B1852A4B1B680F2B00F235
:10358000A385294A1368013B012B05D9012319465C
:103590001020136007F052FA244B1B889BB2B3F53E
:1035A000B77F80F08785224E354668E040520100A3
:1035B00080F0FA02B84A0020240000204C5201009A
:1035C00014530020545201008C530020F0FAFF1FC6
:1035D00058530020B451010068520100E05300200C
:1035E000A0520100C052010070520100BD37063ADE
:1035F0007C520100885201009C52010090FAFF1F8A
:10360000A086010098FAFF1FAC0A00208055002018
:1036100028540020684F0020BC54002080FAFF1F6F
:103620008CFAFF1F00FAFF1F0CFAFF1FAE0A0020E2
:103630005C4F0020B44A0020032007F0CFFB002895
:1036400060D0082007F0CAFB002844D0FDF78CFFAB
:10365000FEF7C4F8FFF79EF9FEF7F4F8FEF716F947
:103660000020FEF777FE3721FFF7A0FB9A4806F00F
:1036700031FE0A2007F0C6FB002C40F0CC8400206D
:10368000FEF768FEDBF800403060041BB4F5167FDF
:103690004FF00400D4BF0024012407F09FFB002852
:1036A000CAD1042007F09AFB38B90A2007F0AAFB18
:1036B000042007F093FB0028F7D0884A8849136854
:1036C000096801338B421360A4BF00231360B3E782
:1036D0000A2007F097FB082007F080FB0028F7D0AE
:1036E0007E4B1B68072B00F28584DFE813F025046E
:1036F00044003C01DF00C0035101A00072000A2019
:1037000007F080FB032007F069FB0028F7D0734A1D
:103710001368013B002B136093DA714B1B68013B6C
:1037200013608EE76F4B1868FDF7BCFE6D4B186099
:10373000FDF71AFF07226C49674808F0A9FD6648A3
:1037400008F0BCFD67496448096800230A2208F0B4
:10375000DFFD3A466549604808F09AFD5E4808F08A
:10376000ADFDFFF717F9FEF76DF85B4806F0B2FD07
:10377000022007F047FB082007F030FB012807462E
:1037800001464FF46162CDD0082007F027FB0028E6
:10379000FAD0524B00221A6000F02CBC544B18880F
:1037A00080B2FDF77FFE524B80B21880FDF7DCFE41
:1037B0000A225049484808F06BFD4D4B464819888D
:1037C00089B208F0E5FD444806F084FD022007F0C8
:1037D00019FB082007F002FB012840F26D124FF0A0
:1037E0000001DBD0082007F0F9FA0028D1D1082029
:1037F00007F0F4FA0028F5D0CBE73F4B1878FDF737
:1038000051FE3D4B1870FDF7AFFE09223B4932488F
:1038100008F03EFD38493048097800230A2208F0B4
:1038200077FD2D4806F056FD022007F0EBFA082040
:1038300007F0D4FA012801464FF00C02DDD0082031
:1038400007F0CCFA0028A4D1082007F0C7FA002816
:10385000F5D09EE72A4B1868FDF724FE284B186028
:10386000FDF782FE27491C48042208F011FD1A4882
:1038700008F024FD224A244B126853F8220009F074
:1038800033FE224909F038FF09F0D8F902460B4609
:1038900011481F4908F02EFDFFF77CF8FDF7D2FF15
:1038A0000D4806F017FD022007F0ACFA082007F0DB
:1038B00095FA01284FF008024FF00001CAD0082005
:1038C00007F08CFA00287FF464AF082007F086FA2E
:1038D0000028F4D05DE700BF145300208853002077
:1038E000C0FAFF1F90FAFF1F285301003053010058
:1038F000AE0A0020885301008CFAFF1F9453010088
:1039000080FAFF1F3C5301003CFAFF1F00007A447D
:1039100044530100B64B1868FDF7C4FDB44B186062
:10392000FDF722FE0622B349B34808F0B1FCB248C5
:1039300008F0C4FCAE49B048096800230A2208F028
:10394000E7FC3A46AD49AC4808F0A2FCAA4808F0AA
:10395000B5FCFFF71FF8FDF775FFA74806F0BAFCA6
:10396000022007F04FFA082007F038FA012807462E
:10397000A34A4FF00001CDD0082007F02FFA00280D
:103980007FF407AF082007F029FA0028F4D000E7F9
:103990009C4FDFF88882049450E0306805F0F2FD17
:1039A00040F634024FF4FA613860FDF77BFD3B6866
:1039B000C8F80000984224D0286805F09DFD814693
:1039C000286805F0A7FD8246286805F0B1FD044689
:1039D000286805F0BBFD0390286805F0C5FD009040
:1039E000D8F80030A3F5FA6E2246039BCDF804E028
:1039F00051464846FEF7ACFA0020FEF7ABFCCBF888
:103A00000000FDF7B1FD05227F497B4808F040FC2E
:103A1000794808F053FC0020FEF79CFC05F0B2FD4D
:103A20000146754808F0B4FCFEF7B4FFFDF70AFF45
:103A3000714806F04FFC022007F0E4F9082007F077
:103A4000CDF90128A9D0049C082007F0C7F9002867
:103A5000FAD0022007F0D6F96C4FDFF8C481059444
:103A60004FE0306805F080FD49460C223860FDF7D4
:103A700019FD3B68C8F80000984225D0286805F079
:103A80003BFD8146286805F045FD8246286805F023
:103A90004FFD0446286805F059FDD8F80010049041
:103AA0002868039105F06EFD03990091A0F5FA6076
:103AB0000190049B224651464846FEF749FA0020F1
:103AC000FEF748FCCBF80000FDF74EFD06225049FA
:103AD000494808F0DDFB484808F0F0FB0020FEF7FD
:103AE00039FC05F041FD0146434808F051FCFEF762
:103AF00051FFFDF7A7FE404806F0ECFB022007F05F
:103B000081F9082007F06AF901288146A9D0059CAF
:103B1000082007F063F90028FAD0022007F072F9B4
:103B20003C4FDFF8008105944FE0306805F00EFD52
:103B300049461F223860FDF7B5FC3B68C8F8000015
:103B4000984225D0286805F0D7FC8146286805F002
:103B5000E1FC8246286805F0EBFCD8F800300493BD
:103B60000446286805F000FD0390286805F00AFD6A
:103B700003990091A0F5FA600190049B22465146FA
:103B80004846FEF7E5F90020FEF7E4FBCBF800001D
:103B9000FDF7EAFC04222049174808F079FB164893
:103BA00008F08CFB0020FEF7D5FB05F0CFFC0146AA
:103BB000114808F0EDFBFEF7EDFEFDF743FE0E4861
:103BC00006F088FB022007F01DF9082007F006F92F
:103BD00001288146A9D0059C082007F0FFF800289D
:103BE000FAD0022007F00EF9DFF83C8004946BE075
:103BF00098FAFF1F34530100145300203053010082
:103C00008051010040550020585301007855002094
:103C100060530100C454002068530100F053002099
:103C20007C550020DC530020A40A0020306805F0F9
:103C300063FC17220021C8F80000FDF733FCD8F818
:103C400000309842074622D0286805F063FC814680
:103C5000286805F06DFC8246286805F077FC04466C
:103C6000286805F081FC0390286805F08BFC039A16
:103C70000092A0F5FA600190234652464946384624
:103C8000FEF766F90020FEF765FBCBF80000FDF7B4
:103C90006BFC05229B499C4808F0FAFA9A4808F008
:103CA0000DFB0020FEF756FB05F026FC014696486A
:103CB00008F06EFBFEF76EFEFDF7C4FD924806F0BD
:103CC00009FB022007F09EF8082007F087F801287A
:103CD000ACD0049C082007F081F80028FAD002201C
:103CE00007F090F8894FDFF8448205944EE0306881
:103CF00005F010FC3B2200213860FDF7D3FB3B6848
:103D0000C8F80000984224D0286805F0F5FB8146E9
:103D10002868D8F800A005F00BFC0446286805F0D8
:103D200015FC0490286805F01FFC0390286805F036
:103D300029FC03990091A0F5FA600190049B2246AA
:103D400051464846FEF704F90020FEF703FBCBF886
:103D50000000FDF709FC07226D496B4808F098FA4E
:103D6000694808F0ABFA0020FEF7F4FA05F0D2FB40
:103D70000146654808F00CFBFEF70CFEFDF762FDFE
:103D8000614806F0A7FA022007F03CF8082007F087
:103D900025F80128ABD0059C082007F01FF8002863
:103DA000FAD0022007F02EF85A4FDFF884810594EC
:103DB0004EE0306805F0BCFB3B2200213860FDF787
:103DC00071FB3B68C8F80000984224D0286805F0D1
:103DD00093FB8146286805F09DFB82462868D8F849
:103DE000004005F0B3FB0490286805F0BDFB03908C
:103DF000286805F0C7FB03990091A0F5FA600190CF
:103E0000049B224651464846FEF7A2F80020FEF7E2
:103E1000A1FACBF80000FDF7A7FB07223E493A487C
:103E200008F036FA384808F049FA0020FEF792FA0E
:103E300005F07EFB0146344808F0AAFAFEF7AAFD19
:103E4000FDF700FD304806F045FA022006F0DAFFE3
:103E5000082006F0C3FF0128ABD0059C082006F01F
:103E6000BDFF0028FAD02D4B00221A60C2E0DFF817
:103E7000C4802FE02A4B1868FDF714FB284B18600C
:103E8000FCF75AFFFDF770FB052226491E4808F093
:103E9000FFF9234B1C48196808F07AFA1A4808F011
:103EA0000DFAD8F8000008F0C9FE00970B4602464C
:103EB000154808F075FA3A461B49134808F0E8F926
:103EC000FEF768FDFDF7BEFC0F4806F003FA384622
:103ED00006F098FF082006F081FF01284FF0020746
:103EE0004FF00F024FF00001C4D0082006F076FF1B
:103EF00000287FF44EAC082006F070FF0028F4D0B4
:103F000047E400BF7053010014530020F453002015
:103F10007853010048550020805301008853002049
:103F200000FAFF1F505301007C510100CC540020C7
:103F30004C530020B85400207A4CFDF715FBFDF7D8
:103F4000F5FB0D21784807F015FE2168774808F049
:103F50001FFA764808F0B2F90821754807F00AFE02
:103F6000744B186808F06AFE022702460B46009759
:103F70006E4808F015FA6D4808F0A0F908216E485F
:103F800007F0F8FD23686D4A684852F823100023B3
:103F90000A2208F0BDF9654808F090F91321684835
:103FA00007F0E8FD2268674B604853F822100023B1
:103FB0000A2208F0ADF95D4808F080F90A2262494A
:103FC000624808F065F9614808F078F901215F4816
:103FD00005F056FD13225E495C4808F059F95B482C
:103FE00006F078F90120FEF7B5F94FF4FA6006F013
:103FF00009FF0124574F3B78002B3FF427ABFDF717
:1040000095FB4FF0000300203B70FEF7A3F9CBF8BF
:104010000000FFF71BBB11B0BDE8F08F474BC83D58
:104020001D60FFF745BAD4F87C04002873D002F075
:1040300021FF0546FFF7FBB93C23474A19460420F8
:104040001360FDF75BFB454B1A78172A7FF671AAC0
:104050000022114608201A7006F0F0FC404B1A7836
:104060003B2A7FF66BAA0022114609201A7006F03F
:10407000E5FC3C4B1A78172A7FF665AA0022114608
:104080000A201A7006F0DAFC374B1A783B2A7FF6C2
:104090005FAA002211460B201A7006F0CFFCFFF732
:1040A00057BA3C23314A194600201360FDF726FB1E
:1040B000FFF734BA2E4A002313801188122089B2E8
:1040C000FDF71CFBFFF76FBA04232A4A19460F209D
:1040D000136006F0B3FCFFF754BA0123264A1946D1
:1040E0000E20137006F0AAFCFFF746BA0423234AF9
:1040F00019460D20136006F0A1FCFFF738BAD2F87C
:104100007C345BB193F83D340120984009F0E8F924
:104110000146FFF7A8B90546FFF789B90021FFF767
:10412000A2B900BF84550020CC5201002400002019
:10413000DC52010024550020E852010058530020B1
:10414000F45201002C5500200853010014530020A4
:1041500014530100604F002098FAFF1FAC0A0020A2
:104160008055002028540020684F002090FAFF1F3F
:10417000AE0A002000FAFF1F8CFAFF1F80FAFF1F13
:10418000CE4ACF4B1168CF482DE9F04F19605768E0
:10419000CD4ECE495F600468CD4ACE4DDFF8A0E336
:1041A0000A27142337608FB00B6040F2EE27137894
:1041B00043B12B78DB0705D50368DEF800105B1AE6
:1041C0000E2B08D8036811781B1B002900F0E18131
:1041D000B3F5FA6FEBD94FF4FA7006F013FEBE4F49
:1041E000BE4DDFF860A3DFF86093DFF86083012144
:1041F0001120002406F000FE0121112006F0E8FD48
:104200003C60642006F0FEFD4FF430533B606420B8
:1042100006F0F8FD4FF434533B60642006F0F2FDE5
:104220002968AF48AF4F23460A2208F071F8AC481E
:1042300008F044F84FF47A7006F0E4FD2968A848C5
:1042400023460A2208F064F8A54808F037F84FF42E
:104250007A7006F0D7FD23460A222968A048A24DAD
:1042600008F056F89E4808F029F8A04800F020FE13
:104270002146152006F0C0FD022006F0DBFA0121E0
:10428000022006F0B9FD0121022006F0A1FD012166
:10429000142006F0B1FD0121062006F0ADFD2146F7
:1042A000142006F095FD0121062006F091FD022163
:1042B000042006F0A1FD0221032006F09DFD02214D
:1042C000082006F099FD01233C220221884805F0D0
:1042D000F7FE8C2006F096FDFDF746F90A22854987
:1042E000834807F0D5FF824807F0E8FF804805F0D3
:1042F000F1FF6E21804807F041FDDAF8004057F8E1
:10430000240009F0F1F8C9F800002046FDF758FF35
:10431000FEF7E0FFDAF8004057F8240009F0E4F86F
:10432000C9F800002046FDF74BFFFDF71DF9D8F84E
:1043300000303B2B06D9B3F5967F34BF3C234FF4B6
:1043400096732B606D4C6E4F0120FEF703F82968C1
:1043500022886C4D90FBF1F392B201FB031105FB37
:104360000213B4F800E03968674CDFF8E4C1674D28
:10437000206019441FFA8EF2CCF800102B60002A3E
:1043800040F00B8100211220FDF7B8F93868604E2B
:10439000DFF8C0A1DFF8C0B109F0A2F8D9F8001029
:1043A00009F0F6F84FF06E5109F0F2F84FF0745141
:1043B00009F0EEF808F042FC08F0C6F90022554B6F
:1043C00008F090FC08F03EFF534AD8F8003011681E
:1043D000524AC1EB0309524B126829EAE97983FB7F
:1043E000091302FB00F24B444FEAE9703260C0EB64
:1043F000E32008F011FC08F02FFA08F023FF494EE3
:10440000494BCAF8000006FB009683FB06233344A1
:10441000F017C0EB631008F0FFFB08F01DFA08F07E
:1044200011FFDFF83891A0EB0012034606EB82067D
:1044300010213E48CBF80030C9F8006007F09AFB25
:10444000DAF80010264807F0A3FFDBF80010244834
:1044500007F09EFFD9F80010214807F099FF204887
:1044600007F02CFF0821324807F084FB39681C480C
:1044700000230A2207F04CFF194807F01FFF08210C
:104480002C4807F077FB0A220023D8F800101448C4
:1044900007F03EFF124807F011FF0E21264807F0F3
:1044A00069FB2068FDF776F80C21244807F062FBD1
:1044B0002868FDF76FF82B6852E000BF5880044071
:1044C0007C530020DC560020E05300208C53002059
:1044D000C0570020D857002010D0034000D0034020
:1044E000240000203CFAFF1F84FAFF1F64560020BE
:1044F00014530020A05301000082FF1FAE0A0020C9
:1045000090FAFF1F805101005C4F0020644F002093
:10451000545300200000404004FAFF1F0CFAFF1F14
:10452000C5B3A291F0F1FFFF898888882C52010061
:10453000D4530100E0530100DC510100EC530100B1
:104540008858002080FAFF1F88FAFF1F98FAFF1F83
:1045500084530020C0540020245400202055002003
:10456000246873481C1B152107F004FB2146714881
:1045700007F00EFF6F4807F0A1FE6F496F4B002058
:104580004FF0FF3208601A600FB0BDE8F04FFCF743
:10459000A9BDBB427FF60BAE1DE60021022006F04E
:1045A00017FC0021142006F013FC2A6823686048D9
:1045B000D31A1521039307F0DDFA03995D4807F03C
:1045C000E7FE5C4807F07AFE4FF01E0BFCF7CCFFCD
:1045D00005225B495B4807F05BFE5A4807F06EFE18
:1045E0000120FDF7B7FE01212060564805F048FA8A
:1045F00005225549534807F04BFE524807F05EFE2E
:104600001A212868FEF7D2FB37212068FEF7CEFB7F
:104610004C4805F05FFE4FF47A7006F0F3FBBBF1F7
:10462000010BD3D1039B3C2B28DDAE21454805F07F
:10463000DFFC0121112006F0CBFB002211461423E0
:10464000424804F045FE0A2006F0DCFB0021112060
:1046500006F0BEFB3E4804F011FC0121062006F0E6
:10466000B7FB0120FDF776FE00212060062006F052
:10467000AFFB2B6822689B1A3C2BD6DC0121022061
:1046800006F0A6FB0121142006F0A2FB0121062062
:1046900006F09EFB4FF47A7006F0B4FB07212D481C
:1046A000DFF8B4B001F08EF80E212A4801F016F9B7
:1046B0000C21284801F0CEF896F800C0DFF89CE005
:1046C0008DF814C000268DF815600796CDF818E017
:1046D00005AB93E8070008AB83E807008DF821607D
:1046E0000A968DF820C0CDF824E093E807000BABC4
:1046F00083E807000D9A00920BF591660CCB3046CB
:104700000BF29C4104F058F89BF89534CBF8846484
:1047100023B1DAF80000FDF753FD33E63146584681
:1047200003F02EFFDAF80000FDF74AFD2AE600BF8D
:10473000AC53010024000020A80A002044550020AA
:10474000C453010014530020CC5301009C5300209B
:1047500090540020F0FAFF1FB84A002080F0FA02BF
:10476000002070470020704738B5242908BFC28058
:104770000C46017A0E48154600F046FCC4F30721AA
:104780000B4800F0EFFAE1B2094800F0EBFAC5F38C
:104790000721074800F0E6FAE9B2054800F0E2FA1E
:1047A000034800F0F3FDB0FA80F0400938BD00BFC7
:1047B0006456002038B5012504460571334800F0E1
:1047C00077FB052006F01EFB204644F260023021F4
:1047D000FFF7CAFF20466C222621FFF7C5FF2046BF
:1047E0004FF4F9722821FFF7BFFF204640F62272EE
:1047F0002C21FFF7B9FF204644F246423C21FFF747
:10480000B3FF204640F237122421FFF7ADFF2046C8
:1048100044F2FF023021FFF7A7FF73220221204656
:10482000FFF7A2FF4FF4C87006F0ECFA204641F6FD
:104830001D522E21FFF798FF042211462046FFF754
:1048400093FF20464FF498720621FFF78DFF204614
:1048500010220A21FFF788FF204600220E21FFF7D1
:1048600083FF204643F63C421021FFF77DFF2046A0
:1048700047F67F722221FFF777FF20463622242158
:10488000FFF772FF6572284638BD00BF64560020EE
:1048900038B50546F1B1802903799ABFC1F180048A
:1048A00044EA0424002433B9224628462221BDE8E4
:1048B0003840FFF759BFC288002322F0100203716D
:1048C0002421FFF751FF224628462221BDE8384027
:1048D000FFF74ABF0123037147F67F722221FFF7DA
:1048E00043FFEA8842F01002284692B22421BDE834
:1048F0003840FFF739BF00BF0B4610B507490446E3
:10490000184608F045FE064908F03AFD09F02CF873
:1049100001462046BDE81040FFF7BABF0000014342
:10492000EE7CFF3E10B5044619B1012911D00020DC
:1049300010BD55222021FFF717FF0028F7D0E2888D
:1049400042F00402204692B22421BDE81040FFF755
:104950000BBF40F273122A21FFF706FF0028E6D0B2
:10496000882220212046FFF7FFFE0028DFD0E288C2
:10497000204622F004022421BDE81040FFF7F4BED7
:1049800010B5044607F0FEFB204610BD024A03495D
:10499000034807F0E9BF00BFFCF9FF1F8149000091
:1049A000BC5500201B4A1C4B11681C48096970B497
:1049B00099421279027009D2194A127832B3194A0F
:1049C0004FF08041116003F5807402E01C46A3F5AE
:1049D0008073154A154912680D68AAB1A5B1144E25
:1049E0003088402810D841000A444030294402321F
:1049F0000231308033F9040B22F8020F9C4233F964
:104A0000020C21F8020FF5D870BC704703F58074D2
:104A1000DFE700BFCC550020B8F2FF1F1F80004029
:104A2000C655002008E200E0D4550020C8550020FB
:104A3000C4550020F8B5064607F0D0F90446E8B1A1
:104A400007F0CCF9054600283AD072B61F4B1A88F9
:104A50007F2A19D8002C31D01D490A6842B162B6AC
:104A6000204607F00FFA2846BDE8F84007F00ABADA
:104A700018480C601A80056062B6F8BD054672B62B
:104A8000124B1A887F2AE5D9114A12491768146017
:104A900000220C681A800D6062B63946304607F075
:104AA0001BFA384607F0EEF930462146012207F09E
:104AB00013FA2046BDE8F84007F0E4B962B6F8BD45
:104AC000204607F0DFF92C46BFE700BFC4550020A1
:104AD000D4550020C8550020F8B5284C284E204653
:104AE000012107F0EBFA00F083F8264B264A27480D
:104AF0004FF480611960236800211A60998022793F
:104B0000186102F1804202F5043240F20110D880AF
:104B10009E614FF48075022006278E26DD82D960C3
:104B2000DD8398609F8398821170167007F06CFA8D
:104B30001749184B2279184F08701A703968227972
:104B4000164C174D174E41F0124141F0010153111F
:104B500039609B00206803F1604302F1100703F500
:104B6000614302F01F02012140F0104001FA02F2FD
:104B7000206045F827601A60F8BD00BFCC550020C2
:104B800000FEFFFF14B00440A0F00240B8F1FF1F88
:104B9000C65500201B80004080F0024000F002401B
:104BA00000F4FF1FA5490000024A0349034807F02B
:104BB000DBBE00BFFCF9FF1F81490000CC5500207F
:104BC000024A0349034807F0CFBE00BFFCF9FF1FAC
:104BD00081490000D8550020024A0349034807F0E4
:104BE000C3BE00BFFCF9FF1F81490000E055002053
:104BF000284B29491A68294842F400421A600A6879
:104C000042F002020A601A6842F002021A60036867
:104C1000002B3DDB224B1B68002B39DB214A4FF078
:104C2000864313601368002BFCDBF0B51E4C1F4855
:104C3000DFF8ACE01E491F4B1F4A204F204E214D8C
:104C400041F2100CC4F800C0002404600120CEF82A
:104C50000000DFF890E0C1F800E04FF48031196007
:104C6000194B1360DFF880E0184A3A60346028601E
:104C70001748CEF80000174CB9671748174946F88F
:104C8000503C4FF4C0632A61236003600B60F0BDA9
:104C9000704700BF3C8004404080044000F0024068
:104CA00080F0024000F1024004F1024060F0024056
:104CB00008F002400CF0024010F0024014F00240F4
:104CC000E0F0024084F002401B0F0100000F0F0FC4
:104CD0000300004708B004400CB0044018B0044082
:104CE00004F002400300000788F00240024A034932
:104CF000034807F039BE00BFFCF9FF1F81490000DF
:104D0000E8550020024A0349034807F02DBE00BFC2
:104D1000FCF9FF1F81490000F0550020024A0349B9
:104D2000034807F021BE00BFFCF9FF1F81490000C6
:104D3000F8550020024A0349034807F015BE00BF9A
:104D4000FCF9FF1F8149000000560020024A034978
:104D5000034807F009BE00BFFCF9FF1F81490000AE
:104D6000085600200A4B1B7813B90A4B1B786BB10D
:104D7000094A1378202B07D810B4581C074C107020
:104D8000E154012010BC70470123037100207047DB
:104D900076560020395600207756002018560020FD
:104DA000704700BF024A034B10781B78C01A704747
:104DB0007556002074560020064A07491378097872
:104DC000994204D90548591CC05C117070474FF0D6
:104DD000FF30704774560020755600203C56002066
:104DE000054B064A1B7812789A4286BF044AD05C6B
:104DF0004FF0FF30704700BF7456002075560020FA
:104E00003C56002070B50D4B1B78144613B90C4B63
:104E10001B788BB10B4E3578C5F12103A34202D22A
:104E200001221C460271084822462844254405F008
:104E30001BFB3570204670BD184670BD76560020AD
:104E4000395600207756002018560020124BDB7888
:104E500003F020034BB1114A13780133DBB2012B6D
:104E6000137012D9122005F055BF10B5122003F0AF
:104E7000FF0405F04FFF0A4B1B685BB109490A4A62
:104E80000C701078BDE810401847084B1B78002BB9
:104E9000E8D0704710BD00BF00600640605600209B
:104EA00014560020745600207556002039560020F4
:104EB0000D4A0E4BF0B500200D4C10702268DFF843
:104EC00038E00C4F42F0400222604FF4197127265F
:104ED0000425202480229870CEF8001039605E707E
:104EE0009D715C719A70F0BD3956002000600640DB
:104EF0003480044008A004400CA0044010B5384C95
:104F0000E378DBB2D80623D510225906E2701ED50D
:104F100003F0040303F0FF02002B33D0314B32497E
:104F20001A68324C00230B702370002A3BD0904744
:104F30002378002B37D02E4B1B78294A2D49D024BB
:104F400094701371264B012002220870DA7010BD94
:104F50005A06DDD4A27802F0100202F0FF0042B33C
:104F600013F001031BD1234920480A7800789042AE
:104F700081BF1F4B501C9B5C08702371184BD022C3
:104F80009A7008E01C48164B174902700120C02295
:104F900008709A701B79124B0222DA7010BDC02380
:104FA000A3702379F7E71249002301220B702270C6
:104FB000C3E7124B124918700322122005F02EFE8F
:104FC0000D4923790A781F2ADBB2E4D80648007815
:104FD0000028E0D00B4C501CA3540870DBE700BF46
:104FE000006006405C5600201056002077560020D6
:104FF0001856002078560020755600206056002074
:105000004D4E00003C5600200548064A10B40123CE
:10501000054C037049001370217010BC704700BF2D
:105020007656002077560020185600202DE9F047CC
:10503000584C1223E370A37803F0200382B0002BB6
:1050400054D0B423DFF860A1A370DAF80020514CEB
:105050000020E378DBB2934218BF01209F061A4676
:10506000F7D5002840F08D804B4B1B78002B34D0B7
:1050700003F1FF3C5FFA8CFC0027DAF80020DFF830
:105080002CE1444D0CF1010C3C464FF002081EF897
:10509000013F2B715FFA87F9104601E09E0608D5A3
:1050A000EB78DBB293421CBF184601249E071A46D8
:1050B000F4D585F80380EE78F6B2B3420EBF02460F
:1050C00032460124F30633D4B30631D5F30744D472
:1050D00001376745DBD1002C4AD1002000292ED1B1
:1050E0002E4B00221A7002B0BDE8F0872C4DDFF87D
:1050F000B8A003F0FF022B680093009EDAF80000CE
:1051000005E02B680193019B9B1B0F2B1BD8E378B9
:10511000DBB2834218BF012213F0200F1846F0D1F2
:1051200092BB20481B4B0024B02204709A708CE77D
:105130000CBB184B80229A7004200029D0D0154B4C
:1051400080229A70CCE7CAB9124B00218022042039
:1051500099709A7002B0BDE8F087C4B90D4BB9F1EF
:10516000000F4FF080020CBF022003209A70B7E7B7
:10517000CAF80020B1E7CAF80020DAE7CAF8000050
:10518000E2E7CAF800306FE7CAF80030C9E7CAF8AA
:105190000020E3E7006006407756002076560020A6
:1051A000DC56002039560020ECFAFF1F175600206D
:1051B0002DE9F04F624E634DDFF8989100201224E4
:1051C000287089F80000F470B07800F02000002802
:1051D00055D0B420DFF880A1B070490041F0010142
:1051E000574EC9B23171DAF8000000240546F17853
:1051F000C9B281421CBF0D4601248F070846F6D56F
:10520000002C40F091804E480224C470C078C0B297
:10521000884218BFCAF8000010F0110076D1002AA9
:1052200044D0012A78D0464D474FA021A97002F101
:10523000FF3BA2F1020E2979DAF8004006465FFA38
:105240008BFC5FFA8EFE4FF00208E978C9B2A142EA
:1052500018BF01200C46A107F7D5711CB64585F88B
:105260000380CEB22AD0297907F8011F6645ECD118
:1052700008B1CAF80040354EE34610462AE0DFF890
:10528000D8A0DAF8004000F0FF05F078C0B2A042E4
:1052900018BF01250446A006F7D4002D47D12C4C99
:1052A000274800252570B024847096E7002B244BF6
:1052B0000CBFA02280229A70BDE8F08F002839D15F
:1052C0001F49224EA8208870097906F80E105FFA4F
:1052D0008BFB1046DAF80040194F0025F978C9B267
:1052E0008C4218BF01250C46A107F7D52DBB1449E8
:1052F000B0240225CD708C700C7906F80B400BB1F0
:1053000080238B7089F80020BDE8F08F0C4B802241
:105310009A700020BDE8F08F09490C4EA8248C70CB
:10532000834609791046D5E7CAF800506BE7CAF8FA
:105330000040B4E7CAF80040C2E7CAF80040D6E728
:1053400000600640745600203B5600203C5600206A
:105350003956002075560020ECFAFF1FDBB2D2B29E
:10536000C9B2FFF725BF00BF0548064A10B40123A4
:10537000054C037049001370217010BC704700BFCA
:105380007656002077560020185600200121FFF79E
:105390004DBE00BF044B054A1A604FF47A710022DB
:1053A00099601A711A737047645600209455010071
:1053B00010B4047F4160022CC26002D010BC06F021
:1053C000FBBE836810BC18472DE9F0410468E5680E
:1053D00015F0807F794D256052D1DF0740F1B38011
:1053E000002900F0E3800D78012B18BF45F000453F
:1053F0006563013190F8248003F1FF3C48EA0828F6
:10540000BCF1000F00F0A88021B14D7811F8028B9B
:1054100045EA082845682E7ABCF1020F06F1FF36EE
:105420004FEA06360CBF48F0805548F01045B6B23A
:105430006563ACF1020C08E00AB114700132013B63
:1054400005F47045B54216D90468E56A15F0F00F09
:10545000F6D0A46B13F0010F17464FEA242EEBD1C0
:105460001AB107F802EB54703A4605F47045B5429C
:10547000A3F10203E8D8BCF1000F6DD00468C3E7C4
:10548000DD074CD5002900F089800D78012B18BF6D
:1054900045F000456563013103F1FF3E90F824C0FB
:1054A000BEF1000F41D029B191F801C00D78023151
:1054B00045EA0C2C45682E7ABEF1020F06F1FF3644
:1054C0004FEA06360CBF4CF080554CF01045B6B292
:1054D0006563AEF1020E08E00AB114700132013BBF
:1054E00005F47045B54215D90468E56A15F0F00F6A
:1054F000F6D013F0010F1746A46BEDD122B107F8D7
:10550000024B241254703A4605F47045B542A3F19B
:105510000203E9D8BEF1000F07D00468C3E79E4636
:1055200090F824C0BEF1000FBDD11BB30468E16A3E
:1055300011F0F00FFBD0A16BDC071DD50AB1117083
:105540000132013BF1E790F824809C4648EA0828A4
:10555000BCF1000F7FF458AF63B10468E16A11F049
:10556000F00FFBD0DE07A16B0FD50AB1117001322D
:10557000013BF1E7BDE8F0812AB114460D1204F8B1
:10558000021B55702246023BCFE72AB114460D128A
:1055900004F8025B51702246023BDDE790F824508C
:1055A000012B18BF45F00045656375E790F824505E
:1055B000012B18BF45F0004565631BE700041F8001
:1055C000F0B4464B464A186BDC6A017911704549C4
:1055D00022790A709A6A00790870002A46D05968C0
:1055E000C9688A423ED82168CC8B240402F1FF307E
:1055F00065D4C0F30E00C883C88B80B2C882196B13
:105600000968C88B000452D4C2F30E00C883C88B4B
:10561000002480B212F1FF32C88218BF01229C62BE
:10562000D96A2E4809680D6800F12404A54236D0D5
:105630000068C46814F0804F0C680D6815BF24889A
:1056400024780235013544F000440D604463196B41
:10565000254B09791970214912B1CA6A12791A7059
:10566000F0BC7047521A9A620122D9E7586B196848
:1056700005681E4C0A63CC62CC682D681C4E24F071
:1056800080440327B542CC6083F825701FD1037F87
:105690004260022BC2601ED0F0BC06F08DBD0168D6
:1056A00090F82400CC6840F000404863CFE7CC8BF2
:1056B000C2F3080004F47E442043C883A7E7CC8BE0
:1056C000C0F3080004F47E442043C88394E72B46CB
:1056D0001146F0BC18478368F0BC1847F0FAFF1F6A
:1056E0001F8000401C8000401B80004000000FFF16
:1056F000B153000090E80C00F0B41C6859682568AC
:10570000164F174E29432160164D17491760D66072
:1057100015611160417A154A5C180A3194F82440E9
:1057200053F8215002EBC40149680D60017A5C18FE
:1057300003EB8101247ECD6902EBC40149680D6051
:10574000817A581803EB810390F83000596B02EB13
:10575000C002F0BC53681960704700BF01401F00D1
:10576000011000380110007800001F809C5C0100CF
:105770004268036805CA10B4046822430260D8680E
:10578000840100F0E06205D5080900F4706021F49E
:1057900070410143D8681143814209D01A6850040E
:1057A00008D40748186041F08040D96018611A6039
:1057B00010BC704741F08042D96010BC1A6170473C
:1057C00001401F00204A43689A42F0B40FD0427A49
:1057D0001A4492F82420914207D093F824408C4236
:1057E00015D093F825408C422AD0F0BC70470B2985
:1057F00007D00729EBD1154C227842F00102227024
:10580000E5E7124C227822F001022270DFE7002443
:1058100021461E685D6836682E420FD00C4D05EBA0
:10582000C202002756685A18376092F8242005EB08
:10583000C2050A316A6853F8213013604472D4E714
:1058400001242146E5E700BF3C5601002158002015
:105850009C5C01001E4A43689A42F0B40CD0027A64
:105860001A44127E914205D01C7E8C4214D05C7E7C
:105870008C422AD0F0BC70470C2907D00829EED101
:10588000144C227842F002022270E8E7114C227890
:1058900022F002022270E2E7002421461E685D68C1
:1058A00036682E420FD00C4D05EBC2020027566819
:1058B0005A183760127E063105EBC20503EB8103EF
:1058C0006A685B6813600472D4E701242146E5E747
:1058D0003C560100215800209C5C0100204A43688E
:1058E0009A42F0B40FD0827A1A4492F83020914252
:1058F00007D093F830408C4215D093F831408C4259
:105900002BD0F0BC70470D2907D00E29EBD1154CD8
:10591000227842F004022270E5E7124C227822F04D
:1059200004022270DFE7002421461E685D683668A5
:105930002E4210D00C4D05EBC202002756685A18B3
:10594000376092F830200C3105EBC20503EB810380
:105950006A685B6813608472D3E701242146E4E738
:105960003C560100215800209C5C01000BB1FFF760
:105970002BBD704710B5044600F03CFD002384F8B1
:10598000313084F8333010BD90F831200AB1002056
:10599000704738B504460D461146382208F0E6FD3A
:1059A0004023012084F8313084F83300256238BD6B
:1059B000F0B50878202803D111F8010F2028FBD07A
:1059C00051600878002851D02F282BD05C2820D097
:1059D000A0F12204E4B21D2C1DD9DFF894E04E1C86
:1059E00000247C28A0F12005374612D05E2D10D867
:1059F00016F8010BA0F12205EDB2013478B32F287F
:105A000011D05C282EFA05F703D01D2DE9D8FD072B
:105A1000E7D50020F0BD164D25FA04F4E607DCD5E5
:105A20000020F0BD00240F193E4625462F2002E03D
:105A300016F8010F01352028FAD02F28F8D0294474
:105A4000196044B1394611F8013D2E2B01D0202BAD
:105A500008D1013CF7D1204610600120F0BD1F6045
:105A60000F19EFE7FF2CF6DD0020F0BD1960F3E71A
:105A7000010100352DE9F04790F83330DD0782B0A1
:105A8000044640F1AD8058060D46164640F1B380FD
:105A9000D4E90001D4E9042310EB060841F1000920
:105AA0004B4508BF4245C0F0AC80002E00F0AB80F3
:105AB000A146F9E80623B04650E013436CD194F8B0
:105AC00031305A064CBFD0F82C14E169A16190F82E
:105AD0003DC4D0F8242402397F0A01FA0CFEB9181B
:105AE0007144BAF1000F43D1B8F5007F40D3D0F82C
:105AF000142291423CD0B8F5806F54D34FF0010A84
:105B00000AFA0CFCC7EB0C074FEA582ABA4528BF23
:105B1000BA4691424FEA4A270CD80AEB0103934256
:105B200008D900F50370019100F0B2FF002857D0AA
:105B3000206A0199D0F8380453462A4603F058F8F1
:105B400000284DD038460021D4E9002312184B41DB
:105B5000B8EB07083D44C4E9002354D0206AD0F8CC
:105B600030741740C7F3080A002FA6D0A169AEE72A
:105B700000F50370002200F023FF88B3CAF5007718
:105B8000474528BF474600EB0A013A46284604F03D
:105B90006BFC38460021D7E794F833305B060FD50D
:105BA000A169013192E7D0F8380401232A4603F0B5
:105BB0001FF8A8B14FF4007000214FF40077C3E73D
:105BC0004A46A16901F0FCF840B2002808DB02D087
:105BD000206AA1697BE794F8313013F0500F14D19B
:105BE00094F832304FF0FF3043F0020384F8323043
:105BF00002B0BDE8F08794F8313019073FF548AF9F
:105C000053E7161A51E74FF00008C8EB060002B040
:105C1000BDE8F087F0B583B001220DF1070104461D
:105C2000D0E900678569FFF725FF012808BF9DF8C7
:105C30000700A56118BF4FF0FF30C4E9006703B04B
:105C4000F0BD00BF2DE9F04F90F831E0856983B0D9
:105C50000446BEF1000F1BD0D0E90001994208BFF5
:105C6000904216461F463BD056EA070307D1002351
:105C7000A3610120C4E9006703B0BDE8F08F1EF006
:105C8000080F0AD0D4E90423BB4208BFB24204D2B1
:105C9000A561002003B0BDE8F08F236A019393F85B
:105CA0003DC494F833A00CF1090C5FFA8CFC16F19A
:105CB000FF3247F1FF33CCF1200803FA08FB22FA48
:105CC0000CF242EA0B02ACF1200B23FA0BF31AF0B0
:105CD000400F42EA030205D0E3691A44A261C8E713
:105CE0000120D7E710F1FF3941F1FF3A29FA0CFC06
:105CF0000AFA08F84CEA080C2AFA0BFB4CEA0B0CDF
:105D00006245534617D21EF0400F16BF019BE36950
:105D1000D3F82C34A361904604F118094A46B8F12F
:105D2000000FA6D0A169206A01F04AF808F1FF38F7
:105D30000028F3D1ACE750EA0103E4D0CCEB020237
:105D4000E9E700BF2DE9F04F0E4693B090F831100F
:105D50000092054629B99A4696F8313013F0500F53
:105D600007D1002085F8310085F8330013B0BDE875
:105D7000F08F1C9B03F00303012B06D0022B00F0D5
:105D80000981002BEDD1012300E002231C9A02F0CF
:105D9000080213430193009B002B00F0FD8018467E
:105DA0000022514601F0D0F896F8313002904BB104
:105DB000D6E90023134305D000220023C6E90023BF
:105DC0000021B161B84A0AF10E0382FB03121A44A2
:105DD000DB17C3EBE203DBB24FF00009039302339E
:105DE0005FFA83FB4C464F4620220AA93046FFF754
:105DF00041FE00283DD02028B3D19DF828301A0656
:105E000066D4002C61D13268B1690791203A0892BA
:105E10000134E4B26BB3C02B00F09380C12B62D08D
:105E2000852BE1D138220021284608F09FFB9DF800
:105E30002C309DF8292085F83020D80603F0370251
:105E400058BF42F0080285F831203368316AB269E0
:105E50006A62203B2962AB6296F83330C3F3801349
:105E600085F82C3020220AA93046FFF703FE0028CF
:105E7000C1D11C9B99057FF574AF019B9A077FF5F3
:105E800070AF009B002B3FF46CAF5C450CD386E0F9
:105E900020287FF466AF24B93268B1690791203AAF
:105EA0000892DCB2A3457AD920220AA93046FFF72E
:105EB000E1FD631C0028EBD13046B76900F0C8FA59
:105EC00000283FF44EAFB761ECE75C45A2D29FE7F4
:105ED000B9F1000F9FD15C4538BF0024852B83D1D9
:105EE0004FF001099EE7C7EB0A085FFA88F8B8F19E
:105EF0000F0F28BF4FF00F0843463A4600990AA8F3
:105F000001F03EF800283CD04744FFB2BA457FF488
:105F10006BAF1C9B1B053FF524AF1C9B13F4884FF4
:105F200040F0A08095F833309F0700F19B801C9BC8
:105F30005B053FF516AF1C9B580400F1B7800120AC
:105F400014E79DF82930019A85F83320990703D585
:105F500042F0400385F83330DDE90C23DDE9100120
:105F6000C5E904230F9BEB61009BC5E90201002BEF
:105F7000CFD09DF82B30534505D04FF000094F4648
:105F800032E7814630E7BDF82C30029A9342F4D1D3
:105F9000002729E70323F9E6009B029312E796F80E
:105FA00033303822C3F38013002128460DF11C083A
:105FB0008DF8243008F0DAFA039C336ACDF80CA08F
:105FC00098E8070004F10109082485F831400AF136
:105FD0001E0705F12404DDF800A02B625FFA89F9A1
:105FE00084E80700FFB2002618460122414600F06F
:105FF000A1FE044600283FF4B4AE90F90030002B17
:10600000FFF6AFAE2022002108F0B0FA002E66D0D5
:10601000012E54D0C6EB06130F2FA3F11E034FF031
:10602000C102394628BF0F21DBB2227051B10234C0
:1060300009B204EB4101534413F8012B24F8022B5D
:10604000A142F9D10136F6B2B34529D92022414601
:10605000286A00F089FE01287FF483AE0F3FFFB26B
:10606000286AC2E795F8313013F0110F7FF479AE4A
:106070001C9B5E057FF55FAF95F833309C077FF57D
:1060800070AE002200232846FFF7DCFD00283FF415
:1060900068AE284600F0DAFA00283FF462AE4EE718
:1060A000284600F0A7F961E689888888D5E90423A5
:1060B0002846FFF7C7FD00287FF441AF51E6C02313
:1060C0002370019B032263F03F03627085F8333035
:1060D0009DF80C30E370BDF80830A380B2E785234B
:1060E00023700C4B85F8309084F801901B68002BCE
:1060F000A8D00DF117020DF11A0106A898479DF8D6
:106100001710BDF81A20BDF818302175228163815F
:1061100098E700BF845600202DE9F041044694B072
:1061200094F83150039200208DF849008DF84A0010
:106130008DF84B0035B9984691F8313013F0500F77
:106140000F4603D1002014B0BDE8F08113782F2B47
:10615000154626D000261AE0039B1B782046002B0C
:1061600034D0059A9DF810300096FFF7EBFD3422ED
:1061700021460028E6D006A804F076F9204600F073
:1061800039F9039D84F8316084F8336006AF2946FD
:1061900003AB04AA2046FFF70BFC39460028DBD1ED
:1061A000D0E70135039529782F29FAD0D1B13822CB
:1061B00006A800213E6A08F0D9F94022012306AF63
:1061C0000E968DF849208DF84B30C3E79DF81030BE
:1061D000059ACDF8008039462046FFF7B3FD14B08C
:1061E000BDE8F081382220463D6A08F0BFF940231F
:1061F0000120256284F8313084F83300A3E700BF22
:1062000019B101F58861FFF787BF0846704700BFE5
:106210008169F8B50446006A01B10131012200F03C
:106220004DFC012806462FD9012301461A46206A53
:1062300000F00EFD074638B3A06994F8333030B350
:106240005A0613D5421C964225D023F0400284F80A
:106250003320E36905E0206A00F0BCFDA0B1A0692D
:106260002B465D1C834219462A46F4D34FF0FF3279
:106270003146206A00F0AEFD30B1A16959B1324615
:10628000206A00F0A7FD30B900273846F8BD43F07A
:10629000400384F83330A6613846F8BD2DE9F04F4D
:1062A00000F1240B06469BE8070087B00DF10C08AF
:1062B00088E807000027BA463C4600224146306A7B
:1062C00000F038FD5FFA87F9054630B10278C02A40
:1062D00052D0C12A0BD0852A29D096F8323043F00B
:1062E000010386F83230002007B0BDE8F08F104679
:1062F00000216A5CE30343EA540412FA84F401299E
:10630000A4B201F101010DD01F29F2D9CA4551D023
:1063100020224146306A00F027FD012807F10107DD
:10632000CBD0DAE785280CBF04210221E1E7304B0E
:1063300096F831101B6890F801A001F037018180B8
:10634000002BD4D0316A91F80C2242F0010281F87E
:106350000C2202A80DF107020DF10A019847BDF8C1
:106360000A20BDF808309DF807106975AA812A82B5
:10637000EB816B822878BBE796F8333013F0400F3F
:10638000437814BF43F0020323F002034370D6E9BD
:106390000423C0E90223D6E90223F1694161C0E97F
:1063A0000623326A92F80C3243F0010382F80C3271
:1063B00000789DE759460122306A00F0BBFC0028B6
:1063C0008BD0356A4480284600F062FB002884D0D8
:1063D00005F5037000F05CFB00283FF47EAFD5F8B4
:1063E000380402F089FB00283FF477AF7CE700BF58
:1063F0008456002090F8312092B138B590F83320BF
:1064000011060FD4056A0446284600F041FB88B9FE
:1064100094F8323043F0010384F83230002038BD64
:106420000120704702F07F0280F83320BDE8384039
:10643000FFF734BF05F5037000F02AFB0028E7D012
:10644000D5F8380402F058FB0028E1D0012038BD0F
:106450002DE9F04190F831305906044663D4806844
:10646000236AD3F834341844B0F1806F02D300208B
:10647000BDE8F0812046FFF7CBFE0028F7D0266A62
:1064800096F80C32DA0706F5037550D4284606F55F
:10649000067600F08FFA4FF400720021304608F0C3
:1064A00065F8226AA36992F83D04D2F82414A3F196
:1064B0000208012708FA00F817FA00F3884418BF09
:1064C000002511D0D2F8380408EB0501012332462B
:1064D00002F0C4FB01350028C9D0226A92F83D348D
:1064E00007FA03F3AB42EDD894F831305B0615D4CC
:1064F00094F8333063F07F0384F83330D2F8346497
:10650000D4E90223D4E9040192194FF000077B413A
:1065100080197941C4E90223C4E904012046BDE899
:10652000F041FFF767BF006A00F0DEFC98E72846FD
:1065300000F0AEFA0028A9D199E700BF91F83130F8
:1065400013F0500F01D10020704730B583B040F6F2
:1065500002251378526800950446FFF7F3FB10B943
:10656000002003B030BD102384F831302046FFF7FF
:106570006FFF0028F4D0A369E361002200232046C6
:10658000FFF760FBC123204684F8333003B0BDE839
:106590003040FFF72FBF00BFF0B5044695B094F828
:1065A0003160039200208DF849008DF84A008DF883
:1065B0004B0036B91F4691F8313013F0500F0D469D
:1065C00002D1002015B0F0BD13782F2B114627D033
:1065D000002603AB04AA2046FFF7EAF92946002863
:1065E000EFD0039B1B78204643B39DF81030059AEB
:1065F0000096FFF7A7FB40B9002FE2D0294604AA76
:106600002046FFF79BFF0028DBD02146342206A856
:1066100003F02AFF2046FFF7ADF906AD0399D8E74E
:10662000013103910B782F2BFAD0296A06A8FFF7C6
:10663000ABF90028C5D0039906ADC9E704AA2946DD
:106640002046FFF77BFF15B0F0BD00BF90F8333058
:106650009A0718D5F0B5C56983B08DB103F0400332
:10666000044603F0FF0083B9A169002941D10195D7
:10667000E1612946206A00F0BDFB30BB002000E04C
:10668000012003B0F0BD00207047206AA16990F896
:106690003D34D4E902670933DBB216F1FF36C3F1AA
:1066A000200E47F1FF3726FA03F207FA0EFE203BD1
:1066B00042EA0E0227FA03F31A430132B1B1013D57
:1066C0006D1A01312A4401910ABBD4E9000194F802
:1066D000333063F07F03C4E90201C4E9040184F8A4
:1066E00033302046FFF786FE03B0F0BD0195E1612F
:1066F000EAE702AA42F8040D206A00F061FB40B20A
:106700000028BBDB0AD1019D002DDED0B1E70023BC
:10671000019900F09DFA0028D7D1AFE74FF0FF3282
:10672000A169206A00F056FB0028ECD1A6E700BF63
:106730002DE9F04F90F8333085B09C070646019262
:106740000AD496F8323043F0010386F832304FF025
:10675000FF3005B0BDE8F08F1A078A4600F11181BD
:10676000019B002B00F021813146F1E80623DDF882
:10677000048003919346306AD0F830445B461C4055
:10678000C4F308094CBBB569002D00F0BD8096F834
:1067900033305B0640F1DC80D6E9022390F83D748B
:1067A0000937FFB212F1FF3243F1FF33C7F1200E78
:1067B00003FA0EFE22FA07F1203F23FA07F741EA17
:1067C0000E01F36939430B449D42C0F0B48030465A
:1067D000FFF71EFD0028B4D0306AB169D0F82474E8
:1067E00090F83DE48D1E640AE11905FA0EF529447E
:1067F000B9F1000F40F08180B8F5007F57D2D6E99B
:106800000423D6E90045B8F5007F474628BF4FF47A
:1068100000779D4208BF944234BF0122032200F555
:10682000037000F0CDF800288BD048443A4651461A
:10683000B94403F019FEB9F5007F00F091803846A5
:106840000021D6E90023D6E9044512EB000B43EB07
:10685000010C65455A46634608BF5C45BA44C7EB20
:106860000808C6E9002309D296F8331064465B464F
:10687000C6E9043461F07F0186F83310B8F1000FE7
:106880007FF479AF5A466346D6E90201994208BFC0
:1068900090427ED3464B1B68002B00F0848096F814
:1068A0003330019863F07F0386F8333051E7B8F551
:1068B000806F2DD3012303FA0EFEC4EB0E0ED0F829
:1068C00014324FEA5824744528BF744699424FEA5F
:1068D000442709D862189A4206D900F5037002913C
:1068E00000F068F8306A0299D0F83804234652461E
:1068F00002F0B4F90028A2D123E7C9F50077474593
:1069000028BF474601228AE7F169B9B1B16165E75D
:10691000D0F8143299422CD0D0F8380401235246D2
:1069200002F09CF900283FF40CAF4FF400700021F6
:106930004FF4007785E7691CB1614FE73046FFF7F8
:1069400067FC00283FF4FDAEB169F161306A45E7AC
:106950002946039A00F034FA00287FF43DAF36E769
:10696000306A00F5037000F093F800287FF467AFF9
:10697000E7E600F50370029100F01CF8306A029916
:10698000CAE7D0E90423FFF75DF900283FF4D9AE48
:10699000E6E696F83310019861F07F01C6E902231C
:1069A00086F83310D5E60198D3E6D6E900236BE7E5
:1069B0008456002000224FF0FF330270836070473E
:1069C000F8B543688BB30E468168B142174604465A
:1069D0000ED00278D20700F10C0512D4BB071CD5EB
:1069E000002307F001021A432270A6602846F8BD72
:1069F000054607F0010215F90C3B1A4322702846A0
:106A0000F8BD18462A46012302F028F968B1237818
:106A100023F001032370BB07E2D401232A46314649
:106A2000606802F0E5F80028DAD10020F8BD00BF68
:106A300038B50C46D0F81C14154601EBD41100F5FE
:106A400003700022FFF7BCFF40B1A400C4F30804A8
:106A500003595A1C04D02B60012038BDFF2038BDDB
:106A6000002038BD38B50C46D0F81C14154601EB93
:106A7000D41100F503700122FFF7A2FF034628B1ED
:106A8000A400C4F3080401201D5138BD38BD00BF67
:106A90000378DB0701D40120704710B500F10C0228
:106AA000044681684068012302F0D8F820B12378B9
:106AB00023F00103237010BD10BD00BF2DE9F84F76
:106AC000804691468B46002944D08F1ED8F8283442
:106AD0009F423BD207F00705012303FA05F5EDB20B
:106AE000C7F3C80A3E463C46D8F82414002201EBFE
:106AF00014314046FFF764FFC0B110F80A100AE0F5
:106B00004A452AD0A74210D0D8F82824944217D258
:106B100013F0FF050CD001340D424FEA4503A4EBFE
:106B20000602EDD0A7422646EED10120BDE8F88F3F
:106B30000AF1010ABAF5007F4FF00105DDD101E04D
:106B4000002634464FF0000A0125CDE70027BA465B
:106B50000125C7E7D0F81874B8E7BBF1000F04D1DE
:106B6000B9F1010F08BFC8F81864B01CBDE8F88F70
:106B7000F8B5044600234FF0FF3600F50377C0F860
:106B800038144160C0F810121546384684F83C3479
:106B9000237084F80C32A660C4F814621A461946B1
:106BA000FFF70EFF042D0CD8064650B15DB9052243
:106BB0002649F01C07F0F2FF18B996F86C30092B43
:106BC00019D00020F8BD6B1E00EB031393F8BE2113
:106BD00012F07F02F5D193F8C231002BF1D000EB17
:106BE00005153846D5F8B6512946FFF7E9FE0646A1
:106BF0000028DCD1E5E7336D2B44C4F81C34736DF9
:106C0000C4F82034B36D1D44C4F82454F36DC4F8A3
:106C10002834336EC4F82C3496F86D3084F83D3443
:106C20000125093305FA03F35A1EC4F81804014676
:106C3000C4F83434C4F8302420462A46FFF73EFF17
:106C4000402384F83C342846F8BD00BFB456010008
:106C50002DE9F04702398046D0F8280415468A18F5
:106C6000824238D89A46D8F81834BAF1000F35D194
:106C7000994238BFC8F8181401F007040122D8F867
:106C8000243402FA04F4E4B203EB1139C1F3C80668
:106C90000122494640469144FFF792FED8B1871938
:106CA00000F5007017F8012B224214BF01260026C0
:106CB000564582EA04024FEA44040CD0013D07F82D
:106CC000012C15D014F0FF04EED1B84226464FF047
:106CD0000104E7D1DCE70020BDE8F0879942CBD87A
:106CE0009A42C9D9824228BF0022C8F81824C3E7B3
:106CF0000120BDE8F08700BF70B582B002AE054646
:106D000046F8041D0024D5F828340199013399422E
:106D100002D9002002B070BD32462846FFF788FE37
:106D200040B20028F5DB04F10104ECD1204602B0AA
:106D300070BD00BFF8B50E4696E82800D0F83014B4
:106D4000D0F8244490F83D742940023B04EB5121D3
:106D5000BB40194400F50370FFF732FE18B17368A9
:106D6000C3F308031844F8BD70B54C680D46A3186A
:106D7000D0F830146B6090F83D340C400933224455
:106D8000DBB222FA03F406463CB12B7A3BB12B6806
:106D900001332B60013C002CF7D1012070BDD6F8E7
:106DA000283429680133994202D94FF0FF3070BD71
:106DB0002A463046FFF73CFE40B20128EAD070BDBB
:106DC000D0F8283401338B4201D2FF207047FFF7FF
:106DD0002FBE00BF01290BD9D0F8283401339942C6
:106DE00010B402D9002010BC704710BCFFF73ABEA7
:106DF00000207047F0B50C4683B005460E46D5F826
:106E0000283401339C4202D9002003B0F0BD01AA0E
:106E100021462846FFF70CFE47B2002FF4DB012C79
:106E2000F2D9D5F8283401339C42EDD8002221460E
:106E30002846FFF717FE0028E6D0019B01349C424C
:106E40000BD1002FDBD13B46A21B31462846FFF772
:106E5000FFFE0028D8D003B0F0BDA21B31460023AE
:106E60002846FFF7F5FE0028CED0019C002FCCD09D
:106E70002646C4E72DE9F8430024D0F82464804670
:106E800000F5037725463146002238460136FFF7E4
:106E900097FD30B300F1FF3ED8F828C41EF8010F6B
:106EA000FF2805F5805913D048B108220123184264
:106EB0004FEA430118BF0134013ACBB2F7D108358C
:106EC000AC450AD94D45DED01EF8010FFF28EBD1A5
:106ED0000835AC4504F10804F4D8C4EB0C00BDE857
:106EE000F883BDE8F88300BF10B50446D0F82C1431
:106EF000FFF702FF94F83D340933DBB2984010BD30
:106F000030B500248FB000F588650A46234629462F
:106F100068468DF831408DF832408DF83340FFF7E8
:106F2000FBF8044648B19DF8313013F0500307D008
:106F300069462846342203F097FA20460FB030BD48
:106F40001C4620460FB030BDC1B110B40144D3037C
:106F500043EA520310F8012BA2F16104192C9CBFE3
:106F6000203AD2B212FA83F292B2D30343EA520227
:106F7000814292B2EBD1104610BC70471046704768
:106F800043B370B444887E2C1ED81344CD180A44F1
:106F9000023012F8013BE4B2A3F161011929A4F116
:106FA000610194BF20260026192994BF20210021C9
:106FB0009B1B641ADBB2E4B29C4205D1AA4206D004
:106FC00030F8024F7E2CE4D9002070BC70470120BD
:106FD00070BC70470120704738B504460D46242226
:106FE000002107F0C3FAA560EB79102B08D0202B05
:106FF00004D1402301202370A07038BD002038BD8B
:10700000202301202370A07038BD00BF024638B590
:1070100052F8105F04462946806801F0F3F850B139
:1070200055B123690135AB42A37818BF03F0BF0304
:1070300063F07F03A37038BDA37843F04003F7E704
:107040002DE9F041037803F020032BB903F0FF048E
:1070500041691F4B994203D900263046BDE8F081B3
:107060000546FFF7D3FF06460028F5D02969A86832
:1070700001F056F80746A86839462430052201F089
:1070800017F880460028E7D04FF40072214607F039
:107090006DFAAB681A79012A10D9012403E0AB68B4
:1070A0001A79A2420AD91868E1190123424601F06F
:1070B000D5FD0134E4B20028F1D1CDE79B796969AF
:1070C0004FF4007202FA03F311FA83F36B61C4E721
:1070D000FFFD1F0010B5044680680A462430A169F0
:1070E00000F0E6FF20B1A38803F00F0300EB43108C
:1070F00010BD00BF70B590F90230002B82B004467D
:1071000018DBA56805F1240001F002F830B96378B6
:1071100043F001036370002002B070BD05F50C70F0
:1071200000F0F6FF0028F2D0286801F0E5FC002806
:10713000EDD0F1E70121FFF7CDFF05460028E6D0AD
:107140000378E52BE3D023780E4A1B0744BFE3699D
:10715000C361236A166843831B0C838266B10DF1F9
:1071600003020DF1060101A8B047BDF80430BDF8D7
:1071700006202B836B82EA82A37803F07F03A3703F
:10718000BFE700BF8456002010B50378044623B93A
:1071900000232370A370012010BDFFF7ABFF002375
:1071A0002370A37010BD00BF2DE9F0410D7815F0DC
:1071B000700F88B003D1002008B0BDE8F08140F620
:1071C000022304460D4600F08DFD0028F3D0012275
:1071D0001023A27023702046FFF732FF0028EAD068
:1071E000237822692262002B58D101212046FFF723
:1071F00071FF06460028DED01023C37231462022DC
:10720000684603F031F9B17E307D777DF67E2E221F
:1072100041EA06268DF800206B4640EA07270DF16B
:107220000A01202203F8012F8B42FBD1216AA068BA
:1072300000F076FFA3680146012203F1240000F06C
:1072400037FF80460028B6D020226946ADF814707A
:10725000ADF81A6003F008F92B6AADF81A306946E8
:107260001B0C08F120002E252022ADF814308DF8DB
:10727000015003F0F9F8A46804F1240000F048FF7D
:10728000002898D004F50C7000F042FF002892D03E
:10729000206808B0BDE8F04101F02EBC636933B14D
:1072A000A378002223F02003A370226162612046AC
:1072B000FFF720FF00283FF47EAF96E72DE9F0416D
:1072C000064692B03578019200208DF824008DF8A2
:1072D00025008DF826002DB998460B7813F0700F15
:1072E0000C4603D1002012B0BDE8F08113782F2B9B
:1072F00010462AD0002701AA03A900F071FB03AAB7
:10730000214600230028EDD0019D2D783046002D28
:107310002DD000F0E7FC48B9B8F1000FE2D02146CB
:1073200003AA3046FFF740FF0028DBD035460FCDDB
:1073300009AC0FC40FCD0FC433782A68226093B90B
:107340003770B770019809ACD5E701300190037828
:107350002F2BFAD0A16809A8FFF73EFE0028C1D064
:10736000019809ACC6E73046FFF7C4FEE8E703AA78
:1073700021463046FFF718FF12B0BDE8F08100BF8C
:107380002DE9F041064692B03578019200208DF843
:1073900024008DF825008DF826002DB998460B782D
:1073A00013F0700F0C4603D1002012B0BDE8F0813D
:1073B00013782F2B104625D0002703E00198377053
:1073C000B77009AC01AA03A900F00AFB03AA214681
:1073D00000230028E8D0019D2D7830460DB300F041
:1073E00081FC354609AC0028DED00FCD0FC40FCD8F
:1073F0000FC433782A682260002BDFD03046FFF7B5
:1074000079FEDBE70130019003782F2BFAD08BB1A6
:10741000A16809A8FFF7E0FD0028C5D0019809ACD4
:10742000CAE7434603AA2146304600F05BFC12B08F
:10743000BDE8F081A1683046FFF7CEFDB5E700BF9B
:1074400019B101F23C41FFF79BBF0846704700BFEE
:1074500003780BB100207047FFF7BEBD2DE9F04F58
:107460008378DF0783B0054640F18D800F460178B1
:107470000E07914600F190808C0608D5826843691A
:107480001289C3EB42139BB2994528BF9946B9F1C3
:10749000000F00F0A7806B69AA6888064E464FF07F
:1074A000000805F1100AC3F3080B3CD5116A01EB83
:1074B0005321BBF1000F50D1B6F5007F4DD3D36AF5
:1074C00099424AD0B6F5806F6FD3287880064FEA8C
:1074D000562B05D41079C8EB0000834528BF83469E
:1074E00099424FEA4B240BD85B44994208D202F1EF
:1074F0002400019100F00CFE002844D0AA680199F4
:1075000010685B463A4601F073FB00283BD06B697C
:10751000361B234427446B6164D02978AA68880607
:10752000C3F3080BC2D492F8058008EA5328BBF1D4
:10753000000F38D1B8F1000F35D1002B3FD14906EB
:107540004CBF116A296A2961104600F0E9FDAA685A
:1075500008EB0001BBF1000FAED002F124000022C5
:1075600000F0A6FD78B1CBF50074B44228BF3446D4
:1075700000EB0B012246384602F076FFC7E72B7876
:1075800013F0700F2FD16B784FF0FF3043F00203F0
:107590006B7003B0BDE8F08FC36942699B1A9945CF
:1075A00028BF994673E72969CEE7106801233A4658
:1075B00001F01EFB0028E6D04FF40074A7E70B078C
:1075C00005D5AB785C0602D529690131BBE71046C9
:1075D0002969524600F0AAFD0028D4DBCFD0AA6862
:1075E0002969B1E70026C6EB090003B0BDE8F08FBA
:1075F00070B582B001220DF10701044646690569A4
:10760000FFF72CFF012808BF9DF80700666118BF2F
:107610004FF0FF30256102B070BD00BF30B5436947
:10762000C3F3431583B0044605B189B901220DF1B6
:1076300007012046FFF712FF40B201280BD1636912
:107640001F336361A068303000EB451003B030BDDC
:1076500020334361F6E7002003B030BD2DE9F0414F
:10766000037807690446B3B142698A420E463AD0AC
:1076700041B92161A378666123F02003A370012042
:10768000BDE8F08118070AD499060BD5A3681B89B9
:10769000B6EB431FEED927610020BDE8F081E16918
:1076A0008E42F8D8D4F808E09EF806500935E9B2C1
:1076B000501E751EC840CD40A84200D8B2B95B0626
:1076C0004CBFDEF82030236A236104F110084246E3
:1076D000002DCFD02169A06800F028FD002805F119
:1076E000FF35F4DCD7E70120BDE8F0812D1AECE787
:1076F0002DE9F0410D4690460021242204461F4604
:107700009DF8186006F032FFA8682B6AE36000F16C
:10771000300208F00F0302EB4312A060A4F80480CB
:10772000D17A0D0712D401F017012170D37AE670D7
:1077300013F0180F08BF41F0080107F0030308BF5A
:107740002170012B07D0022B29D01BB30020207001
:10775000A070BDE8F0810223A370217811F0110F11
:10776000F4D159B207F4806507F008030B43DBB28C
:10777000A370B2F814E0518BC66AA66141EA0E41CB
:1077800085B1D1B963F07F03A3707B040ED40120CF
:10779000BDE8F08117F48065D8D10121E4E7032327
:1077A000A370DAE72162D369E361EEE7E16920467D
:1077B000FFF754FF0028EAD1C8E700F065FD002874
:1077C000C4D0A378DEE700BF03780BB1FFF792BC0B
:1077D000012070472DE9F04783789D07044607D4C0
:1077E000637843F0010363704FF0FF30BDE8F0872A
:1077F00091461A07884600F1BE806269D3439945D5
:10780000EED8B9F1000F00F0BD804E464FF0000AEF
:1078100030E0002978D0A3785B067CD5E3699342F9
:1078200079D90131216100F07BFCB6F5007F01467A
:107830003DD26269E369A068B6F5007F354628BF8E
:107840004FF400759A4277D30522243000F030FCC3
:107850000028C5D038442A4641462F4402F004FE91
:10786000B7F5007F76D06269761B2A44A84462612E
:1078700000F08880A0682169437913EA5225C2F399
:1078800008070CD1002FC4D000F04AFC0146C7F510
:107890000075B54228BF3546A0680122D5E700F043
:1078A0003FFC2918002FF2D1B6F5007FC1D3B6F501
:1078B000806FA2681AD31379D76A5B1B700A834260
:1078C00028BF03468F424FEA432508D31F448F4207
:1078D00005D982F824A04FF0FF30D062A26810686A
:1078E000424601F0BBF90028BDD179E7D36A8B424B
:1078F00029D010680123424601F0B0F900283FF476
:107900006FAF4FF40075AEE7216A51B3216100F00B
:1079100007FC0146C8E704F1100200F007FC00284C
:10792000FFF65EAF05D12046FFF770FB00283FF45D
:1079300057AF2169A068EAE7A37813F0200F0CBFC6
:107940000122052281E782F824A04FF0FF33D362A1
:10795000A268CEE7A068243000F0DAFB002882D1CC
:107960003EE72046FFF752FB00283FF439AF21697C
:107970002162A068CBE7C169FFF770FE00283FF4E1
:107980002FAF3AE7E369934209D30A4B1B6873B1FF
:10799000A37863F07F03A3704846BDE8F087A3781F
:1079A000E26163F07F03A3704846BDE8F087484674
:1079B000BDE8F0878456002004290CD90A2906D98D
:1079C0000C299ABF00EB4101C8880020704700EBEA
:1079D00041018888704700EB4101B1F80100704710
:1079E0002DE9F04F0378202B03D110F8013F202B15
:1079F000FBD088600378002B00F007812F2B2FD05D
:107A00005C2B22D0A3F12204E4B21D2C20D9DFF894
:107A100018E2461C00247C2BA3F12005374614D025
:107A20005E2D12D816F8013BA3F12205EDB2013408
:107A3000002B00F0D3802F2B13D05C2B2EFA05F7F0
:107A400003D01D2DE7D8FF07E5D50020BDE8F08F56
:107A5000754D25FA04F4E407D9D50020BDE8F08F70
:107A6000002407193E4625462F2302E016F8013F61
:107A70000135202BFAD02F2BF8D0054415604CB1DE
:107A80003A4612F8013D2E2B02D0202B40F0A9805F
:107A9000013CF6D14FF0FF3523464B6001F117064C
:107AA00001F10C03202203F8012FB342FBD1461E43
:107AB000002200E0013216F8013F2E2BFAD0202BD5
:107AC000F8D0B2FA82FC6E1C4FEA5C1C0CD0475D09
:107AD0002E2F00EB050604D106E016F8017D2E2FAF
:107AE00002D015F1FF35F8D2A2424FF0000980F222
:107AF00091804E46CA4607274FF0080825E02E2BF6
:107B000047D0222B0BD07C2B09D0A3F12A0EBEF13B
:107B1000050F48D9A3F13A0EBEF1050F58D895428A
:107B200039D0B74229D34FF0000C5F2306F1010E84
:107B300001EB060B5FFA8EF6062E8BF80D3000D89F
:107B40000E730132A24207DA835C202BD7D10132B7
:107B5000A2424FF0000CF7DB4B7B202B3FF475AFBC
:107B6000BCF1000F47D01AEA090F18BF4FF0020905
:107B700081F800900120BDE8F08F0A2F37D09542A0
:107B800035DB2A460A2708264FF010084FF0000C74
:107B9000D7E79542DBD10A2F29D02A460A270826A3
:107BA0004FF01008CDE72D2BB9D1A3F1210EBEF176
:107BB0005D0FB4D89542EED0B742DED3A3F1610E8B
:107BC000BEF1190F28D8203BDBB248EA0909ADE71E
:107BD000A3F15B0EBEF1020FA1D9E6E7176007190A
:107BE0004EE7FF2C3FF731AF651E234655E74B7B31
:107BF000202B3FF42AAF0B7B0B4401207E24312243
:107C000008705C739A73BDE8F08F10601C464FF0EB
:107C1000FF3542E7CA469FE7A3F1410EBEF1190FB7
:107C200098BF48EA0A0A81E7010100352DE9F843C7
:107C30000F7B0E46044601F10D054FF002084FF090
:107C40007E097068B16808EB00039BB240B108443C
:107C500011F8012B03EB4313534088429BB2F7D139
:107C6000032F28BF03273A1DD2B203F00F01B0182B
:107C7000013A0929D2B294BF3031373197424FEAE5
:107C800013134173F1D3F319002183F80D902046AB
:107C9000FFF7E4FC01212046FFF7C0FC0B2203465E
:107CA0000146A8B193F800E02846BEF1000F15D0B8
:107CB000DB7A1B07EED406F0C3FB0028EAD108F1FB
:107CC00001081FFA88F8B8F1640FBAD1BDE8F8834B
:107CD0006078B0FA80F04009BDE8F8830120BDE883
:107CE000F88300BF2DE9F04F0C7814F0700F8DB0C1
:107CF00001D004781CB100200DB0BDE8F08F1478DD
:107D0000D2F804A0A40742D14FF001080E469346D2
:107D10000990002130460F460793FFF79FFC0BF1B7
:107D20000D03069703973C46B94605970493012136
:107D300030467569FFF772FCC5F34F1503460028FE
:107D400000F08C800278E52A3AD0002A38D04445E9
:107D500038BF00242E2A30D0D97A0F293ED001F026
:107D6000080101F0FF0241BBB9F1000F40F05E8154
:107D700018460B22049906F063FB0028D7D19BF824
:107D80000030D80740F1668101230593CFE7B34D5A
:107D90000AF10C04A5FB04484FEA980808F1010811
:107DA0005FFA88F8B2E703990139C9B28A420391B0
:107DB00003D15A7B069991421BD04FF00009B6E7D8
:107DC000002C08BF2F4644453CBF0134E4B2002AD2
:107DD00048D0E52ABED14FF00009A8E7B9F1000F5D
:107DE000E1D15506A3D502F01F095A7BCDF80C90BE
:107DF0000692039A013A02EB420502EB8505AA4579
:107E00002A46DAD905F10D01CDF82090894613E014
:107E1000DBF80800825CBCF1190F98BF2031A2F199
:107E2000410098BFC9B219289CBF2032D2B28A4201
:107E3000C3D1CE4542D07246511BC9B21846FFF796
:107E4000BBFDC1B29245A1F1410C02F1010E00F05F
:107E5000E680FF28DCD94FF0000968E77378002B33
:107E60007FF449AF079A13469A057FF544AF03F0B4
:107E70000303013B012B3FF63EAF002C08BF2F460A
:107E8000444503D31DE0DCB2A0451AD90021304699
:107E9000FFF7C4FB631C0028F5D1737823B12AE7F0
:107EA000B3681B79012B0CD8A0450AD93046FFF7DF
:107EB000C7F81034E4B20028F2D11CE7DDF82090B6
:107EC00035E7059B33B159463046FFF7AFFE002832
:107ED0003FF411AF79013046FFF7C0FB00283FF4B3
:107EE0000AAF08F1FF3818F0FF0959D049F04004F3
:107EF000E4B24D46002700213046FFF78FFB0028F3
:107F00003FF4F9AEB26892F82430A94543F001037A
:107F10004FF00F0C14BF2946214682F824300BF194
:107F20000C0E80F80BC0077301700BF1170C0023C7
:107F30001EF8018F5A0842EAC31358FA83F3E64544
:107F4000DBB2F5D101F01F010139437301EB4102AE
:107F5000DBF808E0478301EB8202043000230FE0E6
:107F6000042B1EF8021014D90A2B94BF0180418003
:107F70000133DBB20D2B02F1010200F102000BD044
:107F80009245EDD814BF4FF0FF310021042B89B288
:107F9000EAD820F8031CEBE7013D15F0FF05AAD154
:107FA000002130467569FFF739FBC5F34F150446CC
:107FB00000283FF4A0AE2022002106F0D7FA0B22C1
:107FC0000BF10D01204602F04FFA254A9BF80030D4
:107FD000176803F0180323738FB10DF12B020DF115
:107FE0002E010BA8B847BDF82C30BDF82E209DF807
:107FF0002B106173238263822383E281E282B26861
:1080000092F8243043F0010382F82430CDF8009038
:10801000079B09982A463146FFF76AFB6CE6002861
:10802000DDF8209018BF4FF0000980E60399012980
:108030007FF461AE5C1E0A3314F8010F510841EA67
:10804000C21250FA82F29C42D2B2F5D1069B934200
:108050007FF451AE079B1905D8D54CE64FECC44EC2
:1080600084560020F8B54368816800F10C06044688
:1080700032461868012300F0F1FD40B123789A07D9
:10808000054607D423F0010323702846F8BD0025D8
:108090002846F8BD6368A7681969186832463944EC
:1080A000012300F0DBFD0028F1D02378EAE700BFD0
:1080B000F8B583688B42064614460FD00378DA077A
:1080C0000F4612D4630716D506F10C05002304F001
:1080D00003041C4334702846B760F8BD10F90C3B0C
:1080E00004F003041C433470F8BDFFF7BBFF002805
:1080F000E8D10020F8BD736806F10C0518682A461F
:108100000123394600F074FD0028DFD1F1E700BFFC
:108110000378DB0701D401207047FFF7A3BF00BF3E
:10812000837940690239994008447047012931D95F
:10813000C36999422ED870B5C379202B16460546DF
:108140000C4618D0102B13D18369C1F307211944B1
:10815000022200F50C70FFF7ABFF48B1E1B230F836
:108160001130EA6993429ABF01203360002070BD4C
:108170004FF0FF3070BD8169022201EBD41100F590
:108180000C70FFF795FF0028F2D004F07F0150F843
:108190002130E6E74FF0FF30704700BF01291DD9BD
:1081A00038B5C369994206D8C379202B15460C46C9
:1081B00016D0102B01D0002038BD8369C1F30721F0
:1081C000194400F50C700322FFF772FF03460028E4
:1081D000F1D0E1B2012023F8115038BD00207047E2
:1081E0008169032200F50C7001EBD411FFF760FFE9
:1081F00003460028DFD004F07F01012043F821501E
:1082000038BD00BF2DE9F041C4688C4282B00546FC
:108210000F4690463ABF0C4600260126EB69013412
:108220009C4201AA2846214609D93EBBEC6801348C
:108230009C424FF0010601AA28462146F5D8A742E4
:108240001CD0FFF773FF002818DBE7D0019B002B41
:10825000E4D106B1EC606FF0704221462846FFF78A
:108260009DFF064650B117B9C8F8004007E03946EF
:1082700028462246FFF792FF0028F5D10026304617
:1082800002B0BDE8F08100BF70B5054682B00C4673
:108290000AE0FFF783FF90B1EB689C423CBF04F11A
:1082A000FF34EC60019C5EB101AA21462846FFF72D
:1082B0003DFF061E21464FF000022846E9DA002065
:1082C00002B070BD2DE9F041C379C269102B02F1F3
:1082D000010805D0202B03D04FF0FF30BDE8F0811E
:1082E0008569B8F1000F3ED0064600F50C770024F2
:1082F0002946022238460135FFF7DAFE0028EBD086
:10830000F379102B16D0B8F17F0F28D81FFA88F117
:10831000C646013989B200EB8101031F53F8042FCF
:1083200002B901348B42F9D1B8EB0E08E0D12046F6
:10833000BDE8F081B8F1FF0F18D94FF4807E734685
:10834000591E89B200EB4101831E33F8022F02B996
:1083500001349942F9D1B8EB0E08C9D1E7E74FF0E3
:10836000800E7146D5E74046BDE8F0811FFA88F3DC
:10837000C646E5E7F8B50446002301254FF0FF3077
:10838000E5602160A462C4F83442E37184F82430CB
:1083900084F83032E062C4F838021546DAB1042AB3
:1083A00001D90020F8BD04F124061A4619463046CA
:1083B000FFF77EFE05F18055013D2D0100F5DF73CD
:1083C0005A190028EDD011790029EAD05B5D5B06CF
:1083D000E7D1956801E004F12406304600222946E1
:1083E000FFF766FE0028DCD0037C022BD9D1B0F861
:1083F0000B30B3F5007FD4D1467B2671731E00226B
:10840000012E6371A2710FD00122114600E01A46BD
:108410004900C9B2531C8E42DBB204D0092BF6D1FD
:10842000A2710020F8BDA271C18A216109B9416A17
:108430002161C789B0F8113023812F445B0107EB1C
:10844000410603F2FF13B0F81310A76106EB632394
:108450002662636101B9016AED1A0D4425FA02F240
:1084600040F6F473511C9A42E1610AD94FF6F47355
:108470009A4285BFC36A236210232023E37101203F
:10848000F8BD0C23E3718CE770B500258AB000F2CB
:108490003C440A462B46214601A88DF804508DF82D
:1084A00005508DF80650FEF76BFF064658B19DF853
:1084B000043013F0700309D001AD0FCD0FC40FCD00
:1084C0000FC42B68236030460AB070BD1E4630468C
:1084D0000AB070BD10B50446806B28B1FEF754FE9B
:1084E00010B10023A36310BDE06B28B1FDF742FA81
:1084F00010B10023E36310BD002010BDC9B32DE906
:10850000F0410C46054698461746FFF7E3FFD4F8BE
:108510007864AEB12946242000F030F800210170C3
:1085200041708170D4F87814A86343463A46FEF748
:1085300087FF10B10120BDE8F081A863BDE8F0819C
:10854000D4F87C34BBB12946382000F017F880F805
:10855000316080F8326080F83360D4F87C14E863CE
:1085600043463A46FDF74CFE0028E3D1E863BDE8F8
:10857000F081002070470020BDE8F0810846704778
:1085800070B500260546C0F88014C0F8786401462E
:108590004FF48F60FFF7F2FF04464660FEF70AFAD9
:1085A00004F50370C4F81062FEF704FA84F83C6422
:1085B00084F8716484F8726484F87364D5F8801464
:1085C000C5F87C4420460122FEF7D2FAE8B900261D
:1085D0002946C5F87C644FF48C60FFF7CFFFC67165
:1085E00080F83C6480F83D6480F83E640122D5F850
:1085F0008014C5F878040446FFF7BCFEA0B9104B00
:1086000000201860C5F8780470BD04F5886630460F
:10861000FDF7B0F921463046FDF7B6F90028D6D06F
:10862000074B01201D6070BD04F23C463046FEF74A
:10863000ABFD21463046FEF70BFF0028F0D1DEE708
:108640007C56002010B50446806800F041FB207B7A
:10865000002100F03BFB0123A37310BD10B50446BD
:108660000121007B00F032FBA068FF2100F0BAFB83
:10867000A06800F07DFB0023A37310BD2DE9F0413D
:10868000214D82B02B680093009C80460E46174611
:10869000A4B207E02B680193019B9BB21B1BB3F5AF
:1086A000967F16DCD8F8080000F07EFBFF2888F8DB
:1086B0000F00EFD0FE2810D0182388F80D3098F85E
:1086C0000E0018B14046FFF7C9FF002002B0BDE818
:1086D000F0811D2388F80D30F1E73A463146D8F88D
:1086E000080000F06FFB88F80F0018B1242388F809
:1086F0000D30E4E7D8F8080000F056FBD8F8080081
:1087000000F052FB0120E1E7DC560020F0B50D4DF2
:1087100083B02B680093009C06460F46A4B206E087
:108720002B680193019B9BB21B1BBB4207DCB0680B
:1087300000F03AFBFF28F3D1012003B0F0BD002088
:1087400003B0F0BDDC560020F0B5837B83B0044657
:108750000F4601920BB9FFF775FF37BB47F0400199
:10876000A06800F03FFB01AE02AD15F8011DA06846
:1087700000F038FBB542F8D1002F0CBF95218721BE
:10878000A06800F02FFBA06800F00EFB0B25A0688E
:1087900000F00AFB0306E07301D403B0F0BD6B1ECA
:1087A00013F0FF05F3D103B0F0BD4FF496712046EE
:1087B000FFF7ACFFD2E700BF82B02DE9F04182B0F5
:1087C00008AC84E80C00054600249DF820002873BE
:1087D0006C732C740E4600F075FA287B694F0121EA
:1087E00000F074FA684BAE60736008AB0ECB304695
:1087F00000F0AAFA9DF821303A680092DB43C3F3F7
:10880000C013AC732C716B712846DDF80080FFF744
:1088100019FF287B012100F059FA0A24FF21A868DA
:1088200000F0E0FA631E13F0FF04F7D12146287B25
:1088300000F04CFA0A26002211462846FFF784FF72
:108840000128044621D0731E13F0FF060BD0FD2132
:10885000A86800F0C7FA4FF40274A86800F0A4FA00
:10886000013CFAD1E7E701236B73A87B20B902B082
:10887000BDE8F04102B070472846FFF7EFFE002048
:1088800002B0BDE8F04102B070474FF4D572082144
:108890002846FFF759FF43073DD52C74002407E015
:1088A0003B680193019B9BB29B1AB3F5FA6F42DCC4
:1088B000002237212846FFF747FF22462921284674
:1088C000FFF742FF1FFA88F20028E9D12B7C022B28
:1088D00034D0AB7B13B12846FFF7C0FEA8680999D6
:1088E0002A4C2B4E002302E0172D08D02B4634F8DB
:1088F000022F96FBF2F2914203F10105F4D3254ACF
:1089000052F8233043F060534360012002B0BDE8C9
:10891000F04102B0704702232B740424A86800F0D1
:1089200043FA013C14F0FF04E873F7D1AA280ED0F3
:1089300006236B7399E717236B7396E702463A2178
:108940002846FFF701FF48B112236B738DE72B7C9C
:10895000022B0CBF4FF080440024A9E7A86800F068
:1089600023FA00F0C000C02804BF03232B74A868BA
:1089700000F01AFAA86800F017FAA86800F014FAD4
:10898000A7E700BFDC56002006500038AE550100B6
:10899000006CDC02E055010010B5037C032B0A4695
:1089A00018BF4A0212210446FFF7CEFE48B1A07B51
:1089B0000C23637300B910BD2046FFF74FFE002063
:1089C00010BD012010BD00BF38B500220C210546A6
:1089D000FFF7BAFEAC7B20B109236B7354B9204674
:1089E00038BD14B90124204638BD2846FFF736FEAD
:1089F000204638BD28460024FFF730FE204638BD0B
:108A000038B504461546806800F0ECF94FF4007262
:108A10002946A06800F0F2F9A068FF2100F0E2F911
:108A2000A068FF2100F0DEF9A06800F0BDF900F0B9
:108A30001F03052BE07309D0A07B1F23637300B9CC
:108A400038BD2046FFF70AFE002038BD012038BDA2
:108A500038B50D464FF416710446FFF757FE40B97E
:108A600023236373A07B18B12046FFF7F7FD002096
:108A700038BD2A46FC212046FFF7C2FF0028F1D06E
:108A800038BD00BF10B5037C032B0A4618BF4A024D
:108A900019210446FFF758FE48B1A07B0E236373EB
:108AA00000B910BD2046FFF7D9FD002010BD012000
:108AB00010BD00BF70B54FF416710546FFF726FED6
:108AC000064658B9AC7B1E236B730CB9204670BDAB
:108AD00028463446FFF7C2FD204670BDFD21A86838
:108AE00000F080F9AC7B14B93446204670BD2846AE
:108AF000FFF7B4FDEAE700BF10B50379012B044688
:108B000005D0022B09D000232371012010BDFFF7EF
:108B10005BFF0028F7D1002010BDFFF7CBFF002836
:108B2000F1D1F8E770B50D4604461646FFF7E4FFAD
:108B3000294620460022FFF707FE40B11B2363733E
:108B4000A07B18B12046FFF789FD002070BD31469B
:108B500010222046FFF792FD0028F1D0A57B002DC2
:108B6000F4D02046FFF77AFD284670BD30B585B0B9
:108B70006A460921FFF7D6FF38B19DF8003013F09F
:108B8000C00304D0402B23D0002005B030BD9DF899
:108B900009409DF806309DF807209DF80A009DF8D1
:108BA00005109DF8085004F003046400920003F0DF
:108BB000030344EAD01001F00F0142EA8323084482
:108BC00043EA95130133073803FA00F005B030BDCE
:108BD0009DF809309DF807109DF808005A1C01F017
:108BE0003F0302EB034303EB0020800205B030BDDE
:108BF000F8B50D4601790129064614461F4605D0F1
:108C00003046FFF779FFD0B90020F8BD0368AB42CA
:108C1000F6D1002567B121464FF400723046FFF7C8
:108C20002DFD013504F500740028EDD0AF42F2D1DE
:108C3000336872791F4437605AB90120F8BD29465C
:108C40003046FFF7A9FE0028DED0012335603371DE
:108C5000DFE73046BDE8F840FFF74EBFF8B50D46F8
:108C600001790229064614461F4605D03046FFF713
:108C700043FFC0B90020F8BD0368AB42F6D1002520
:108C800057B121463046FFF7E3FE013504F5007485
:108C90000028EFD0AF42F4D1336872791F443760B7
:108CA0005AB90120F8BD29463046FFF7EBFE0028EF
:108CB000E0D0022335603371E1E73046BDE8F8408B
:108CC000FFF71ABF012102F097B800BF02F080B889
:108CD00010B403684268D97AB1B172B6D97ACC07B8
:108CE00006D51448D9680468214099610160D97A91
:108CF000880706D51048196904682140D9610160C8
:108D0000D97A49070ED462B61B68D968914207D058
:108D10000A4818600A49DA6042F080401861196018
:108D200010BC704707485969046821401962016006
:108D3000E9E700BF80E100E084E100E001403F009E
:108D400000003F8088E100E000B585B00DF1100E15
:108D50000EE90E00039B33B10360184605B05DF8C1
:108D600004EBFCF7C7BC014BF6E700BFF0FAFF1FAE
:108D70000268D37A83B1D80703D5084B916919608B
:108D8000D37A990703D5064BD1691960D37A5B076B
:108D900002D5044B126A1A60704700BF00E100E080
:108DA00004E100E008E100E003681A684FF00041C8
:108DB000FF23D1625363D36A002BFCDA906BC0B2FD
:108DC000704700BF70B505460C4616460846FF21A1
:108DD00005F0CCFB2868334622462146FCF7C6FD49
:108DE000002070BD03681A684FF00043D3625163DE
:108DF000D36A002BFCDA936B704700BF30B5551E69
:108E0000B5F5007FADF5017D134612D372B102684E
:108E10001268C8184FF0004411F8013BD462536344
:108E2000D36A002BFCDA8142936BF5D10DF5017DFD
:108E300030BD05461446684601F016FB23466A46D7
:108E400069462868FCF792FD0DF5017D30BD00BF35
:108E500010B4034B002414701B6810BC184700BFEB
:108E600080560020024A034B034911601860704786
:108E70008456002080560020518E000038B50368CB
:108E8000A24C1B680322227005469847A04B9A7992
:108E900012F00C0F03D19A79D20600F1B4809C4AEB
:108EA0009379C3F38103032B00F0B880984A937938
:108EB000C3F38103022B00F0EC80954A9379C3F34E
:108EC0008103022B00F0F280914A9379C3F381036E
:108ED000022B00F005818E4A9379C3F38103012BA5
:108EE00000F0F1808A4A9379C3F38103012B00F0EB
:108EF0000081874B9A7912F00C0F03D19A79D20630
:108F000000D49B79834A137803F0040303F0FF0134
:108F10008BB9814B19701B781378DB07FCD57E4B1E
:108F20007E4A402119701B7813785807FCD4794A7F
:108F300013785907FCD57A4B1A6822F002021A609E
:108F4000EFF3108272B6BFF35F8FBFF34F8FBFF3A3
:108F50006F8F30BF82F31088BFF35F8FBFF34F8FE7
:108F6000BFF36F8FBFF35F8FBFF34F8FBFF36F8F71
:108F70001A68684942F002021A600B785A070BD54A
:108F8000654B664A002119701B7813785B07FCD586
:108F9000604A1378D807FCD55D4B5A78A02102F0BF
:108FA000FD025A701A46197093799907FCD5584AF0
:108FB0009379DB06FCD456498B79554A03F00C03B0
:108FC000082BF9D1032140231171114653718B797C
:108FD0009806FCD54E498A794D4B5206FBD5514A2D
:108FE0005149116020221A701A46937903F00C033C
:108FF0000C2BFAD12B6828465B6898474B4A002314
:109000001068237038BD9B799B067FF57BAF404A83
:109010009379C3F38103032B7FF448AF937903F073
:10902000100303F0FF01002B7FF440AF9379980603
:109030007FF53CAFA0231172114613708B79344A2F
:1090400003F00C03082BF9D1537903F0BF035371DC
:1090500093792F499B06FBD44B78652043F001039D
:109060004B700A4608709379D806FCD5284A937944
:10907000D907FCD526498B79254A03F00C03042B2C
:10908000F9D1537827492A4843F002035370086006
:1090900038E79379D9063FF510AF93799B067FF5B2
:1090A0000CAF537898077FF52DAF06E79379D90673
:1090B0003FF50AAF93799B063FF506AF53789807C3
:1090C0007FF520AF00E79379D8067FF50BAF937952
:1090D00099063FF507AF53789A073FF513AF01E7BD
:1090E0009379D9063FF5F7AE53789B073FF50AAF62
:1090F000F1E69379DB067FF5FCAE937998063FF5B0
:10910000F8AE537899077FF5FDAEF2E6BCF3FF1F8A
:109110000040064003E0074001E0074002D007405E
:1091200010E000E04480044000000301B8F3FF1F9A
:1091300000001311114B1B78012B1DD0032B10B510
:10914000044605D0052B03D00D4BA26B1A6010BD51
:1091500094F8313013B90B4B04221A600A4B94F87F
:1091600030201A7072B64220A16A01F04FFD62B63B
:10917000034BA26B1A6010BD704700BFBCF3FF1F0A
:109180001CD0034088E100E042E400E038B5314DF6
:109190002B78012B23D0032B044632D0052B30D063
:1091A0002D4A116889001BD41168032B41F000512E
:1091B00011601AD0052B18D0284A137943F02003E8
:1091C0001371274A94F83D301268A263002B38D1FE
:1091D000E36A244A013B1360214B04221A6038BD24
:1091E0000122032B84F83C20E4D11F4A136803F0CA
:1091F0000403DBB284F83130002BE2D10423136086
:10920000DFE71A4B1B7884F8303001F081FCA0F1C5
:109210001103EE2B98BF1038144B94BFC0B28020BE
:10922000187072B6124B1349D3F84831A36242202A
:1092300001F0ECFC62B6084A2B7811688900B3D5BE
:10924000CEE701F0ABFDE36A064A013B184410602B
:10925000C2E700BFBCF3FF1F3C80044068580020F9
:109260001CD0034008D0034008E100E042E400E0E5
:1092700000F4FF1FA9920000074B08491B68084A29
:1092800001330B601378032B02D0052B00D07047FD
:10929000044B23221A60704700D0034008D00340DB
:1092A000BCF3FF1FB8F3FF1F034B1B689B0001D5E6
:1092B000FFF7E2BF704700BF3C800440034B1B68D0
:1092C0009B0000D47047FFF7D7BF00BF3C8004402D
:1092D000C2EB021210B492004FF4616404FB01214E
:1092E0000B440122C36280F8252080F83D2010BC89
:1092F000704700BF90F8273013B990F8283013B1A9
:10930000014B00221A6070470060034090F827303C
:1093100013B990F828302BB1034B044A48F6A371D7
:1093200019601A60704700BF00600340A28F0100FF
:10933000644A654B2DE9F04F644EDFF8A0A1644C00
:10934000DFF89091A2FB00524FEA124C0CF1040797
:10935000A3FB0025A6FB0062A7FB0AAB6D09D20A9E
:10936000A3FB0563A4FB0264CBEB07060BEB5606DD
:109370005B09B6082409C6EBC606C3EB031304EB6E
:109380004404A5EB8303BE1BC5EB0515A2EBC40289
:10939000A0EB8500013600248A7008704B70CE70F7
:1093A000224640F26D1B4FF064084FF4C87A0EE07D
:1093B000C6EBE5150AFB153570BB002D14BF5846EA
:1093C0004FF4B7700244944504F1010413D3E7B29B
:1093D00007F2B27389FB0305DE17C6EB651013F0C5
:1093E000030E08FB1030E3D040F26D1002449445A8
:1093F00004F10104EBD28F71BEF1000F0FD135489B
:10940000DE1780FB0340C6EB6014642505FB1434B3
:10941000BCB34FF4B77405E04FF4B770D2E740F235
:109420006D14DE172B482C4D80FB0370C6EB6018C3
:10943000121BC6EBE01664244FF4C87000FB16360E
:1094400004FB1838C2EB0C020120002302E00130BB
:10945000C0B20133012BDFB220D05C5D944209D849
:109460000C28A2EB0402F2D10D2701320A714F71D0
:10947000BDE8F08F0137FFB201320A714F71BDE8CC
:10948000F08F4FF4C874C6EBE01004FB10300028D6
:1094900040F26D1408BF4FF4B774C3E7BEF1000F7C
:1094A0000AD1B8F1000F0BD1002E14BF1C241D24CB
:1094B000A24203D3121BCAE71C24F9E70227D4E710
:1094C0001D24F5E707452EC289888888C5B3A29177
:1094D000ABAAAAAA1F85EB51E456010025499224A4
:1094E00010B503490446FFF723FF024B1C6010BD73
:1094F000D0560020CC56002008B5044B1B6898427B
:1095000001D0FFF7EDFF024B987808BDCC56002044
:10951000D056002008B5044B1B68984201D0FFF7D5
:10952000DFFF024B587808BDCC560020D0560020F3
:1095300008B5044B1B68984201D0FFF7D1FF024BDE
:10954000187808BDCC560020D056002008B5044B32
:109550001B68984201D0FFF7C3FF024B187908BD82
:10956000CC560020D056002008B5044B1B6898420A
:1095700001D0FFF7B5FF024B587908BDCC5600204B
:10958000D056002008B5054B1B68984201D0FFF764
:10959000A7FF034B987900F2B27008BDCC560020AB
:1095A000D05600202DE9F0413949867901FB06F1BA
:1095B00006B306F2B27C40F2B373DFF8D8E064275A
:1095C0004FF4C8780DE013F0030F09D1C2EBE51298
:1095D00008FB123204B91AB901F5A83101F5C071BE
:1095E00001338EFB0325DA17C2EB6514634507FBD5
:1095F0001434E8D14779012F2FDD264C264ADFF8B5
:109600009CE006F2B27384FB0346DC17C4EB661CD5
:109610006425C4EBE6164FF4C87405FB1C3C04FB40
:10962000163603F00305012307E014780133BB422B
:109630000EFB041102F101020FD0022BF5D1002D17
:10964000F3D1BCF1000F1BD001F5181101F56E51DB
:109650000133BB4202F10102EFD1437885780478EF
:1096600002790E48C3EB03134FF461669B0006FBBF
:1096700005332344013A00FB02300844BDE8F08181
:10968000002ED2D101F5181101F56E51E0E700BFAF
:109690008033E1011F85EB51E45601008051010048
:1096A0002DE9F04F85B09946BDF93870BDF83CA062
:1096B000BB1AC1EB090B002BB8BF5B42BBF1000F1B
:1096C000B8BFCBF1000B5B450D46164600938046B4
:1096D00048DC4D453A4633464CDC194613460A46AB
:1096E000C5EB09019B1A89B2002B0CB2B8BF5B42D3
:1096F00004EBD474BE42ACBF4FF0FF3201224D45A3
:10970000039102924FEA640429DC9BB201930DE0BD
:10971000D8F800703F69B847019BE41AA3B21CB2A5
:109720000135002C2DB211DBA94518DB009B5B45F0
:109730002A46534631464046EADCD8F800205346D4
:109740001769294632464046B847E5E7029A16446B
:10975000039AA94502EB030436B224B2E6DA05B057
:10976000BDE8F08F4A462B46B94635464D4517466B
:109770001E46B2DD304629463E464D4607468946DE
:10978000AEE700BF2DE9F04782B00568BDF82C7048
:10979000BDF9289000970446D5F81CA090460D46C8
:1097A0001E46D0472368009709F1FF324244D3F8A0
:1097B0001CA029463346204612B2D04723680097A2
:1097C000D3F818A042464B4629462046D047206889
:1097D0000A97711E2944856909B24B4642462046C4
:1097E000AC4602B0BDE8F047604700BF30B583B07B
:1097F000013B1344BDF8185004681BB28DE82800E3
:109800000B466469A04703B030BD00BF30B583B0DC
:109810000468BDF818500092013B0B4401951BB23F
:109820006469A04703B030BD2DE9F0475F1882B0EE
:10983000B942BDF92890BDF82C800FDA0C460546D8
:1098400092462B68CDF80080214601349E6952462D
:109850004B46284624B2B047BC42F2DB02B0BDE81A
:10986000F08700BF10B582B0B0F90C2001910168FB
:10987000009200224C6AB0F90A301146A04702B0AB
:1098800010BD00BF704700BFF0B4002401264FF6A2
:10989000FF75084F07600471C475C4810482447663
:1098A0008675067685824582C180028141818281EA
:1098B000F0BC7047F85601002DE9F04F8FB0834699
:1098C000BDF86040B0F90A000594BDF86440079403
:1098D00088429DF86840049476DDBBF90C00904204
:1098E00072DD062010FB041000286DDD02EBC400C1
:1098F000002869DD9BF8190000287AD092B203EBAA
:1099000083030D920B9308328BB20C9393B20693A0
:1099100006230A93BDF810A000230893089B052B8B
:109920006CD0374AD3180B9A9F5C08990C9B0D9CFE
:10993000BDF91080029701FB0A3213FA81F312B2CB
:109940001BB203920993264625461BE0049B03990C
:10995000012B2AB24346584639D0DBF800E0059F78
:109960000197CDF80080DEF82490C847029B5B0881
:1099700001340293069BA4B2554456449C42ADB2B6
:10998000B6B217D0029BDB07E0D4059B079A039978
:109990009342584632B24346E8D0049F012F1FD06D
:1099A000DBF800E0079F0197CDF80080DEF82490F7
:1099B000C847DBE7089A0A9B0132013B52B213F019
:1099C000FF0308920A93A9D10FB0BDE8F08FDBF82E
:1099D0000020059BD2F81090099922B2C847C5E72C
:1099E000DBF80020079BD2F81090099922B2C847F3
:1099F000BCE7AF2B84BF0133DBB27FE7002794E7DE
:109A000028570100F0B50A2985B0044629D00D2950
:109A100024D0458A877D868AB0F910200B46B0F99C
:109A20000E108DE8E000FFF747FFA27DE389207E5E
:109A300091B201EB410503EB45031BB2E38168B131
:109A4000B4F90A00A2EB820200EB4202934205DD68
:109A5000238A002203EBC1012182E281012005B0AB
:109A6000F0BD038A817D002203EBC1030382C28122
:109A7000012005B0F0BD00BFC1810282704700BF68
:109A8000002908BF01218175704700BF8182418292
:109A9000704700BFC07D7047B0F90A00704700BF33
:109AA000B0F90C00704700BFF0B5C47DBDF814508C
:109AB000022C75D0032C6ED0012C32D0002A79DB19
:109AC000B0F90840944265DD002978DBB0F9066002
:109AD0005818B042C4BF731A1BB2002B5ADD002ABB
:109AE0001046B8BFD01D012440F3CF0002F007029A
:109AF000704E01EBC01104FA02F2A5423144D2B219
:109B000000F0A480C0F09580022D43D1013B11FAF2
:109B100083F04B1E13F8011F514083421970F9D195
:109B2000F0BDC488013CA21A12B2002A7BDBB0F956
:109B3000064094422EDD00293DDBB0F9086058183C
:109B4000B042C4BF731A1BB2002B23DDC9B2C808D0
:109B5000584C02EBC01211F00701DBB204EB02001B
:109B600039D0C1F10801C9B2534E8B42765C2AD27A
:109B7000C3EB010EFF2747FA0EF7012D06EA070691
:109B800074D06ED3022D40F09480A75C7E40A65422
:109B90008B421DD2F0BD0489E41A611A09B2C4E7F0
:109BA0000689C488013EB21AE41A12B2611A002A68
:109BB00009B285DAF0BD0B441BB20021BDE70B44AE
:109BC0001BB2002182E7012D50D04AD3022DDCD0F8
:109BD0005B1ADBB28030072B18D9022D4ED0A3F1CF
:109BE0000806C6F3C406B11C00EBC111012D0CBF61
:109BF000FF24002400F1800202F8804C80328A4267
:109C0000FAD1013600EBC61003F00703002BC1D0D8
:109C10002A4A012DD35C2DD006D3022DBAD1027869
:109C200053400370F0BDF0BD027822EA03030370D5
:109C3000F0BD013BD24311FA83F0D2B24B1E13F8B0
:109C4000011F114083421970F9D1F0BD013B11FA97
:109C500083F04B1E13F8011F114383421970F9D191
:109C6000F0BDA75C27EA0606A65491E7A75C3E4331
:109C7000A6548DE7027813430370F0BDA3F10805E5
:109C8000C5F3C405AC1C00EBC41400F1800212F84B
:109C9000801CC94302F8801C8032A242F7D10135F2
:109CA00013F0070300EBC5103FF474AF034AD35C15
:109CB000B5E7F0BD38FBFF1F30FBFF1F28FBFF1F80
:109CC000F0B5C47DBDF81450022C76D0032C6FD0B3
:109CD000012C37D000297ADBB0F906408C4230DD08
:109CE000002A79DBB0F908609818B042C4BFB31AF3
:109CF0001BB2002B25DDD2B2D008754C01EBC01190
:109D000012F00702DBB204EB010071D0C2F10802CD
:109D1000D2B2704E9342B65C62D2C3EB020EFF2702
:109D200047FA0EF7012D06EA070600F0AC80C0F0F6
:109D3000A580022D40F0CA80675C7E406654934245
:109D400053D2F0BDC488E41AA21A12B2002977DBFC
:109D5000B0F908408C42F4DD002A39DBB0F9066026
:109D60009818B042C4BFB31A1BB2002BE9DD00291A
:109D70000846B8BFC81D012440F3CF0001F0070119
:109D8000534E02EBC01004FA01F1A54206EB0002AB
:109D9000C9B268D05AD3022DD3D1013B12FA83F055
:109DA000531E13F8012F4A4083421A70F9D1F0BDB7
:109DB0000489013C611A09B2C8E7C6880489013EDA
:109DC000711AE41A09B2A21A002912B284DAF0BD9B
:109DD00013441BB20022C1E713441BB2002281E7E7
:109DE000012D50D04AD3022DA6D09B1ADBB2803071
:109DF000072B18D9022D4ED0A3F10806C6F3C406CE
:109E0000B11C00EBC111012D0CBFFF24002400F197
:109E1000800202F8804C80328A42FAD1013600EB8F
:109E2000C61003F00703002B8BD02B4A012DD35C07
:109E30002DD006D3022D84D1027853400370F0BD9B
:109E4000F0BD027822EA03030370F0BD013BC94371
:109E500012FA83F0C9B2531E13F8012F0A4083424D
:109E60001A70F9D1F0BD013B12FA83F0531E13F8BA
:109E7000012F0A4383421A70F9D1F0BD675C27EACB
:109E8000060666545BE7675C3E43665457E7027814
:109E900013430370F0BDA3F10805C5F3C405AC1C62
:109EA00000EBC41400F1800111F8802CD24301F8BA
:109EB000802C8031A142F7D1013513F0070300EB6C
:109EC000C5103FF43EAF044AD35CB5E7F0BD00BF18
:109ED00038FBFF1F30FBFF1F28FBFF1FF8B50D1ECF
:109EE00006DB14461F460646FFF7D6FD854200DB1B
:109EF000F8BD002CFCDB3046FFF7D2FD8442F7DAD8
:109F00003046FFF7C7FD02284BD0032843D0012875
:109F100004D1F388013B1B1B2C461DB2012F03D03B
:109F200026D3022F12D0F8BD002C2346B8BFE31D64
:109F300043F3CF0305EBC3151E4804F00704435D4C
:109F4000012101FA04F41C434455F8BD002C2346BA
:109F5000B8BFE31D43F3CF0305EBC315154804F069
:109F60000704435D012101FA04F45C404455F8BD47
:109F7000002C2346B8BFE31D43F3CF0305EBC31505
:109F80000C4804F00704435D012101FA04F423EABC
:109F900004044455F8BD3389013B5B1B25461CB2C4
:109FA000BCE7F18832890139013A4D1B141B2DB2EF
:109FB00024B2B3E738FBFF1F38B5402204460D46F4
:109FC0008021FFF761FCFF23044AE577237784F8BB
:109FD0002030A37763772260204638BD305C0100D3
:109FE0004FF480620021014804F0C0BA38FBFF1F23
:109FF00070B590F91C3001334BD0C26A90F83630FE
:10A00000147823431370026B90F83740137823EAD7
:10A0100004031370C26A90F83640137823EA0403ED
:10A02000137090F821301BBB082480220FE090F8B9
:10A0300034302E7833432B70856A90F835302E7883
:10A04000013C43EA06034FEA52022B701AD0856A9C
:10A0500090F835602B7823EA06032B701142456A8D
:10A06000E5D190F834602B7823EA06032B70E3E700
:10A07000114B1A684FF00043D3625163D36A002B2F
:10A08000FCDA936BC26A90F8363011780B43137088
:10A0900070BD0C4690F91A100848FBF765F90021CD
:10A0A0000648FAF75FFE21460448FAF75BFE0348CC
:10A0B000BDE87040FBF76AB9F0FAFF1F6456002054
:10A0C0002DE9F0410E4690F91C10827601310446CC
:10A0D000C676984600F091800121807F7A4F00F08B
:10A0E0008BFE012194F8200000F086FE94F92030C8
:10A0F00094F91E2057F83330E362012584F8365076
:10A1000094F8213057F83220226384F83750002B1E
:10A1100000F0BD806D48FBF7EDFA4FF060516B48E1
:10A12000FBF726FBB8F1000F6DD1AE212046FFF7FB
:10A130005FFFD5212046FFF75BFF80212046FFF718
:10A1400057FFA8212046FFF753FF3F212046FFF786
:10A150004FFFD3212046FFF74BFF00212046FFF79A
:10A1600047FF40212046FFF743FF8D212046FFF7A0
:10A170003FFF012E5ED014212046FFF739FF20213A
:10A180002046FFF735FF00212046FFF731FFA121D0
:10A190002046FFF72DFFC8212046FFF729FFDA21CF
:10A1A0002046FFF725FF12212046FFF721FF8121DE
:10A1B0002046FFF71DFFCF212046FFF719FFD921C9
:10A1C0002046FFF715FFF1212046FFF711FF20463B
:10A1D000DB21FFF70DFF20464021FFF709FF204656
:10A1E000A421FFF705FF2046A621FFF701FF204627
:10A1F000AF21BDE8F041FFF7FBBE3548FAF758FE46
:10A20000B8F1000F91D0E07F012100F0F5FD0121B0
:10A21000E07F00F0DDFD012000F0F4FD0021E07F93
:10A2200000F0D6FD0A2000F0EDFD0121E07F00F0F6
:10A23000CFFD7AE720461021FFF7DAFE20462021E5
:10A24000FFF7D6FE20460021FFF7D2FE2046A121CF
:10A25000FFF7CEFE2046C821FFF7CAFE2046DA21CE
:10A26000FFF7C6FE20461221FFF7C2FE20468121DD
:10A27000FFF7BEFE20469F21FFF7BAFE2046D921F8
:10A28000FFF7B6FE22212046FFF7B2FE9FE72946E0
:10A29000207F00F0B1FD2946607F00F0ADFD94F90C
:10A2A0001D3094F91C2057F83330A36284F83550E0
:10A2B00094F8213057F83220626284F83450002B31
:10A2C0003FF430AF26E700BF9C5C0100F0FAFF1FAF
:10A2D000645600202DE9F04121210446FFF788FE55
:10A2E00020460021FFF784FE20467F21FFF780FEF5
:10A2F00020462221FFF77CFE20460021FFF778FE52
:10A3000020460721FFF774FE94F91C30013359D021
:10A31000E26A94F8363011784D4DDFF844E10B4392
:10A320001370226B94F8373011780B431370E26A84
:10A3300094F83610137823EA0103137005F580664C
:10A340004FF0004794F8213015F801CF3BBB0821AE
:10A35000802212E094F8343090F8008048EA030339
:10A360000370A06A94F8353090F80080013948EA0B
:10A3700003034FEA520203701AD0A06A94F83580A2
:10A38000037823EA080303701CEA020F606AE1D134
:10A3900094F83480037823EA08030370E1E7DEF8D9
:10A3A0000020D762C2F834C0D36A002BFCDA936B6A
:10A3B000B542C7D1E26A94F8363011780B43137076
:10A3C000BDE8F081234B244F5A7800251A2A4FF01C
:10A3D0001A014FF080029D7008BF4FF00C085970B1
:10A3E00018BF4FF048089A7094F91A101B48FAF7F2
:10A3F000BBFF40211948FAF7B5FC05F11006B6B2CB
:10A40000795D16480135ADB2FAF7ACFCB542F7D12B
:10A410001248FAF7BBFFB5F5806FE5D1B8F10C0F24
:10A420000DD0B8F1480F01D0BDE8F081094B0020F4
:10A4300027218022987059709A70BDE8F081054BF1
:10A4400000201A218022987059709A70BDE8F0811E
:10A4500037FBFF1F0060064038FBFF1F64560020DB
:10A46000F0FAFF1F00F08ABA01B441EA000313F0CA
:10A4700003036FD1403A41D351F8043B40F8043B09
:10A4800051F8043B40F8043B51F8043B40F8043BCE
:10A4900051F8043B40F8043B51F8043B40F8043BBE
:10A4A00051F8043B40F8043B51F8043B40F8043BAE
:10A4B00051F8043B40F8043B51F8043B40F8043B9E
:10A4C00051F8043B40F8043B51F8043B40F8043B8E
:10A4D00051F8043B40F8043B51F8043B40F8043B7E
:10A4E00051F8043B40F8043B51F8043B40F8043B6E
:10A4F00051F8043B40F8043B403ABDD2303211D30E
:10A5000051F8043B40F8043B51F8043B40F8043B4D
:10A5100051F8043B40F8043B51F8043B40F8043B3D
:10A52000103AEDD20C3205D351F8043B40F8043B0D
:10A53000043AF9D204320AD0D2071CBF11F8013B09
:10A5400000F8013B03D30B7803704B78437001BCD8
:10A55000704700BF0C2A4AD310F0030311D0C3F197
:10A560000403D21ADB071CBF11F8013B00F8013BC2
:10A5700007D311F8013B00F8013B11F8013B00F84B
:10A58000013B11F003033FF475AF30B4043AC91A2C
:10A59000C3F1040C51F8044B022B19D0032B0BD040
:10A5A000240A51F8043B1D0644EA050440F8044B14
:10A5B0001C46043AF4D216E0240E51F8043B1D0266
:10A5C00044EA050440F8044B1C46043AF4D20AE07D
:10A5D000240C51F8043B1D0444EA050440F8044BE4
:10A5E0001C46043AF4D20432B1EB0C0130BC043AFC
:10A5F000A0D3013A11F8013B00F8013BF9D20B78E6
:10A6000003704B7843708B78837001BC704700BF38
:10A61000374A384913681B06FCD40B6813F08003D3
:10A62000F8D172B634490A78002A5FD0334A3448E8
:10A63000F0B4344C176806682568D4680C303E4482
:10A64000143200681268304F35442C4420440244D0
:10A65000C2F34E022D4E2E482E4D2F4C42F4004296
:10A660003A60376806682D682C4A24680C303E44EE
:10A67000006812682A4F35442C4420440244C2F337
:10A680004E02284E2848294D294C42F400423A6097
:10A69000376806682D68274A24680C303E440068F5
:10A6A0001268254F35442C4420440244C2F34E0224
:10A6B000224E2348234D244C42F400423A6037682E
:10A6C00006682D68214A24680C303E4400681268F0
:10A6D00035442C4420440244C2F34E021C4842F448
:10A6E000004202600B7062B6F0BC704762B6704701
:10A6F00024B0034024B00B40D856002038B00340AB
:10A700003CB0034040B003402CB0034058B003407D
:10A710005CB0034060B0034064B003406CB00340E1
:10A7200030B0034038B00B403CB00B4040B00B4061
:10A7300044B00B404CB00B402CB00B4058B00B4019
:10A740005CB00B4060B00B4064B00B406CB00B4091
:10A7500030B00B4030B42948294A2A4B2A4D602496
:10A76000E121047011701B78284C082B30D00A2B83
:10A770002748284937D00C2B0CBF35223D22122305
:10A780002A60236002600B60234B24491B78244A13
:10A79000BBB101230B601360224B23491B78234A72
:10A7A000012B26D9042B0FD9082B1ED9102B94BFAF
:10A7B000862387230B6013601D4B01221A7030BC67
:10A7C00070470B601360E7E784230B601360F3E7C7
:10A7D00000F58E200F490830012213232A602360E0
:10A7E00002600B60D0E73922F7E785230B60136026
:10A7F000E2E780230B601360DEE700BF0040074004
:10A800000140074038FFFF1F08B003400CB0034071
:10A8100008B00B400CB00B40DB56002020B00340CA
:10A8200020B00B4039FFFF1F24B0034024B00B4081
:10A83000D856002068B10E4A1378C3B90D4909787B
:10A840000120107019B10C490C4A0B601360FFF71E
:10A8500081BF074B1A7852B1064A18701378002B43
:10A86000F5D0054A054B10601860FFF773BF7047BD
:10A87000DB560020D856002024B0034024B00B4003
:10A8800028282FD8334B2DE9F0411E5CFF2E2BD00A
:10A89000314B1B78002B2AD132062CD472B62F4DA7
:10A8A0002F4C2F46012326602B7062B672B62368A8
:10A8B0001B060CD43B781BB9F4E72B78002BF1D0A6
:10A8C00062B601F061FE72B623681806F5D5254B15
:10A8D0001B6800222A7062B6234A107843FA00F0FF
:10A8E000BDE8F081002070470020BDE8F081FFF74F
:10A8F0008FFE3206D2D572B61C4DDFF87C801C4C20
:10A9000006F04007FFB206F03F06D8F80030DFB18E
:10A9100023F01003C8F8003001232660134A2B707F
:10A9200062B672B6236819060CD413781BB9ECE72B
:10A930002B78002BE9D062B601F026FE72B62368B0
:10A940001B06F5D50B4BC3E743F01003C8F80030E6
:10A95000E2E700BF605C0100D8560020DA56002014
:10A9600000B0034010B00340D7560020D956002055
:10A9700000B00B4010B00B400CB00B40F0B585B0F0
:10A98000102219496846FFF76FFD184A127891079F
:10A990001DD51749174D0A7812F0700218BF0A70BA
:10A9A0001549164A0346802715480F7000263324A0
:10A9B00003212E700470117072B60D4C43F0010328
:10A9C0002046984762B6237813F0700309D10D4BE7
:10A9D000064901E0013B02D00A78D207FAD505B05A
:10A9E000F0BD237005B0F0BD8C5C01000100024099
:10A9F0000000024004000240070002400A0002403A
:10AA00000B000240410D0300B0F5006F0AD210B5F3
:10AA1000094B1B78DB07044606D504F1A0500078EB
:10AA2000C0B210BD00207047FFF7A8FF04F1A0508E
:10AA30000078C0B210BD00BF01000240B0F5006F49
:10AA400017D238B50F4B1B78DA070D46044611D5DF
:10AA500004F1A0500378AB420AD00B4A137813F0EC
:10AA6000700318BF1370074A05701378DB07FCD515
:10AA700038BD7047FFF782FF04F1A0500378AB4266
:10AA8000EBD1F5E7010002400000024008B5104C90
:10AA900008E0236859050DD423681A050FD42368EC
:10AAA000DB0411D423685803F3D500F023FB23689B
:10AAB0005905F1D500F00EF823681A05EFD500F01E
:10AAC00009F82368DB04EDD500F004F8EAE700BFDD
:10AAD0003480044008B5FFF7D9FF00BF704700BFBE
:10AAE000094908B50B6830B16A461844A2F580528E
:10AAF000904202D20860184608BD03F021F90C23E9
:10AB000003604FF0FF3008BD3CFFFF1FFEE700BFB2
:10AB1000EFF3138070B9EFF310836BB9EFF3058295
:10AB20005AB94FF48070EFF311832BB1984228BFCC
:10AB3000184670474FF0FF3070470F2A01D818466B
:10AB4000F1E7014BD05CEEE7F0E300E0704700BFB7
:10AB500010B40F4B53F8302092F880422CB10123EF
:10AB600069B182F8803010BC704703EBC0035B68AA
:10AB70001A6841B922F002021A6010BC704782F8CC
:10AB8000003110BC704742F003021A6010BC7047DD
:10AB90009C5C01001C4A02EBC00301295B6811D0D8
:10ABA00004291BD052F83000002280F8802229B1FD
:10ABB000022920D0032922D01A6070474FF48072F6
:10ABC0001A60704752F830004FF4A27280F8801279
:10ABD0001A601A6822F020021A60704752F830108A
:10ABE0004FF4A272012081F880021A601A6842F0C4
:10ABF00020021A60704740F203121A6070474FF447
:10AC000081721A60704700BF9C5C01001030024BDB
:10AC100043F82010704700BF00F4FF1F212848D8D8
:10AC2000F8B5042A44D8DFE802F0484B4E0345004B
:10AC30004FF410262B4B03EBC0030D465C682168D4
:10AC400011F4E06148D0284B284A2949C3F89C21D7
:10AC500004F140422748C3F8A411A2F59221264FDF
:10AC6000C3F8A0017C292548C3F8A871C3F8AC013A
:10AC70002CD9A2F594237C2B2AD9A2F596237C2BE0
:10AC800028D9A2F598237C2B29D9A2F59A227C2ACF
:10AC900027D81B4872B6236823F4702343F08072D0
:10ACA000C4F384011643236040F82150266062B645
:10ACB000F8BD70474FF43026BCE74FF40026B9E7E3
:10ACC0004FF44026B6E74FF42026B3E70D48E1E7FE
:10ACD0000D48DFE70D48DDE7FFF75CFFB3E70C4801
:10ACE000D8E7F8BD9C5C010000F4FF1FD1F9FF1FFD
:10ACF00079F9FF1FA5F9FF1F4DF9FF1F21F9FF1F6C
:10AD00001800002040FFFF1F78FFFF1FC8FFFF1F34
:10AD1000F8FFFF1F1A4B03EBC00010B4426802F1AA
:10AD20004043A3F592217C2923D9A3F594217C29C2
:10AD30000DD9A3F596217C291FD9A3F598217C294B
:10AD400019D9A3F59A237C2B11D80E4C00E00E4C98
:10AD500072B613680D4823F08773C2F3840123F49D
:10AD6000803343F08073136044F8210062B610BC56
:10AD70007047074CECE7074CEAE7074CE8E700BFF1
:10AD80009C5C01001800002078FFFF1F4DAB000005
:10AD900040FFFF1FF8FFFF1FC8FFFF1F014B186890
:10ADA000704700BF00D0034030B4054B054D064C42
:10ADB000002210211A602A602060196030BC7047A0
:10ADC00014D0034004D0034000D00340704700BFBC
:10ADD000212801D8FFF7BCBE704700BF212806D844
:10ADE000044B53F8303093F80002C0B27047002093
:10ADF000704700BF9C5C0100212801D8FFF7CABE44
:10AE0000704700BF2DE9F843054672B6204F214B2D
:10AE1000214A1B683C68126862B6520102D5322B87
:10AE200088BF013495B3C3F5BB331C4EDFF8649083
:10AE3000DFF86480FF334FF47A72A6FB031302FB42
:10AE400004F404EB931472B6D9F800103A68D8F8F9
:10AE500000E062B6C1F5BB33FF33A6FB03031EF06F
:10AE6000806FC4EB93134FF47A7002D0322988BFFD
:10AE7000013200FB0233B3F57A7F04D3013D05D0E4
:10AE800004F57A74DFE701F07FFBDCE7BDE8F883C7
:10AE9000DC56002018E000E004ED00E0ABAAAAAA0E
:10AEA000F8B52E4B2E49DFF8D4E0DFF8D4C02D4E94
:10AEB0002D4D2E4C2E4A2F4F4FF4000018604FF0AE
:10AEC000807018604FF0007018604FF0806018605C
:10AED0004FF0006018600020086028234BF6FF71D7
:10AEE000CCF80010CEF80030336013602B60236084
:10AEF0003B60B3629362092245F8242CC4F8D80F52
:10AF000005F57F65C7F8D41F07F5FF2707F5FA6732
:10AF1000C6F8F83F2B6006F5FF26C4F8D42F05F5D8
:10AF2000FD2504F5FF24386006F2F47612483160FE
:10AF300005F5FF6504F5FD642B6023600260FFF7F3
:10AF400009FCFFF743FF1420FFF75CFF00F00CFD46
:10AF50004FF48C70BDE8F840FFF754BF08E100E003
:10AF60000480034014800340248003402C8003406D
:10AF70001C8003403480034000800B400C80034061
:10AF800008800340431E032B14D872B60A4951F8B7
:10AF9000230068B170B4094C058834F81320466862
:10AFA00041F82360521B24F8132062B670BC70472E
:10AFB00062B670470020704738570020785800204C
:10AFC000013803280BD872B6074B53F8203043B131
:10AFD00000205B680130002BFBD162B67047002077
:10AFE00070471846F9E700BF8C570020F0B472B6DE
:10AFF0001A491B4E012311F8014B194F9A002407DF
:10B0000042F0010505D556F8324064B156F83520B6
:10B01000BAB10133052BEED162B6124B00221A7081
:10B02000F0BC00F01BBD0F4C0F4D217807EB431314
:10B03000083001395860217047F8325062B6F0BCD0
:10B040007047084A0949137807EBC5040830013BEB
:10B050006060137047F8351062B6F0E7E45D0100F8
:10B060000080FF1FB557002088004000C800400046
:10B07000431E032B1DD81B4A400140F0100030B482
:10B08000104472B6184CE25C032A1BD8DFE802F0C9
:10B090000212151703220D88E25410F0080F14BF96
:10B0A000C823882343EA054308314160036062B640
:10B0B00030BC704708300222EDE70522EBE708308C
:10B0C0000422E8E7094A52F8230038B1084A52F846
:10B0D0002300416042F8231062B6E9E742F82310EA
:10B0E000034AF7E70080FF1FC45700208C57002059
:10B0F0009C5700202DE9F04FDFF814B3DFF814A3BC
:10B1000087B044E0AD4F4FEA930807EBC809013E12
:10B11000D9F8042003F00803F6B2A2F1080003F006
:10B12000FF04002B40F0038157F838301B0C99B214
:10B1300022F8081C002B00F0F180A14B22F8064CED
:10B1400042F8044C53F82620002A00F06C819D4DF3
:10B1500055F8263058609C4C45F8260034F81630D7
:10B16000194424F8161000F059FC002800F054810E
:10B17000964A974B19F0080F00F1080018BF1346C4
:10B18000C9F8040047F8383008238BF800309BF8E2
:10B190000040E4B260071BD58E4B1B78ABB18E49E3
:10B1A0000A7802F0FF032AB1013BDBB20B70002BDF
:10B1B00000F0B58389490A7802F0FF032AB1013B08
:10B1C000DBB20B70002B00F0F68004238BF800300C
:10B1D00004F0080303F0FF02002B00F0D5809AF87A
:10B1E0000030DBB21E098DD19C08744F57F8342013
:10B1F00007EBC401C2F38302013A49680C2A7ED8E6
:10B20000DFE802F081817D7D7D7D7D7D427D7D7DDC
:10B2100007000868724B734D01936C4B4A68724E7D
:10B2200047F8343081B240F281646D4B6A60286027
:10B2300000220120A1423A611A60BA61307000F226
:10B24000F680B1F5D06F80F0E882B1F5817F00F033
:10B25000D38200F2D881802900F04D81822940F00C
:10B260009282A988614B01F07F01042900F28C824F
:10B270005F4C89000B44227062701A78930740F18A
:10B280003883207002203AE1554B01931A6862B36B
:10B29000584B5949544E18880C7896F800E04028CD
:10B2A000054684F0010C28BF402544F00204BEF19D
:10B2B000000F81F800C0A0EB050007EBC40C0CBF29
:10B2C0008821C82180B28EF0010E41EA0541CCF8F8
:10B2D0000420188086F800E02A4447F8341010B99A
:10B2E000402D18BF0022019B1A603E4B1A88B2F510
:10B2F000A06F04D100219A785970404B1A70404ACF
:10B300000123137040E7374A158842F22100854235
:10B3100000F052812D4A47F83420F0E72B4A2C4B9D
:10B3200019F0080F18BF134647F838302CE700F023
:10B3300095FB344A344952F82630002B00F02D8119
:10B3400058688C5D42F8260003F10802C9F8042011
:10B35000032C05D8DFE804F0120F150204228A55E9
:10B360001A8819F0080F0CBF8823C82343EA024348
:10B3700047F8383008E702228A55F1E703228A5558
:10B38000EEE705228A55EBE7E00700F17881210618
:10B3900000F1A281A20706D51C4A1D49137802209C
:10B3A000DBB213700870E30602D5194B10221A7035
:10B3B00007B0BDE8F08F00F0BDFC06E70080FF1F7E
:10B3C00038570020E456002078580020C80040007C
:10B3D00088004000C057002049570020C85700206F
:10B3E000E0560020AC57002048570020C0200740FE
:10B3F000B8570020F4560020B4570020982007408A
:10B40000942007408C570020C45700208820074014
:10B410008020074090200740B74A47F8380013784B
:10B4200001331370B0E643F82600B44D93E642F2C0
:10B430002104A14200F0AD8000F20E81B1F5086F49
:10B4400000F05481B1F5106F40F09D81AC4AA978AD
:10B450001170AC4D042402E00134142C0CD057F8C8
:10B4600034301906F8D505EBC403013458680838A0
:10B4700000F0F4FA142CF2D1A349A44BA44A02918F
:10B48000A449A54C9D4D039405964FF000098846AC
:10B490001C4616460495206828B1456800F0DEFA7F
:10B4A0002846002DF9D100232360049B30681A46FA
:10B4B000002342F8293028B1456800F0CFFA284629
:10B4C000002DF9D100223260029A98F8003011461E
:10B4D000002241F8042B039A0291023B4FF0000135
:10B4E00022F81910032B00F2B481DFE813F0E20117
:10B4F000AE01E201AE01894C022022706270EA883E
:10B50000824280F00D8286490D78402A45F0020E75
:10B51000944607EBCE0028BF4FF0400C04EB0C0321
:10B5200044600293CCEB02004FEA0C484FF0010953
:10B530000022C82444EA080385F0010447F83E309D
:10B5400032700C70DFF8BCE1764BDFF8D481002854
:10B5500040F02081BCF1400F1BD144F0020407EB06
:10B56000C403029FDFF89CE15F60002A40F027815E
:10B57000020442F0880286F800900D7007444EF8ED
:10B5800034203B46402804D10020674A01991080AE
:10B590000B60664A01231370B1E68B5D032B00F24A
:10B5A000248101A252F823F089B1000089B1000082
:10B5B000CDB60000D3B60000928862B95C4ACD1DBA
:10B5C00011F8013B02F8013F8D42F9D1594A126846
:10B5D000862A00F0C9805249524E0878327840F0ED
:10B5E000020580F00100087007EBC501002A4FF04A
:10B5F0000000486082F001020CBF8821C82147F892
:10B600003510327086E640F20232914240F0B0804E
:10B61000A98801F07F01042900F2B5806A88002A18
:10B6200040F0B180444C89000C448146217841F0BF
:10B630000201217000200290804684460446384969
:10B640000D7845F0020E07EBCE03B9F1000F5C60F8
:10B650000CBF8824C8246DE742F22124A14240F0A7
:10B660008E80A988002940F04281344B344A354C01
:10B670001B68AD78136081460A462570DAE72B49CE
:10B68000204B3148264EDFF8B0C0304DDFF8D4E013
:10B690002F4F02240C702F4C18605C6098602E486D
:10B6A000D8601A619A610D2332702C4C8CF80030EE
:10B6B0002B4EFF232B7001209F258EF800303A700F
:10B6C00033702570087007B0BDE8F08F00238B55EC
:10B6D0005AE501238B5557E51749224B80220D204F
:10B6E00008701A70A2077FF55EAE55E6044A0B4C4F
:10B6F0001278227003E700BFB5570020E4560020FF
:10B70000C05700200080FF1F9C57002038570020A2
:10B710008C570020C457002078580020B8570020CC
:10B72000B457002048570020F456002094200740CA
:10B730007F58002080580020C0200740DC560020A1
:10B7400088580020D85700208800400088200740F3
:10B7500098200740F85600204C57002084200740CE
:10B760008C20074080200740754A0F21117032E776
:10B77000B1F5A06F07D100224FF001095AE742F25C
:10B7800021329142F7D06F4B0F221A706E4A01237B
:10B790001370B4E540287FF6E0AE44F002040EEBEF
:10B7A000C401029E4E60AAB183F80090674A88F8EF
:10B7B00000503346403840334EF83420E5E6029BD3
:10B7C00086F80090020442F0C8020D7003444EF85F
:10B7D0003420D7E683F80090029B5D4A88F8005039
:10B7E000403840334EF83420CFE619F0080F0CBF34
:10B7F000022303238B55C7E4A98801F07F010429A4
:10B80000C1D86A88002ABED14E4C89000C448146BA
:10B81000217821F0020121700CE74E4A5468002C77
:10B82000B1D06888B5F804E003E00C325468002C0D
:10B83000A9D013888342F8D153887345F5D1000A03
:10B8400003280CBF2078108959E64FF0010388F8CF
:10B85000003009F10109B9F1040F04F1040406F103
:10B86000040608F101087FF416AE3B4B059E3B4DE4
:10B87000DFF8F080002018704FF0010918F8013B44
:10B8800005F8043B1A0719D44FEA890444F0020270
:10B8900044F00304002347F8323047F83430304B8B
:10B8A0009D4209F10109E9D196F8009089F0010261
:10B8B000C0E64FF0000388F80030CAE700F0AEF8A9
:10B8C00018B307EB49134FEA890408305860204B3E
:10B8D00047F8343000F0A2F868B144F0010307EBF8
:10B8E000C30208305060194A47F83320CEE781463A
:10B8F000A0E6022003E6184B44F001021B7847F84B
:10B900003200154A01331370C0E7134B124A1B78FB
:10B910004FEA8904013347F834001370DAE700BEB8
:10B920004028844628BF4FF0400C04EB0C03CCEBBE
:10B9300000004FEA0C48029300224FF001097EE616
:10B9400049570020C020074094200740C80040000D
:10B9500088004000E85D0100B5570020C420074082
:10B96000D4200740E45D01002DE9F04100F0A8FE7D
:10B9700000231F491A4601EBC30041F8332001336D
:10B98000142B42604FF000041948F4D1194A1A4FA1
:10B9900013681A491A4D1B4EDFF874C0DFF874E0C3
:10B9A000DFF8748043F480231360C0F307233B70F7
:10B9B000C0F307430B70000EFF2302F528322870F6
:10B9C000D4328CF80030104D8EF800300F483370B0
:10B9D000012388F80030702681F850404FF400743D
:10B9E000102107F8183C2E7004601170BDE8F0813A
:10B9F0000080FF1F348004409C200740B020074097
:10BA0000B42007401020074049E400E008E100E0CE
:10BA100080200740882007409420074072B60D48D8
:10BA20000268B2FA82F30B2B10DC4FF00041D940D0
:10BA300022EA0102026062B6074803EBC303DB009F
:10BA4000C2180021C15010465160704762B60020F4
:10BA5000704700BF20000020BCF5FF1F0D4B0E4AB1
:10BA6000C31AA2FB03231B090B2B0CD80B4A127819
:10BA700052B972B60A484FF00041026821FA03F346
:10BA80001A43026062B67047064A1278002AF0D064
:10BA9000FFF7ACBABCF5FF1F398EE338B55700206D
:10BAA00020000020C057002038B50F4D286878B11D
:10BAB00043880288C118013393420C7A02D2438032
:10BAC000204638BDFFF7CAFF002320462B6038BD53
:10BAD000064B1B782BB10320FFF754FA286000288F
:10BAE000E6D14FF0FF3038BDD4570020C0570020BA
:10BAF00010B5094C206818B143881844007A10BD6D
:10BB0000064B1B782BB10320FFF73CFA206000287E
:10BB1000F2D14FF0FF3010BDD4570020C0570020A5
:10BB2000044B054A1B6890881BB11A885B88D31A9E
:10BB300018447047D4570020785800200B4B1B78CE
:10BB40009BB110B50A4C206848B1FFF787FF00236E
:10BB500003202360FFF716FA30B1FFF77FFF0320C1
:10BB6000FFF710FA0028F8D110BD7047C057002029
:10BB7000D45700202DE9F04FDFF8F89083B0012270
:10BB800089F80020019169B3DFF8EC80364F019EFF
:10BB90008346D8F80000B0B3344D4488C4F1400166
:10BBA000B14228BF314604EB010E00221FFA8EFE7F
:10BBB0002A70761AA0F802E000F1080251B1013CA7
:10BBC000224459441BF8014B02F8014F8B45F9D12F
:10BBD000B0F802E0BEF13F0F0BD8254A05211170E5
:10BBE000002ED6D10198002389F8003003B0BDE8BB
:10BBF000F08F4022028001460420FFF739FA00222C
:10BC0000C8F80020E9E73A782AB3184D4AF2F92437
:10BC10004FF0010A07E0013C16D02A78A2B900F0E3
:10BC2000B3FC3A78BAB10420FFF7CAF90728F2D872
:10BC300089F800A0FFF7F2FEC8F800000028ACD198
:10BC40000C4B013C1870E8D101234FF0FF302B70F2
:10BC500003B0BDE8F08F00234FF0FF3089F80030CB
:10BC600003B0BDE8F08F00BFC0570020D0570020C0
:10BC7000C8570020C9570020CC57002000B583B01A
:10BC800002AB012103F8010D1846FFF773FF03B063
:10BC90005DF804FB38B50E4D0E4C28680123237067
:10BCA00028B1408800232370C0F1400038BD0A4B02
:10BCB0001B7813B90020207038BD0420FFF780F9ED
:10BCC0000728F7D8FFF7AAFE28600028E9D1F1E796
:10BCD000CC570020C9570020C0570020F8B5114BA1
:10BCE0001B788BB1104E114D346801272F7064B151
:10BCF0000F4A638800271770214623800420FFF72E
:10BD0000B7F9376000232B70F8BDFFF787FE084BAB
:10BD100028B1014604201C70FFF7AAF9F2E71F7052
:10BD2000F0E700BFC0570020CC570020C9570020C3
:10BD3000C857002038B50E4B1B7873B90D4C2168DD
:10BD400061B103F0FF054B880B800420FFF790F9E9
:10BD5000256038BD084B01221A7038BDFFF75EFE22
:10BD60000028F7D00146BDE838400420FFF780B92D
:10BD7000C9570020CC570020C8570020C029F0B474
:10BD800028BFC02172B6124B124E134A186000230E
:10BD9000138033607360B360F360336173610127B4
:10BDA00099B15D0903F01F0456F8252007FA04F441
:10BDB000013322438B4246F82520F2D100234380F1
:10BDC00001338B4200F58270F9D162B6F0BC704746
:10BDD000E4570020EC57002006580020F0B472B65B
:10BDE000234F244E3C8806F1180306EB840098424A
:10BDF00012D256F8241099B9021D06F11B05631CD6
:10BE0000AD1A03EB950503E052F8041B41B9013369
:10BE1000AB421C461046F7D162B60020F0BC70471A
:10BE2000B1FA81F34FF00042DA4021EA02010160E9
:10BE300001B9013410493C800A88013294B20C8067
:10BE400062B6801B8010C3EB401000EB80108300B3
:10BE50000A480B49006803F5FB531C330125C55400
:10BE60000D88AA42184488BF0C80F0BC704700BF00
:10BE700006580020EC57002008580020E457002006
:10BE8000E0570020428872B60378012B03D9013BAA
:10BE9000037062B67047531170B40C4C0C4D54F8DB
:10BEA00023102E88D2434FF0004002F01F0220FAE8
:10BEB00002F21143074A44F82310B34238BF2B80E3
:10BEC0001388013B138062B670BC7047EC570020AA
:10BED0000658002008580020C368B3B130B401E010
:10BEE000DB688BB1187A9042FAD158685C7A0069A5
:10BEF00050F82450002DF3D140F824100878013078
:10BF00000870DB68002BEDD130BC7047437A8B4260
:10BF100006D90369002253F8210043F82120704715
:10BF200000207047037C23BB4368427A5B7A9A42C5
:10BF30001FD830B472B60468E3682BB3DA6832B144
:10BF400019688C4216D01346DA68002AF8D1D860F6
:10BF50000023C360A37A0133A372026841680123FE
:10BF600013728A7A1A448A7242681372037462B630
:10BF700030BC70475D6841688D42E4D119890389FE
:10BF80009942F4D01346DFE7E060E1E7037C10B5A7
:10BF9000002B32D04368427A5B7A9A422DD872B62F
:10BFA0000268D36843B3984202D129E0984202D094
:10BFB000DB68002BFAD14368417A1B69044653F8C9
:10BFC000210048B1FFF75EFF72B66368627A1B69B1
:10BFD000002143F822102268937A013B9372236870
:10BFE0009A7A02B91A726268937A013B9372636813
:10BFF0009A7A1AB10023237462B610BD1A72F9E757
:10C00000C368D360D7E700BF084B1A7862B930B471
:10C0100007480849D02505704FF0804401220C6084
:10C0200010461A7030BC704700207047E857002057
:10C030005EE400E008E100E01A491B4A1B48F8B53D
:10C040000B681B4D046843F080730B60136843F06A
:10C05000010313602E6814B915E064699CB1237A5A
:10C06000002BFAD023682F681B68204698472B685E
:10C07000E188DB1B1B099AB28B42A28088BFE28059
:10C080006469002CEBD10A4B0A4A1B6810880A4CE1
:10C090009B1B1B0999B28342218001D91180F8BDF5
:10C0A000F8BD00BFFCED00E0001000E0DC57002010
:10C0B000041000E0045800200A580020F0B572B6C1
:10C0C00099B902688AB103790F2B0ED8274C2188C1
:10C0D00041FA03F5ED070AD503F1007303F5906308
:10C0E000B2EB431F03D162B6F0BD204C2188002380
:10C0F00041FA03F212F0010207D00133102BF7D1FD
:10C1000062B6002203710260F0BD01259D40294303
:10C11000218062B6164E174D174FDFF864E0D9B292
:10C120000171346844F0020434602C6844F0020465
:10C130002C60A6F580268224A5F5802503F10073E6
:10C140003C6003F59063223E243D0C4C8EF80010B9
:10C150005B0131702970217003601A605A609A6027
:10C16000DA601A615A619A61DA61F0BD0C580020F8
:10C17000408004403C800440008000401F8000401C
:10C180001A80004003790F2B11D8094A10B413709C
:10C1900072B6084904790A880123A34022EA0303FE
:10C1A0000B8062B61022002310BC0271036070473E
:10C1B0001A8000400C58002010B4EFF3108272B6C1
:10C1C000437F33B9017F012907D003290FD0012311
:10C1D000437702B962B610BC7047124C2168A1B116
:10C1E000114943610B68836108605861EFE70F4CA8
:10C1F000216881B10E4943610B6883610860586111
:10C200000C4B4FF080511960E1E7074B41618161B0
:10C2100020601860DBE7064B416181612060186097
:10C22000EEE700BF1C5800201858002010580020CE
:10C230001458002004ED00E070B5EFF3108272B6E0
:10C240000C4C206880B10C4E00254369236073B10B
:10C250009D6102B962B6457783689847EFF3108213
:10C2600072B620680028F0D102B962B670BD3360A2
:10C27000EFE700BF1058002014580020FFF7DCBF84
:10C28000024A136801331360704700BFDC56002078
:10C29000F8B50E4671B17AB10746144600253B68E1
:10C2A00016F8011B1B6838469847013C0544F6D137
:10C2B0002846F8BD0846F8BD1046F8BD30B504461E
:10C2C00083B002252A4601A80549FEF7CDF8236868
:10C2D0002A4601A95B682046984703B030BD00BFDD
:10C2E000AC5D010010B5036814465B6898472046B2
:10C2F00010BD00BF0EB400B582B003AA52F8041BF3
:10C30000019205F07FFF02B05DF804EB03B07047C7
:10C31000F0B507468BB0002A33D0012A08BF0A22A5
:10C3200051B3212400E0F4B2B1FBF2F502FB151188
:10C33000C8B2092900F1300198BFC8B20AA988BF64
:10C340003730214488BFC0B201F8240C661E29464C
:10C35000002DE8D133B1013CE4B20AAB23442D22D5
:10C3600003F8242C3B6801AA11195B683846C4F114
:10C37000220298470BB0F0BD30228DF825202124F1
:10C38000E8E70368C9B21B6898470BB0F0BD00BF6F
:10C390000029BABF49422D2300230A22FFF7B8BF64
:10C3A0002DE9F04385B080461946104616461F46D3
:10C3B0009DF8305000F030FF002840F0B18027F0A9
:10C3C0000044304621464FF0FF32594B00F024FF25
:10C3D00098B9304621464FF0FF32554B00F0FEFE33
:10C3E00058B9D8F8003053495B6840460322984753
:10C3F0008146484605B0BDE8F083304639464FF0E7
:10C4000060424D4B00F0FEFE002870D130463946A8
:10C410004FF06042494B00F0D7FE002867D130460C
:10C4200039460022002300F0CFFE002863D1814668
:10C43000002D65D0424B00240022104619463AA335
:10C44000D3E9002300F04EFC01340B46E1B28D42EB
:10C450000246F2D83046394600F092FA0F460646B8
:10C4600000F018FF044600F0C7FB02460B463046BA
:10C47000394600F083FA4B4606460F460A2221460B
:10C480004046FFF745FF0F2D28BF0F2501352E230E
:10C490008146EDB28DF8003001240022294B304650
:10C4A000394600F01FFC0F46064600F0F3FE04ABD1
:10C4B0002344C0B200F1300203F8102C00F0ACFBB2
:10C4C00002460B463046394600F058FA0134E4B2D1
:10C4D000AC4206460F46E0D1D8F8003022465B68F1
:10C4E000404669469847484605B0BDE8F083D8F80D
:10C4F0000030154978E707F100474FF0010997E749
:10C5000000220F4B3046394600F03AFA00F0C2FEE6
:10C510004B4601460A224046FFF7FAFE814668E78D
:10C52000D8F8003009495FE7000000A09999B93FA9
:10C53000FFFFEF7FB85D0100FFFFEF41FFFFEFC19D
:10C540000000E03F00002440B45D0100B05D010048
:10C5500008B5F7F715FEF6F777FC00F015F8FAE7DF
:10C56000FFF7ECBAFFF7C4BAFFF79EBAFFF7D8BAE5
:10C57000FFF7B4BBFFF78EBB08461146FFF7FABAC8
:10C580000846FFF77BBB00BF2DE9F843314E3378F7
:10C5900093B1314F3A787AB90122D9073A7036D43B
:10C5A0009A0719D400225B073A7005D52B4B1A68FD
:10C5B00012B1EFF305820AB1BDE8F883EFF3108101
:10C5C00072B6186818B1264C2278002A2ED000299D
:10C5D000F2D162B6BDE8F883DFF8908098F80020C9
:10C5E000002ADFD0DFF88890002405E0013498F8B5
:10C5F0000030E4B2A34212D959F824502B682846DF
:10C600001B6998470028F1D02B699847EEE7FFF7A0
:10C6100087FAC8B9134B1B781BB93378C0E7337856
:10C62000C0E7337803F0FE033370B9E745691D6056
:10C63000012323705DB1AA6101B962B60025457777
:10C64000836898472570B7E700F07CF8E2E7064B6F
:10C650001D60F1E734000020225800201C58002003
:10C6600020580020DA000020185800203058002000
:10C6700024580020F0B44D1E2E46002400E0013462
:10C68000B0FBF2F302FB1300092800F130078ABF68
:10C690003730F8B2C0B206F8010F1846002BEED1C1
:10C6A0000A1953704CB1107815F8016F28700133D6
:10C6B000E01A834202F80169F5DB0846F0BC7047D6
:10C6C00070B584B072B6194B194D1A4870224126C4
:10C6D0000F2480211A702E701A4604701970137876
:10C6E0001B06FCD5144B186862B6144B144C9842C8
:10C6F00098BF00EB800001A998BF40000A22FFF715
:10C70000B9FF01A92046002311F8012B01333AB1EA
:10C710000A2B20F8022FF7D11623237004B070BD26
:10C720005B00DBB2237004B070BD00BF00000240AC
:10C730000700024006000240080002407F96980071
:10C74000C4000020704700BFC1F30A522DE9F8432E
:10C75000A2F2FF36132E0B460D46044688460746C6
:10C7600021DC002E4EDB3A4A42FA06F901EA0902C0
:10C77000024386461CD034A3D3E9002300F000F91D
:10C780000022002300F03EFD48B1002D04DD4FF4EF
:10C79000801343FA06F6B04428EA09050027384614
:10C7A0002946BDE8F883332E06DDB6F5806F3CD010
:10C7B00020461946BDE8F883A2F213424FF0FF3934
:10C7C00029FA02F910EA090FF2D01FA3D3E90023D6
:10C7D00000F0D6F80022002300F014FD0028DED07F
:10C7E000002D09DD142E2BD00123C6F1340603FAE7
:10C7F00006F6371928BF9844454627EA0907384600
:10C800002946CEE710A3D3E9002300F0B9F80022AF
:10C81000002300F0F7FC0028C1D0002D0CDB55EA06
:10C82000040707D000270B4DB9E702460B4600F07E
:10C83000A7F8BFE73D46B2E700274FF00045AEE757
:10C8400005F10108D8E700BF9C7500883CE4377EFD
:10C85000FFFF0F000000F03FC1F30A522DE9F8433B
:10C86000A2F2FF36132E0B460D46044688460746B5
:10C870001CDC002E3FDB3A4A42FA06F901EA0902C3
:10C880000243864617D034A3D3E9002300F078F89A
:10C890000022002300F0B6FC20B1002D40DB28EA86
:10C8A0000905002738462946BDE8F883332E06DD02
:10C8B000B6F5806F2FD020461946BDE8F883A2F266
:10C8C00013424FF0FF3929FA02F910EA090FF2D0AA
:10C8D00021A3D3E9002300F053F80022002300F045
:10C8E00091FC0028DED0002D20DB454627EA090711
:10C8F00038462946D8E718A3D3E9002300F040F8CA
:10C900000022002300F07EFC0028CBD0002D18DB95
:10C9100000273D46C6E702460B4600F031F8CCE75B
:10C920004FF4801343FA06F6B044B8E7142E10D043
:10C930000123C6F1340603FA06F6371928BF9844D6
:10C94000D3E725F00042074B224318BF1D460027BE
:10C95000A8E705F10108C8E79C7500883CE4377E2C
:10C96000FFFF0F000000F0BF0B460146184601F024
:10C97000E1B900BF81F0004102E000BF83F0004355
:10C9800030B54FEA41044FEA430594EA050F08BF6A
:10C9900090EA020F1FBF54EA000C55EA020C7FEA2E
:10C9A000645C7FEA655C00F0E2804FEA5454D4EBAB
:10C9B0005555B8BF6D420CDD2C4480EA020281EA75
:10C9C000030382EA000083EA010180EA020281EAAD
:10C9D0000303362D88BF30BD11F0004F4FEA0131FF
:10C9E0004FF4801C4CEA113102D0404261EB41010E
:10C9F00013F0004F4FEA03334CEA133302D0524294
:10CA000063EB430394EA050F00F0A780A4F101044F
:10CA1000D5F1200E0DDB02FA0EFC22FA05F2801889
:10CA200041F1000103FA0EF2801843FA05F359416F
:10CA30000EE0A5F120050EF1200E012A03FA0EFCEE
:10CA400028BF4CF0020C43FA05F3C01851EBE37118
:10CA500001F0004507D54FF0000EDCF1000C7EEB35
:10CA600000006EEB0101B1F5801F1BD3B1F5001F73
:10CA70000CD349085FEA30004FEA3C0C04F1010492
:10CA80004FEA445212F5800F80F09A80BCF1004FBB
:10CA900008BF5FEA500C50F1000041EB045141EA3D
:10CAA000050130BD5FEA4C0C404141EB010111F43E
:10CAB000801FA4F10104E9D191F0000F04BF0146E9
:10CAC0000020B1FA81F308BF2033A3F10B03B3F1C7
:10CAD00020020CDA0C3208DD02F1140CC2F10C0257
:10CAE00001FA0CF021FA02F10CE002F11402D8BFB5
:10CAF000C2F1200C01FA02F120FA0CFCDCBF41EA81
:10CB00000C019040E41AA2BF01EB0451294330BD4F
:10CB10006FEA04041F3C1CDA0C340EDC04F114042C
:10CB2000C4F1200220FA04F001FA02F340EA030003
:10CB300021FA04F345EA030130BDC4F10C04C4F149
:10CB4000200220FA02F001FA04F340EA0300294629
:10CB500030BD21FA04F0294630BD94F0000F83F473
:10CB6000801306BF81F480110134013D4EE77FEA56
:10CB7000645C18BF7FEA655C29D094EA050F08BFA2
:10CB800090EA020F05D054EA000C04BF1946104683
:10CB900030BD91EA030F1EBF0021002030BD5FEAC7
:10CBA000545C05D14000494128BF41F0004130BDEF
:10CBB00014F580043CBF01F5801130BD01F0004543
:10CBC00045F0FE4141F470014FF0000030BD7FEAB6
:10CBD000645C1ABF194610467FEA655C1CBF0B46B1
:10CBE000024650EA013406BF52EA033591EA030FC8
:10CBF00041F4002130BD00BF90F0000F04BF0021C0
:10CC0000704730B54FF4806404F132044FF00005F2
:10CC10004FF0000150E700BF90F0000F04BF00216B
:10CC2000704730B54FF4806404F1320410F00045D1
:10CC300048BF40424FF000013EE700BF42004FEACC
:10CC4000E2014FEA31014FEA02701FBF12F07F4349
:10CC500093F07F4F81F06051704792F0000F14BF46
:10CC600093F07F4F704730B54FF4607401F000458A
:10CC700021F0004120E700BF50EA010208BF7047E1
:10CC800030B54FF000050AE050EA010208BF7047D6
:10CC900030B511F0004502D5404261EB41014FF43F
:10CCA000806404F132045FEA915C3FF4DCAE4FF043
:10CCB00003025FEADC0C18BF03325FEADC0C18BF2A
:10CCC000033202EBDC02C2F1200300FA03FC20FA7B
:10CCD00002F001FA03FE40EA0E0021FA02F11444C8
:10CCE000C1E600BF70B54FF0FF0C4CF4E06C1CEADD
:10CCF00011541DBF1CEA135594EA0C0F95EA0C0F52
:10CD000000F0DEF82C4481EA030621EA4C5123EAC4
:10CD10004C5350EA013518BF52EA033541F48011F3
:10CD200043F4801338D0A0FB02CE4FF00005E1FBA6
:10CD300002E506F00042E0FB03E54FF00006E1FBF0
:10CD400003569CF0000F18BF4EF0010EA4F1FF0433
:10CD5000B6F5007F64F5407404D25FEA4E0E6D4173
:10CD600046EB060642EAC62141EA55514FEAC52084
:10CD700040EA5E504FEACE2EB4F1FD0C88BFBCF500
:10CD8000E06F1ED8BEF1004F08BF5FEA500E50F1B1
:10CD9000000041EB045170BD06F0004646EA010177
:10CDA00040EA020081EA0301B4EB5C04C2BFD4EBA9
:10CDB0000C0541EA045170BD41F480114FF0000EA2
:10CDC000013C00F3AB8014F1360FDEBF002001F010
:10CDD000004170BDC4F10004203C35DA0C341BDC8A
:10CDE00004F11404C4F1200500FA05F320FA04F05C
:10CDF00001FA05F240EA020001F0004221F0004190
:10CE000010EBD37021FA04F642EB06015EEA430E02
:10CE100008BF20EAD37070BDC4F10C04C4F1200532
:10CE200000FA04F320FA05F001FA04F240EA0200E5
:10CE300001F0004110EBD37041F100015EEA430EB6
:10CE400008BF20EAD37070BDC4F1200500FA05F2D6
:10CE50004EEA020E20FA04F301FA05F243EA020355
:10CE600021FA04F001F0004121FA04F220EA020064
:10CE700000EBD3705EEA430E08BF20EAD37070BDAA
:10CE800094F0000F0FD101F00046400041EB01018A
:10CE900011F4801F08BF013CF7D041EA060195F06C
:10CEA000000F18BF704703F00046520043EB030326
:10CEB00013F4801F08BF013DF7D043EA0603704713
:10CEC00094EA0C0F0CEA135518BF95EA0C0F0CD01E
:10CED00050EA410618BF52EA4306D1D181EA030164
:10CEE00001F000414FF0000070BD50EA410606BF5E
:10CEF0001046194652EA430619D094EA0C0F02D1A3
:10CF000050EA013613D195EA0C0F05D152EA0336E7
:10CF10001CBF104619460AD181EA030101F0004105
:10CF200041F0FE4141F470014FF0000070BD41F04E
:10CF3000FE4141F4780170BD70B54FF0FF0C4CF428
:10CF4000E06C1CEA11541DBF1CEA135594EA0C0F47
:10CF500095EA0C0F00F0A7F8A4EB050481EA030E94
:10CF600052EA03354FEA013100F088804FEA03337B
:10CF70004FF0805545EA131343EA12634FEA022249
:10CF800045EA111545EA10654FEA00260EF000410A
:10CF90009D4208BF964244F1FD0404F5407402D25C
:10CFA0005B084FEA3202B61A65EB03055B084FEAED
:10CFB00032024FF480104FF4002CB6EB020E75EBEA
:10CFC000030E22BFB61A754640EA0C005B084FEA12
:10CFD0003202B6EB020E75EB030E22BFB61A75468F
:10CFE00040EA5C005B084FEA3202B6EB020E75EBDA
:10CFF000030E22BFB61A754640EA9C005B084FEA52
:10D000003202B6EB020E75EB030E22BFB61A75465E
:10D0100040EADC0055EA060E18D04FEA051545EA4D
:10D0200016754FEA06164FEAC30343EA52734FEAF6
:10D03000C2025FEA1C1CC0D111F4801F0BD141EA6F
:10D0400000014FF000004FF0004CB6E711F4801FD4
:10D0500004BF01430020B4F1FD0C88BFBCF5E06FB4
:10D060003FF6AFAEB5EB030C04BFB6EB020C5FEAC4
:10D07000500C50F1000041EB045170BD0EF0004E19
:10D080004EEA113114EB5C04C2BFD4EB0C0541EA4B
:10D09000045170BD41F480114FF0000E013C90E648
:10D0A00045EA060E8DE60CEA135594EA0C0F08BF0C
:10D0B00095EA0C0F3FF43BAF94EA0C0F0AD150EA0B
:10D0C00001347FF434AF95EA0C0F7FF425AF10469E
:10D0D00019462CE795EA0C0F06D152EA03353FF4C6
:10D0E000FDAE1046194622E750EA410618BF52EA43
:10D0F00043067FF4C5AE50EA41047FF40DAF52EA17
:10D1000043057FF4EBAE12E74FF0FF3C06E000BFB3
:10D110004FF0010C02E000BF4FF0010C4DF804CDC0
:10D120004FEA410C7FEA6C5C4FEA430C18BF7FEA80
:10D130006C5C1BD001B050EA410C0CBF52EA430CAE
:10D1400091EA030F02BF90EA020F0020704710F12E
:10D15000000F91EA030F58BF994208BF90422CBFBD
:10D16000D8176FEAE37040F0010070474FEA410CB6
:10D170007FEA6C5C02D150EA013C07D14FEA430CD4
:10D180007FEA6C5CD6D152EA033CD3D05DF8040B45
:10D19000704700BF8446104662468C461946634677
:10D1A00000E000BF01B5FFF7B7FF002848BF10F14E
:10D1B000000F01BD4DF808EDFFF7F4FF0CBF012093
:10D1C00000205DF808FB00BF4DF808EDFFF7EAFF0F
:10D1D00034BF012000205DF808FB00BF4DF808EDCA
:10D1E000FFF7E0FF94BF012000205DF808FB00BFBF
:10D1F0004DF808EDFFF7CEFF94BF012000205DF849
:10D2000008FB00BF4DF808EDFFF7C4FF34BF012055
:10D2100000205DF808FB00BF4FEA410C7FEA6C5C20
:10D2200002D150EA013C0AD14FEA430C7FEA6C5C20
:10D2300002D152EA033C02D14FF0000070474FF098
:10D24000010070474FEA410212F5001215D211D5C4
:10D250006FF47873B3EB625212D94FEAC12343F0F3
:10D26000004343EA505311F0004F23FA02F018BF75
:10D27000404270474FF00000704750EA013005D13E
:10D2800011F0004008BF6FF0004070474FF0000001
:10D29000704700BF4A0011D212F5001211D20DD50D
:10D2A0006FF47873B3EB62520ED44FEAC12343F0AC
:10D2B000004343EA505323FA02F070474FF0000056
:10D2C000704750EA013002D14FF0FF3070474FF005
:10D2D000000070474FEA4102B2F1E04324BFB3F5CA
:10D2E000001CDCF1FE5C0DD901F0004C4FEAC002DD
:10D2F0004CEA5070B2F1004F40EB830008BF20F0C1
:10D300000100704711F0804F21D113F13872BCBF7A
:10D3100001F00040704741F480114FEA5252C2F1CF
:10D320001802C2F1200C10FA0CF320FA02F018BF18
:10D3300040F001004FEAC1234FEAD32303FA0CFC6B
:10D3400040EA0C0023FA02F34FEA4303CCE77FEAFA
:10D35000625307D150EA01331EBF4FF0FE4040F444
:10D360004000704701F0004040F0FE4040F40000F3
:10D37000704700BF80F0004002E000BF81F0004134
:10D3800042001FBF5FEA410392EA030F7FEA226C6B
:10D390007FEA236C6AD04FEA1262D2EB1363C1BFFB
:10D3A000D218414048404140B8BF5B42192B88BF6A
:10D3B000704710F0004F40F4000020F07F4018BF8D
:10D3C000404211F0004F41F4000121F07F4118BFAD
:10D3D000494292EA030F3FD0A2F1010241FA03FC55
:10D3E00010EB0C00C3F1200301FA03F100F000433D
:10D3F00002D5494260EB4000B0F5000F13D3B0F105
:10D40000807F06D340084FEA310102F10102FE2A73
:10D4100051D2B1F1004F40EBC25008BF20F00100E3
:10D4200040EA03007047490040EB000010F4000F91
:10D43000A2F10102EDD1B0FA80FCACF1080CB2EB24
:10D440000C0200FA0CF0AABF00EBC2505242184383
:10D45000BCBFD0401843704792F0000F81F4000128
:10D4600006BF80F400000132013BB5E74FEA4103FB
:10D470007FEA226C18BF7FEA236C21D092EA030F67
:10D4800004D092F0000F08BF0846704790EA010FE1
:10D490001CBF0020704712F07F4F04D1400028BF0E
:10D4A00040F00040704712F100723CBF00F50000F0
:10D4B000704700F0004343F0FE4040F40000704726
:10D4C0007FEA226216BF08467FEA236301464202D2
:10D4D00006BF5FEA412390EA010F40F480007047E5
:10D4E0004FF0000304E000BF10F0004348BF40428B
:10D4F0005FEA000C08BF704743F0964301464FF0C7
:10D5000000001CE050EA010208BF70474FF0000322
:10D510000AE000BF50EA010208BF704711F0004363
:10D5200002D5404261EB41015FEA010C02BF844633
:10D530000146002043F0B64308BFA3F18053A3F592
:10D540000003BCFA8CF2083AA3EBC25310DB01FAD9
:10D5500002FC634400FA02FCC2F12002BCF1004F5D
:10D5600020FA02F243EB020008BF20F001007047EE
:10D5700002F1200201FA02FCC2F1200250EA4C0042
:10D5800021FA02F243EB020008BF20EADC70704788
:10D590004FF0FF0C1CEAD0521EBF1CEAD15392EA96
:10D5A0000C0F93EA0C0F6FD01A4480EA010C400272
:10D5B00018BF5FEA41211ED04FF0006343EA5010CC
:10D5C00043EA5111A0FB01310CF00040B1F5000F0E
:10D5D0003EBF490041EAD3715B0040EA010062F1BD
:10D5E0007F02FD2A1DD8B3F1004F40EBC25008BFA7
:10D5F00020F00100704790F0000F0CF0004C08BFC5
:10D6000049024CEA502040EA51207F3AC2BFD2F191
:10D61000FF0340EAC250704740F400004FF000039F
:10D62000013A5DDC12F1190FDCBF00F000407047D9
:10D63000C2F10002410021FA02F1C2F1200200FA17
:10D6400002FC5FEA310040F1000053EA4C0308BFDE
:10D6500020EADC70704792F0000F00F0004C02BF2F
:10D66000400010F4000F013AF9D040EA0C0093F0AA
:10D67000000F01F0004C02BF490011F4000F013B04
:10D68000F9D041EA0C018FE70CEAD15392EA0C0F72
:10D6900018BF93EA0C0F0AD030F0004C18BF31F0DD
:10D6A000004CD8D180EA010000F00040704790F0B3
:10D6B000000F17BF90F0004F084691F0000F91F057
:10D6C000004F14D092EA0C0F01D142020FD193EA1D
:10D6D0000C0F03D14B0218BF084608D180EA0100A5
:10D6E00000F0004040F0FE4040F40000704740F081
:10D6F000FE4040F4400070474FF0FF0C1CEAD0524F
:10D700001EBF1CEAD15392EA0C0F93EA0C0F69D0AA
:10D71000A2EB030280EA010C49024FEA402037D015
:10D720004FF0805343EA111143EA10130CF000400C
:10D730008B4238BF5B0042F17D024FF4000C8B42FC
:10D7400024BF5B1A40EA0C00B3EB510F24BFA3EBDC
:10D75000510340EA5C00B3EB910F24BFA3EB9103AC
:10D7600040EA9C00B3EBD10F24BFA3EBD10340EA06
:10D77000DC001B0118BF5FEA1C1CE0D1FD2A3FF64C
:10D7800050AF8B4240EBC25008BF20F00100704701
:10D790000CF0004C4CEA50207F32C2BFD2F1FF03A4
:10D7A00040EAC250704740F400004FF00003013AD5
:10D7B00037E792F0000F00F0004C02BF400010F479
:10D7C000000F013AF9D040EA0C0093F0000F01F08D
:10D7D000004C02BF490011F4000F013BF9D041EAAF
:10D7E0000C0195E70CEAD15392EA0C0F08D14202E2
:10D7F0007FF47DAF93EA0C0F7FF470AF084676E7B5
:10D8000093EA0C0F04D14B023FF44CAF08466EE78D
:10D8100030F0004C18BF31F0004CCAD130F000425B
:10D820007FF45CAF31F000437FF43CAF5FE700BFB3
:10D830004FF0FF3C06E000BF4FF0010C02E000BFDC
:10D840004FF0010C4DF804CD4FEA40024FEA41037E
:10D850007FEA226C18BF7FEA236C11D001B052EA34
:10D86000530C18BF90EA010F58BFB2EB030088BFFA
:10D87000C81738BF6FEAE17018BF40F00100704769
:10D880007FEA226C02D15FEA402C05D17FEA236C4B
:10D89000E4D15FEA412CE1D05DF8040B704700BF92
:10D8A000844608466146FFE70FB5FFF7C9FF002829
:10D8B00048BF10F1000F0FBD4DF808EDFFF7F4FF62
:10D8C0000CBF012000205DF808FB00BF4DF808EDFB
:10D8D000FFF7EAFF34BF012000205DF808FB00BF1E
:10D8E0004DF808EDFFF7E0FF94BF012000205DF840
:10D8F00008FB00BF4DF808EDFFF7D2FF94BF0120F1
:10D9000000205DF808FB00BF4DF808EDFFF7C8FFE9
:10D9100034BF012000205DF808FB00BF4FEA400241
:10D92000B2F1FE4F0FD34FF09E03B3EB12620DD94D
:10D930004FEA002343F0004310F0004F23FA02F0B7
:10D9400018BF404270474FF00000704712F1610F5E
:10D9500001D1420205D110F0004008BF6FF0004035
:10D9600070474FF00000704742000ED2B2F1FE4FF8
:10D970000BD34FF09E03B3EB126209D44FEA00239E
:10D9800043F0004323FA02F070474FF00000704765
:10D9900012F1610F01D1420202D14FF0FF30704706
:10D9A0004FF00000704700BF53B94AB9002908BFC3
:10D9B00000281CBF4FF0FF314FF0FF3000F0B8B926
:10D9C000ADF1080C6DE904CE00F040F8DDF804E09C
:10D9D000DDE9022304B0704710B500210446FFF7CB
:10D9E00075FF20B92046BDE8104000F009B804F1E9
:10D9F000004000F005F8404261EB410110BD00BF5E
:10DA0000D0B5FFF71BF900220E4B06460F46FFF775
:10DA100069F9FFF73FFC0446FFF7EEF800220A4BD6
:10DA2000FFF760F902460B4630463946FEF7A6FF7F
:10DA3000FFF730FC2346002242EA00021046194656
:10DA4000D0BD00BF0000F03D0000F0412DE9F047DF
:10DA50008C460E460446089D002B50D18A4217463C
:10DA60006CD9B2FA82FEBEF1000F0BD0CEF12004C9
:10DA700020FA04F401FA0EF644EA060C02FA0EF754
:10DA800000FA0EF44FEA1749220CBCFBF9F01FFA1A
:10DA900087F809FB10C642EA064600FB08F3B342CA
:10DAA00009D9F61900F1FF3280F02281B34240F229
:10DAB0001F8102383E44F61AA2B2B6FBF9F309FB05
:10DAC000136642EA064403FB08F8A04509D9E419A5
:10DAD00003F1FF3280F00A81A04540F20781023B4A
:10DAE0003C44C8EB040443EA00400021002D62D00E
:10DAF00024FA0EF400232C606B60BDE8F0878B42A3
:10DB000007D9002D55D0002185E841000846BDE821
:10DB1000F087B3FA83F1002940F09080B34202D33A
:10DB2000824200F2F880841A66EB03060120B446B4
:10DB3000002D40D085E81010BDE8F08712B901270C
:10DB4000B7FBF2F7B7FA87FEBEF1000F35D1F31B32
:10DB50004FEA17481FFA87FC0121B3FBF8F0220CAB
:10DB600008FB103642EA06460CFB00F3B34207D925
:10DB7000F61900F1FF3202D2B34200F2CE80104615
:10DB8000F61AA2B2B6FBF8F308FB136642EA0644A3
:10DB90000CFB03FCA44507D9E41903F1FF3202D2C0
:10DBA000A44500F2B5801346CCEB040443EA0040E0
:10DBB0009CE729462846BDE8F087CEF1200106FA09
:10DBC0000EF307FA0EF720FA01F94FEA1748CE4094
:10DBD00049EA0309B6FBF8FA4FEA194408FB1A664A
:10DBE0001FFA87FC44EA06430AFB0CF29A4200FA49
:10DBF0000EF40AD9DB190AF1FF3180F087809A42CE
:10DC000040F28480AAF1020A3B449B1A1FFA89F968
:10DC1000B3FBF8F108FB113349EA034301FB0CF6AF
:10DC20009E4207D9DB1901F1FF326BD29E4269D9BE
:10DC300002393B449B1B41EA0A418EE7C1F1200EA9
:10DC400022FA0EF48B40234320FA0EF706FA01F471
:10DC50004FEA134C26FA0EF63C43B6FBFCF9270CB0
:10DC60000CFB19661FFA83F847EA064609FB08F71A
:10DC7000B74202FA01F200FA01FA08D9F61809F1DE
:10DC8000FF3041D2B7423FD9A9F102091E44F61B29
:10DC9000A0B2B6FBFCF40CFB146640EA064704FB9A
:10DCA00008F8B84507D9FF1804F1FF3028D2B84565
:10DCB00026D9023C1F4444EA0940C8EB0707A0FBF1
:10DCC00002894F4544464E4614D329D065B3BAEB7A
:10DCD000040367EB060707FA0EFECB40CF404EEA7F
:10DCE000030385E888000021BDE8F0871346F8E6C5
:10DCF0001046E0E6B8EB020469EB03060138E5E7FD
:10DD00000446D8E7114695E78146C0E78A467CE796
:10DD1000023B3C4448E708460AE702383E442FE706
:10DD2000C245E7D33E46D1E72946BDE8F08700BFAC
:10DD3000704700BF13460A460146022004F092BA1B
:10DD4000014B1868704700BF0805002070B50F4EE2
:10DD50000F4D761BB61018BF002405D0013455F8BE
:10DD6000043B9847A642F9D10A4E0B4D761B08F0AA
:10DD70006BFAB61018BF002406D0013455F8043BE6
:10DD80009847A642F9D170BD70BD00BF5462010032
:10DD9000546201008C62010054620100034A044B8A
:10DDA0001268506B002808BF18467047080500200D
:10DDB0000C050020044B054A1B685B6B002B08BF59
:10DDC000134693F828017047080500200C05002031
:10DDD000D0F8EC00704700BF08B5034B1868FFF798
:10DDE000DDFFD0F8EC0008BD08050020024B01461D
:10DDF000186800F003B800BF080500202DE9F04FB7
:10DE000001F10B05162D83B0064640F29F8035F0D8
:10DE1000070500F1BF80A94200F2BC8000F0F4FBCE
:10DE2000B5F5FC7FC0F09C826B0A00F0BA80042B31
:10DE300000F28381A80900F1390E4FEA4E03383011
:10DE4000C44F07EB8303A3F108015C68A14207D12B
:10DE5000ACE0002A80F2AC80E468A14200F0A68029
:10DE6000636823F003035A1B0F2AF2DDB9493C69AA
:10DE700001F1080E744500F0B381636823F00303D9
:10DE80005A1B0F2A00F39981002AC1F814E0C1F847
:10DE900010E080F29E80B3F5007F80F06781DB08A0
:10DEA00003F1010C01229B1002FA03F34A6851F8B6
:10DEB0003C80C4F8088001EBCC091A43A9F108039F
:10DEC000E3604A6041F83C40C8F80C4083100124EC
:10DED0009C40944200F28A80144206D120F0030054
:10DEE0006400144200F10400FAD007EBC009CC46EC
:10DEF0008046DCF80C108C4507D173E1002A80F2D3
:10DF00008181C9688C4500F06D814B6823F0030363
:10DF10005A1B0F2AF2DD0C46D1F80CC054F8088FBA
:10DF20004B1945F001054D6042F00101C8F80CC0E5
:10DF30003046CCF808807B613B61C3F80CE0C3F845
:10DF400008E059609A5000F061FB1FE0102921D8C9
:10DF500000F05AFB1025062302207E4F07EB8303B7
:10DF6000A3F108025C68944200F045816368E168AF
:10DF7000A56823F00303234430465A68E96042F061
:10DF800001028D605A6000F041FB0834204603B066
:10DF9000BDE8F08F00240C232046336003B0BDE8B9
:10DFA000F08F80234FF0400E3F2049E770465DE739
:10DFB0002344E1685A68A56842F00102E9603046EE
:10DFC0008D605A6000F022FB0834204603B0BDE8A3
:10DFD000F08F234430465A6842F001025A6000F044
:10DFE00015FB0834204603B0BDE8F08FBC686368B9
:10DFF00023F00308A84504D3C5EB08030F2B00F357
:10E000008C80554BDFF860911A68D9F800300133E5
:10E010002A4404EB080A00F0608102F580520F32B6
:10E0200022F47F6222F00F0211463046019200F086
:10E03000DFFCB0F1FF3F8346019A00F05881824532
:10E0400000F2FC80454B1968DA451144196000F074
:10E050005381D9F80000DFF810E101301BBFCAEB93
:10E060000B0A5144CEF800B019601BF0070100F014
:10E070001781C1F10800C1F58051834408315A4429
:10E08000C2F30B02C2EB010949463046019300F08E
:10E09000AFFC431C019B00F03F81CBEB00024A44E4
:10E0A00042F001021968C7F808B04944BC42CBF8F5
:10E0B00004201960DFF8A49016D0B8F10F0F40F2D9
:10E0C000FD806268A8F10C0323F00703E01802F05A
:10E0D00001024FF0050E1A430F2B6260C0F804E0F6
:10E0E000C0F808E000F21C811D4BBC681A68914220
:10E0F00088BF19601B4B1A689142626888BF19601B
:10E1000022F003029542A2EB050301D80F2B04DC99
:10E11000304600F07BFA002438E7621943F001032F
:10E1200045F0010565603046BA60536000F06EFA54
:10E130000834204603B0BDE8F08F142B71D9542B5E
:10E1400000F2A480280B00F16F0E4FEA4E036E30F0
:10E1500076E600BF780600203C580020405800209A
:10E160003858002034580020840A00205A0A042A13
:10E170005ED9142A00F2B38002F15C0149005B32DF
:10E1800007EB810C57F82110DFF8DC81ACF1080CAB
:10E190008C4500F088804A6822F00302934202D244
:10E1A00089688C45F7D1D1F80CC07A68C4F80CC0E6
:10E1B000A160CCF80840CC6088E6631942F0010702
:10E1C00045F00105656030464B610B61C3F80CE01A
:10E1D000C3F808E05F609A50083400F017FAD5E6FB
:10E1E0004A6873E608F1010818F0030F0CF1080CF7
:10E1F0007FF47FAE30E0DC68A34208BF02303FF41A
:10E2000035AEB3E60B440C465A68C96854F8085F4B
:10E2100042F001025A603046E9608D6000F0F6F984
:10E22000B4E603F15C0E03F15B004FEA4E0307E630
:10E230009A0902F1390149003832A1E7BC424A4B40
:10E240003FF400AF9C68626822F003025AE759F875
:10E250000839994540F0828010F0030F00F1FF303B
:10E26000F5D17B6823EA04037B6064009C423FF69F
:10E27000BDAE002C3FF4BAAE1C4240467FF435AE32
:10E2800064001C4200F10400FAD02EE6B3F5AA7F28
:10E2900018D8E80B00F1780E4FEA4E037730CFE53F
:10E2A0004FF48051EBE60121D8F80430921001FAC6
:10E2B00002F21A43C8F80420614677E70123CBF83D
:10E2C000043025E740F25452934220D8A80C00F1C4
:10E2D0007D0E4FEA4E037C30B2E51032A4E6542A9C
:10E2E00026D81A0B02F16F0149006E3248E7BC686C
:10E2F000626822F0030205E7CAF30B0000287FF4EE
:10E30000A8AE4244BB6842F001025A60ECE6FE232C
:10E310004FF07F0E7E2093E501224FF00009C1E609
:10E3200004F10801304605F021F8D9F80010DBE6C9
:10E33000B2F5AA7F05D8DA0B02F1780149007732ED
:10E340001EE740F254518A4205D89A0C02F17D0131
:10E3500049007C3214E7FE217E2211E77B6884E7C6
:10E36000E808431C5B00F8E57806002082B049B15C
:10E370005AB16BB113780B601278101C18BF0120D2
:10E3800002B0704701A9002AF3D1104602B07047CD
:10E390006FF00100F4E700BFFFFFFFFFFFFFFFFF8B
:10E3A00001F0FF01102A2BDB10F0070F08D010F846
:10E3B000013B013A8B422DD010F0070F42B3F6D14A
:10E3C000F0B441EA012141EA014122F007047FF063
:10E3D00000070023F0E80256083C85EA010586EABA
:10E3E000010685FA47F5A3FA87F586FA47F6A5FAF6
:10E3F00087F68EB9EED1F0BC01F0FF0102F0070202
:10E4000032B110F8013B013A83EA010313B1F8D1AC
:10E410000020704701387047002D06BF354603388D
:10E42000073815F0010F07D1013015F4807F02BFC6
:10E43000013015F4C03F0130F0BC0138704700BF17
:10E44000032A70B426D940EA01039B0711D004784F
:10E450000D78AC4222D10244431C05E013F8014B75
:10E4600011F8015FAC4219D19342F7D1002070BC82
:10E4700070470C4603461E682568AE421846214682
:10E4800003F1040304F10404E1D1043A032A184619
:10E490002146F0D8002ADAD11046E8E7601B70BCAC
:10E4A000704700BF8842F0B50DD98B1898420AD248
:10E4B0008118002A51D09A1A13F8014D01F8014D24
:10E4C0009342F9D1F0BD0F2A48D941EA00039B07D6
:10E4D00046D100F1100401F11003154653F8106CF9
:10E4E00044F8106C53F80C6C44F80C6C53F8086C3E
:10E4F00044F8086C103D53F8046C44F8046C0F2D7C
:10E5000003F1100304F11004E8D8A2F1100323F082
:10E510000F0302F00F0E1033BEF1030F1944034432
:10E5200021D91E1F0D467446043C55F8047B46F85D
:10E53000047F032CF8D8AEF1040424F0030404345F
:10E540002344214402F0030262B1013B0A4411F862
:10E55000014B03F8014F8A42F9D1F0BD0346F3E7BE
:10E560000346F2E7F0BD7246EEE700BF70B48407E1
:10E5700046D0541E002A41D0CDB2034602E0621EAE
:10E58000E4B3144603F8015B9A07F8D1032C2ED9A3
:10E59000CDB245EA05250F2C45EA054519D903F109
:10E5A00010022646103E0F2E42F8105C42F80C5C1A
:10E5B00042F8085C42F8045C02F11002F2D8A4F1BF
:10E5C000100222F00F0204F00F041032032C134447
:10E5D0000DD91E462246043A032A46F8045BFAD8AF
:10E5E000221F22F003020432134404F003042CB16E
:10E5F000C9B21C4403F8011BA342FBD170BC704795
:10E6000014460346C2E700BF704700BF704700BF13
:10E610002DE9F04F174683B0002900F0C1800E4667
:10E62000814607F10B05FFF7EFFF56F804EC162DB6
:10E630002EF00304A6F1080840D810221546AF4278
:10E6400041D8944275DAC94B996808EB04008842B6
:10E65000416800F0D98021F0010303445B68DB07C7
:10E660007DD51EF0010F35D039464846FFF7C6FB71
:10E670000746E0B156F8043C23F001034344A0F1FF
:10E6800008029A4200F04481221F242A00F23181BC
:10E69000132A00F20481034632461168196051685A
:10E6A000596092689A603146484604F05FFE4846D9
:10E6B000FFF7ACFF384603B0BDE8F08F25F0070543
:10E6C000002D2A46BBDA0C230020C9F8003003B025
:10E6D000BDE8F08F56F8083CC3EB080ADAF80430BE
:10E6E00023F0030C04EB0C039342BDDB5746DAF82E
:10E6F0000C1057F8080F221F242AC160886000F20E
:10E700001781132A40F212813168CAF80810716823
:10E71000CAF80C101B2A00F22B8108360AF11002ED
:10E720003168116071685160B16891603E461C4665
:10E73000D046631B0F2B1DD8D8F8043003F001031B
:10E7400023434444C8F80430636843F00103636022
:10E750004846FFF75BFF304603B0BDE8F08F21F07D
:10E7600003012144914221DBC36882680C46D360D7
:10E770009A60DEE7D8F8042008EB050102F00102F8
:10E78000154343F001020B44C8F804504A605A682C
:10E7900042F0010208315A60484604F0E7FDD7E72D
:10E7A000114603B0BDE8F04FFFF728BB1EF0010F84
:10E7B0007FF45AAF56F8083CC3EB080ADAF8043085
:10E7C00023F0030C01EB0C0E96458BDBC3688268CB
:10E7D0005746D3609A6057F8081FDAF80C30CB60C0
:10E7E000221F242A996000F29980132A62D9336883
:10E7F000CAF808307368CAF80C301B2A00F2A080EF
:10E8000008360AF1100356E021F0030BA34405F18A
:10E810001000834559DA1EF0010F7FF425AF56F83A
:10E82000081CC1EB080ADAF8041021F0030CE344D9
:10E8300058453FF757AF5746DAF80C1057F8080F0E
:10E84000221F242AC160886000F2B480132A40F29B
:10E85000A5803168CAF808107168CAF80C101B2A24
:10E8600000F2AF8008360AF1100231681160716859
:10E870005160B16891600AEB0501C5EB0B0242F0F3
:10E88000010299604A60DAF8043003F001031D4385
:10E890004846CAF80450FFF7B9FE38465CE73368CB
:10E8A0000360736843601B2A27D800F1080306F150
:10E8B0000802F2E63B4632681A6072685A60B26833
:10E8C0009A603E467446D04633E708EB0501C5EB37
:10E8D0000B0B4BF0010299604A6056F8043C03F0C0
:10E8E00001031D43484646F8045CFFF78FFE30469F
:10E8F00032E73146FFF7D6FDD5E6B3688360F368AB
:10E90000C360242A28D000F1100306F11002C4E6E7
:10E9100050F8043C23F003031C440AE73146384610
:10E920007446D046FFF7BEFD3E4602E73A46F7E69C
:10E93000314638461C46D046FFF7B4FD3E46F8E661
:10E94000B368CAF81030F368CAF81430242A1BD010
:10E9500010360AF11803AEE7336903617369436146
:10E9600006F1180200F1180397E600BF78060020B0
:10E97000B168CAF81010F168CAF81410242A0FD030
:10E9800010360AF11802CBE63369CAF818307369F9
:10E99000CAF81C3018360AF120038CE73A4664E7BF
:10E9A0003269CAF818207269CAF81C2018360AF1B0
:10E9B0002002B5E6314638460193FFF773FD019B0F
:10E9C00059E7B168CAF81010F168CAF81410242A7F
:10E9D00003D010360AF1180247E73269CAF8182046
:10E9E0007269CAF81C2018360AF120023DE700BF00
:10E9F00038B5074C0023054608462360FCF770F83D
:10EA0000431C00D038BD2368002BFBD02B6038BDE1
:10EA10008C5800200EB4F0B59CB021AB0F4953F8D0
:10EA2000042B019305466FF00044086802954FF4EB
:10EA300002774FF6FF7602A90695ADF8147004949C
:10EA40000794ADF8166001F01FF9029B00221A70BE
:10EA50001CB0BDE8F04003B0704700BF08050020BF
:10EA60000EB4F0B59CB021AC4FF4017254F8046BB5
:10EA7000ADF814200290069000F022F80C4B01949F
:10EA8000054632460B4F1868039523464FF6FF762E
:10EA9000002402A907950A970E941394ADF8166006
:10EAA00002F04AFC1CB0BDE8F04003B0704700BF64
:10EAB00008050020B9EA000000207047FFFFFFFFB3
:10EAC00090F800F06DE9024520F007016FF0000CAE
:10EAD00010F0070491F820F040F049804FF0000456
:10EAE0006FF00700D1E9002391F840F000F1080031
:10EAF00082FA4CF2A4FA8CF283FA4CF3A2FA8CF369
:10EB00004BBBD1E9022382FA4CF200F10800A4FACF
:10EB10008CF283FA4CF3A2FA8CF3E3B9D1E9042323
:10EB200082FA4CF200F10800A4FA8CF283FA4CF35A
:10EB3000A2FA8CF37BB9D1E9062301F1200182FA14
:10EB40004CF200F10800A4FA8CF283FA4CF3A2FA1A
:10EB50008CF3002BC6D0002A04BF04301A4612BA28
:10EB6000B2FA82F2FDE8024500EBD2007047D1E92B
:10EB7000002304F00305C4F100004FEAC50514F0BA
:10EB8000040F91F840F00CFA05F562EA05021CBF8B
:10EB900063EA050362464FF00004A9E7002A41D06A
:10EBA00040EA010313F00303F0B425D1032A23D96B
:10EBB00004680D68AC421FD1043A35D0A4F1013588
:10EBC00025EA040414F0803F31D1071D0D1D0DE02E
:10EBD00057F8043B0E68A3F10134B34224EA03045E
:10EBE0000AD1043A20D014F0803F23D1032A2946C9
:10EBF000384605F10405EBD803780C789C4202F105
:10EC0000FF320CD182B114B916E06AB17BB110F8B1
:10EC1000013F11F8014FA34202F1FF32F5D0181B5A
:10EC2000F0BC7047104670471046F0BC704718465D
:10EC3000F0BC70470020F3E72046F1E72DE9F041F2
:10EC40000F46904605F078FB04460D46B8F1000FDC
:10EC500011D0C7F30A53C3F16B03002B0BDD1B0567
:10EC600003F17F55002405F5401522462B46FEF79B
:10EC700039F8BDE8F08120462946BDE8F08100BFA3
:10EC80002DE9F04F1D46A1B00023834628460E46CD
:10EC900007921C9305F014F80024002382460068B4
:10ECA000CDE90434FFF70CFF1B968146324614462B
:10ECB00012F8017B2D2F00F2B180DFE807F017AFCB
:10ECC000AFAFAFAFAFAFAF8383838383AFAFAFAF30
:10ECD000AFAFAFAFAFAFAFAFAFAFAFAFAFAF83AF70
:10ECE000AFAFAFAFAFAFAFAFAF2DAF80079B4FF0C0
:10ECF00000094FF0000A53B100230893079B1E60E0
:10ED0000089B23B149460AF1004389469A46484682
:10ED1000514621B0BDE8F08F00230893621C1B927E
:10ED20006778002FE2D0302F14467BD000230A945E
:10ED30000993A7F13003092B00F2DB834FF00008A1
:10ED4000204645464446082CC8BF08EB880805EB1A
:10ED5000850300F1010007EB43031B90C4BF07EBE1
:10ED60004807A7F130080778D8BFA3F13005A7F10D
:10ED70003003092B04F10104E5D9DAF800104A4602
:10ED8000FFF70CFF00B300203B4681460746A24632
:10ED9000652B00F0B280452B00F0AF800022002CE4
:10EDA00052D118B9099A002A00F0C7824FF0000921
:10EDB0004FF0000A079B002BA2D01B9E9EE7012369
:10EDC0000893ABE71B9272E71B9B03EB09021B92B4
:10EDD00013F809300746A246A3F13002092A00F2CF
:10EDE0007182411C1346002A00F06E8601290F44EF
:10EDF00018BF001905D100F063BE4D00844200F039
:10EE0000AE840134611E082905EB8501F5DD102C67
:10EE1000DCBF08EB88084FEA4808EFE70023302FF3
:10EE2000089383D16378582B00F04783782B00F048
:10EE3000448301341B942778302FFAD0002FB5D0AB
:10EE400001230A94099374E7102CA2EB07032846C8
:10EE5000A1460C93A8BF4FF01009FDF7CDFEBAF103
:10EE6000000F08BFA246B9F1090FCDE9040113DD77
:10EE7000494B03EBC90353E91223FDF733FF064661
:10EE800040460F46FDF7B8FE02460B46304639466F
:10EE9000FDF776FDCDE904010F2C00F385800C9B76
:10EEA000002B27D040F3F3840C9B162B00F37084C7
:10EEB000394F07EBC307D7E90001DDE90423FDF76C
:10EEC00011FF81468A4675E71BA8344904F012FEFB
:10EED00000283FF40BAF1B9B3149013B1BA81B9340
:10EEE00004F008FE10B91B9B01331B932D4B0593B7
:10EEF00000230493DDE9049A5CE7002C00F0D6813E
:10EF00001B9E731C1B9373782B2B00F0D3822D2B2D
:10EF100000F00B824FF0000CA3F13002092A00F23E
:10EF2000C682302B05D11B9A01321B921378302BED
:10EF3000FAD0A3F13102082A3FF630AF1B9A0D92A6
:10EF4000511C303B1B910C935378A3F1300EBEF152
:10EF5000090F0FD80C9A01311B9102EB820203EBCF
:10EF600042020B78A3F1300EBEF1090FA2F130027C
:10EF7000F1D90C920D9A891A082900F301840C9A90
:10EF800044F61F618A42A8BF0A46BCF1000F3FF455
:10EF900006AF524203E700BF486101004C5E01002A
:10EFA000505E01000000F07F0C9BC9EB04099944FE
:10EFB000B9F1000F40F37A8319F00F010AD0B44B76
:10EFC00003EBC101D1E90001DDE90423FDF78AFE6D
:10EFD000CDE9040139F00F0640F0068200230993C1
:10EFE0000095234652460A99584604F017FF1090A0
:10EFF000002800F0D9820C9A0026002AC2F10003F2
:10F00000A8BF33460D9322EAE2730C933746B2460B
:10F01000109C5846616804F091FE8046002800F07C
:10F0200025832269023204F10C0192000C30FBF7B7
:10F030001BFADDE904341EA81DA9CDE90A341A46DD
:10F04000019023460091584605F002FA1C900028D2
:10F0500000F02F840121584604F07AFF074600286B
:10F0600000F004831D9A002AC0F228810D9B0C9D9C
:10F070009E1809981E9B8749121A1A44013A8A421F
:10F08000C3F1360380F2E780891A1F29A3EB01033D
:10F0900000F31B8101228A400F9200221192F41882
:10F0A0001D44099BA64232461D44A8BF2246AA42DF
:10F0B000A8BF2A46002A02DDA41AAD1AB61A0D9B73
:10F0C000BBB139461A46584604F0E4FF074600280B
:10F0D00000F0CC8201461C9A584604F043FF0028F9
:10F0E00000F0C4820E901C99584604F04DFE0E9A12
:10F0F0001C92002C08DD22461C99584605F01AF88F
:10F100001C90002800F0D5830C9B43B141460C9A1B
:10F11000584604F0BFFF8046002800F0A782002D6B
:10F1200008DD41462A46584605F004F88046002886
:10F1300000F09C82002E08DD39463246584604F025
:10F14000F9FF0746002800F0918242461C99584674
:10F1500005F068F88246002800F088820026C3681F
:10F16000C66039460E9305F03DF8B042C0F2B88350
:10F1700000F007843946504605F0C6F900224FF0EA
:10F18000804304460D46FEF729F8002868D00E9B00
:10F19000002B00F0A280059B3F4D0F9699463E4BF9
:10F1A000119300243D4E3E4B4A4616409E4200F0CD
:10F1B000D181099B33B3B6F1D46F23D8DDF84490E5
:10F1C0000F98494630A3D3E90023FEF707F8B0B102
:10F1D0000F984946FEF75EF8002800F03583FDF7EA
:10F1E0000BFD0F9011910E9B002B40F028830F9B7D
:10F1F0001493119B03F100431593DDE9144505F1C8
:10F20000D6639D1BDDE90A0105F096F802460B4620
:10F2100020462946FDF766FDDDE90A23FDF7B0FB30
:10F22000CDE904010C46099B23B91C4B23409E42A7
:10F2300000F0DE811C99584604F0A6FD4146584670
:10F2400004F0A2FD3946584604F09EFD514658464A
:10F2500004F09AFDDCE60022119201220F921EE7D3
:10F26000104B204629460022FDF73CFD0E9B0F90D7
:10F270001191002B54D101F1004312901393059B7F
:10F28000DDE9124599468DE70000C0FFFFFFDF4131
:10F290004861010002FCFFFF0000F03F0000F07F2A
:10F2A0000000E07F0000E03F4FF00109002842D15C
:10F2B000099B002B3FF41AAD044621E60C9B0D9EE2
:10F2C0009D1AD6E64FF0010962E5BD4CA41A012251
:10F2D00002FA04F111910F92E1E6DDE9041200292E
:10F2E00040F0C780C2F313039146002B40F0C78063
:10F2F0000022B44B20462946FDF766FF002840F067
:10F300006283B14B204629460022FDF7EBFC01F158
:10F3100000430F90189011911993DDE9184541E7CA
:10F320000F9A119BCDE91223A9E74FF0010CB31CF2
:10F330001B93B378F0E50024E2E5B9F1000F7FF408
:10F34000D5AC493B252B3FF6D1AC01A252F823F0B6
:10F35000C9EE0000EDEC0000EDEC0000EDEC00006B
:10F36000EDEC00008DF40000EDEC0000EDEC000091
:10F37000EDEC0000EDEC0000EDEC0000EDEC000029
:10F38000EDEC0000EDEC0000EDEC0000EDEC000019
:10F39000EDEC0000EDEC0000EDEC0000EDEC000009
:10F3A000EDEC0000EDEC0000EDEC0000EDEC0000F9
:10F3B000EDEC0000EDEC0000EDEC0000EDEC0000E9
:10F3C000EDEC0000EDEC0000EDEC0000EDEC0000D9
:10F3D000C9EE0000EDEC0000EDEC0000EDEC0000EB
:10F3E000EDEC00008DF40000B6F59A7F00F3DC80B0
:10F3F0003611012EDFF8F49140F30283DDE90401B8
:10F4000000234F46984616F0010F08F101084FEA15
:10F41000660604D0D7E90023FDF764FC0123012E22
:10F4200007F10807EFD1002B40F05C83059BA3F1A7
:10F430005473059309EBC808DDE90423D8E90001FA
:10F44000FDF750FC21F000431B0D604A1B05934261
:10F45000CDE9040100F2A880A2F58012934240F2A7
:10F46000BB825B4B0593002309934FF0FF3304935A
:10F47000B6E5DDE90412012900F0EA819146002396
:10F480000F93504B534D119300248BE61BA8524908
:10F4900004F030FB00283FF429AC1B9B1B78282B81
:10F4A00000F0FC824D4B05930023049322E51B964C
:10F4B000002274E44FF0000C39E7089A02951CAB67
:10F4C00001920093464A1DAB1BA9584604F08AF8E6
:10F4D00010F0070605463FF469AC062E40F0748133
:10F4E000013400231B944FF000094FF0000A0893E9
:10F4F00060E4DAF8001020464A46FFF74FFB48B1B7
:10F500004FF0000A3B46D0465546504657465446B3
:10F51000D1463DE41B9B03EB09021B9213F8093013
:10F52000302B06D101321B921378302B00F10100F1
:10F53000F8D0A3F13102082A40F29A814FF0000A74
:10F54000652BD046554657463FF4AEAE54464FF075
:10F55000010920E4A9F154730593DDE90423104661
:10F56000194604F0E9FE02460B4620462946FDF7FF
:10F57000B9FBDDE90423FDF703FA21F00043CDE9EF
:10F5800004011B0D174ADDE90A011B059342CDE971
:10F59000160140F2F8800E4B994264D00C4B059353
:10F5A0004FF0FF33049345E60F4B059300222223CF
:10F5B0000492DDE9049ACBF80030FFF7FBBB00BFF3
:10F5C000E2FBFFFF0000F03F0000E03F0000A07CF6
:10F5D000FFFFEF7F0000F0BF585E01000000F8FF62
:10F5E000985E0100FFFF9F7C0000F07F2062010019
:10F5F0000F9E119D30462946FDF724FEFDF70CFBBA
:10F600000B46024629463046FDF7B8F90E9B0546E3
:10F610000E46002B36D1049B002B33D1C4F31304C8
:10F6200084BBA5A3D3E90023FDF7CEFD00283FF45A
:10F6300001AE5646DDE9049A1C980146584604F08E
:10F64000A3FB4146584604F09FFB3946584604F058
:10F650009BFB1099584604F097FB3146584604F03E
:10F6600093FBFFF7A7BB169B013397D156461C9817
:10F67000974B0593002222230492DDE9049ACBF8EC
:10F680000030DAE78EA3D3E9002328463146FDF7A0
:10F690009BFD0028CDD1284631468BA3D3E900231A
:10F6A000FDF7B0FD00283FF4C5ADC2E73FF496ACCE
:10F6B000C9F1000616F00F020AD0864B03EBC20315
:10F6C000DDE90401D3E90023FDF736FCCDE90401AF
:10F6D00036113FF483AC1F2E38DC16F0100300F017
:10F6E000C2816A23002E099313DDDDE904017A4FFC
:10F6F0000023F20704D5D7E90023FDF7F3FA01232D
:10F70000761007F10807F4D1002B40F0EE81099B39
:10F710009BB1DDE90412C2F30A53C3F16B03002B62
:10F7200011460ADD1F2B40F3A6810022342B0492E0
:10F7300040F3D0814FF05C73059300220023DDE994
:10F740000401FDF737FD00283FF44AAC2223CBF833
:10F7500000304FF000094FF0000AFFF72BBB1B9958
:10F760000134082840F38D80102CDCBF08EB88089A
:10F7700002EB480800204B1C1B934B78FFF72CBB77
:10F7800044F61F6201E4059B03F1547405944AE5B5
:10F790000C9EC4F125039E423FF706AC4D4DC4F1CB
:10F7A0000F0405EBC401341BDDE90423D1E900019A
:10F7B00005EBC405FDF796FAD5E90023FDF792FAAB
:10F7C00081468A46FFF7F6BA1C9A3AB135211EA83F
:10F7D00004F0C4FE58461C9904F0D6FA062E0BD845
:10F7E000DFE806F0291D1813041D29006FF00043FF
:10F7F00005934FF0FF33049329077FF57BAB059BFF
:10F8000043F000430593FFF775BB314B059300238D
:10F810000493F1E71E9B04931F9B0593ECE71D9A4D
:10F820001F9B1E99049102F2334223F4801343EA92
:10F8300002530593E0E7002305930493DCE70F9A56
:10F84000119BCDE91423D8E4244A11920F90CAE405
:10F85000DDE904129146002A7FF411AE56462223B8
:10F86000CBF800301C984FF000094FF0000AE4E696
:10F870001B9A0A920025303B471C1146AA46A8460F
:10F88000012405EB850503EB4505002073E70C9982
:10F8900011F1160FFFF688AB0E4AA2EBC102D2E9B6
:10F8A0000023DDE90401FDF747FB81468A46FFF7A7
:10F8B00081BA5646DCE600BF9535A094FFFFCF3FE6
:10F8C0009535A094FFFFDF3F35E5AF350000E03F01
:10F8D0000000F07F48610100705E01000000F03F11
:10F8E0000E9B5646DDE90A9A7BBBDDE9041261BB3B
:10F8F000C2F31303144643BB22F000431B0D1B0548
:10F90000B3F1D66F21D9736913B93369012B1CDDAB
:10F9100031460122584604F00DFC3946064604F0F3
:10F9200061FC002811DD099B002B40F0AC80704B7E
:10F930002340A3F580136FEA13536FEA0353059333
:10F940004FF0FF330493DDE9049A099BBBB1694B87
:10F95000179300231693DDE9162348465146FDF719
:10F96000C1F903460C4681468A46CDE9043431B9D3
:10F97000049B23B922231C98CBF800305DE61C9829
:10F980005BE60E9B5646DDE90A9A53B3DDE9044572
:10F99000594BC5F3130199422A4646D0119B53B3E4
:10F9A000059A1342D1D00E9B099ADDE9040153B3A5
:10F9B000FFF744F902460B4648465146FCF7E0FF84
:10F9C00081468A46C1E74D4B4D4C11930023CDE94A
:10F9D00018340E9B0F93A0E401F154730593FFF7C5
:10F9E000FDBADDE90412C2F313031446002BD5D18E
:10F9F0000029D3D197E70F9B049A1342A5D0D2E7F1
:10FA00004FF0000812E5FFF719F902460B46484689
:10FA10005146FCF7B3FF0022002381468A46FDF7DA
:10FA2000C9FB00287FF41BAF8FE7099B0499FBB14A
:10FA30002F4B2B40B3F1D46F1AD81B0DC3F16B03BE
:10FA40004FF0FF3000FA03F38B42A7D12D498A42D1
:10FA50003DD0274B134003F58013059300230493F7
:10FA6000DDE9049A71E7002E09933FF73EAE64E6A4
:10FA70004FF0FF33E8E74FF0FF3202FA03F3049A46
:10FA80001A40049259E61A4B2340B3F1D66F3FF760
:10FA900050AFB3F15C7F3FF75AAFE0E61BA81EAA58
:10FAA000194904F03FF805287FF4FCAC1F9B43F094
:10FAB000FF4343F4E00305931E9B0493FFF71ABA38
:10FAC00020461B9901344CE608461B9953E6013346
:10FAD000BFD1CCE5203B4FF0FF3202FA03F30B40DD
:10FAE00005932AE6CDE90401A0E4CDE904010EE680
:10FAF0000000F07F00005039FFFF0F000000E03FE2
:10FB00000000E0BFFFFFEF7F5C5E0100054B1B685C
:10FB100010B45B6B044C002B08BF234610BCFFF7EE
:10FB2000AFB800BF080500200C0500202DE9F84FF4
:10FB3000DDF828900F46804616461D468B4600E0AD
:10FB4000A3465C46484614F801ABFEF741F9504421
:10FB5000417801F0080101F0FF0C0029F0D1524674
:10FB60002D2A61D02B2A04BF9BF801200BF102043F
:10FB7000002D43D0102D65D0A946BCF1000F0CBF5D
:10FB80006FF0004A4FF0004A0021BAFBF9FE084628
:10FB900009FB1EAA05E029D009FB0030012114F859
:10FBA000012BA2F13003092B05D9A2F14103192B36
:10FBB0000AD8A2F137039D420EDD4A1CEFD08645DC
:10FBC000E9D24FF0FF31EAE7A2F16103192B03D824
:10FBD000A2F157039D42F0DC4B1C15D0BCF1000F85
:10FBE00010D14EB1E1B93760BDE8F88F9A45D3DA4C
:10FBF00070464FF0FF31D2E7BDE8F88F302A1AD0B7
:10FC00000A25B9E74042ECE7BCF1000F4FF02203B0
:10FC10000CBF6FF000404FF00040C8F80030F6B164
:10FC2000671E3760BDE8F88F0BF102049BF80120D6
:10FC30004FF0010C9CE7237803F0DF03582B08D02A
:10FC4000082599E7302A97D1237803F0DF03582B52
:10FC500092D14FF0100962784D4602348DE7BDE82D
:10FC6000F88F00BF30B5064C064D2468646B83B036
:10FC7000002C08BF2C460094FFF758FF03B030BD9E
:10FC8000080500200C0500202DE9F04FC1B00C46FE
:10FC9000099115460E930A9004F014F8036817931F
:10FCA0001846FEF70DFFA38916901E0603D523699B
:10FCB000002B01F01A8100231A46129325932493F6
:10FCC00019930B93DFF864A4149230AB23939946F5
:10FCD0001592A84698F800304446EBB1252B02D186
:10FCE0001AE0252B03D014F8013F002BF9D1C8EB03
:10FCF00004058DB1249B259AC9F8008001332A445C
:10FD0000072BC9F804502592249300F3A68009F12B
:10FD100008090B9B2B440B932378002B00F0A68043
:10FD200000231A468DF86F3019460C9307934FF055
:10FD3000FF3B637804F101085D4608F10108A3F177
:10FD40002000582800F22584DFE810F088032304FF
:10FD500023049003230423042304230423042304FF
:10FD60009703A50323045D00E2002304FE000501C0
:10FD70000501050105010501050105010501050153
:10FD8000230423042304230423042304230423043B
:10FD90002304230415018102230481022304230484
:10FDA00023042304C60223042304CD0223042304D2
:10FDB000230423042304F702230423042503230438
:10FDC00023042304230423042304230423042304FB
:10FDD000230466037903810281028102810379038E
:10FDE00023042304D1032304DB03A3006400EE03F4
:10FDF0002304F5032304AA0323042304BC030C985F
:10FE00000E9340420C90079B43F00403079398F82D
:10FE1000003092E70E98AB46002104688DF86F1011
:10FE2000071D0798302378228B458DF870304FF0EE
:10FE300000058DF8712040F00203C0F2C78320F066
:10FE4000800343F00203079354EA05030E9700F082
:10FE500093830F461192B348CEE223AA09990A98D8
:10FE600004F0C2FE48B90DF1C00952E7259B23B149
:10FE70000A98099923AA04F0B7FE099B9B8913F0FD
:10FE8000400F0B9B18BF4FF0FF33184641B0BDE841
:10FE9000F08F1193AB46002A41F03382079A12F09B
:10FEA000200300F02E820E9F073727F0070300275C
:10FEB00003F10801BB450E91D3E900458DF86F7041
:10FEC000C0F2798722F08003079354EA050300F01B
:10FED000758330AEE20842EA4572E90804F0070390
:10FEE0000D461446303354EA050206F8013DF1D1BF
:10FEF000079AD10740F18480302B00F081803022B6
:10FF0000731E06F8012C30AAD21A0D921E467AE012
:10FF100098F800302A2B08F1010401F0B981A3F10F
:10FF20003000092898BF002501F26C8114F8013BCC
:10FF300005EB850500EB4505A3F130000928F5D94F
:10FF400045EAE575A046FAE6079B43F08003079370
:10FF500098F80030F1E6A3F1300000231C4618F8B1
:10FF6000013B04EB840400EB4404A3F130000928B6
:10FF7000F5D90C94E3E61193AB46002A41F0AB812E
:10FF8000079B43F010030793079B980640F13085C9
:10FF90000E9F073727F00707D7E9002307F108016D
:10FFA0000E9114461D46002A73F10003C0F25B85D2
:10FFB000BBF1000F9DF86F70C0F23885079B23F0EE
:10FFC0008003079354EA050300F0DB81002D08BF8E
:10FFD0000A2CC0F0DB8130AE204629460A220023DD
:10FFE000FDF7E2FC303206F8012D204629460023B9
:10FFF0000A22FDF7D9FC04460D4654EA0503EBD16D
:020000021000EC
:1000000030AB9B1B0D930D9B5B45B8BF5B460893C4
:100010000023139317B1089B01330893079B13F038
:1000200002030F9302D0089B02330893079B13F03F
:100030008403109340F0D7820C9B089A9D1A002DE0
:1000400040F3D182102D2599249A374F27DD189639
:1000500048461024B946099E2F460A9D04E0103FE9
:10006000102F00F1080016DD01322F4B24921031C1
:10007000072A259180E81800F1DD23AA3146284699
:1000800004F0B2FD00287FF4F8AE103F102F259940
:10009000249A30A8E8DC189E3D464F46814601323E
:1000A0006C18072A25942492C9F80070C9F80450E6
:1000B00000F328849DF86F7009F1080977B1249B3B
:1000C000013301340DF16F010122072B2594249394
:1000D00089E8060000F3A08309F108090F9B6BB1C2
:1000E000249B013302341CA90222072B259424935C
:1000F00089E8060000F39C8309F10809109B802B16
:1001000000F0D5820D9BC3EB0B07002F39DD074AAA
:10011000249B0F92102F28DD22464FF0100B0A9DD2
:10012000099C0AE0D85E0100F85E0100AC5E0100A7
:10013000103F102F09F1080916DD01331032072B8B
:100140002592249389E8000CF2DD23AA2146284653
:1001500004F04AFD00287FF490AE103F102F259A3E
:10016000249B0DF1C009E8DC144601330F9A249357
:100170003C44072B259489E8840000F3418309F16E
:100180000809079BDA0500F13082249B0D99C9F814
:10019000006001330C44072B2594C9F80410249304
:1001A00000F3188309F10809079B59073FD50C9BF9
:1001B000089A9D1A002D3ADD102D249BBC4F23DD9B
:1001C00022461026DDF828B0099C04E0103D102DD1
:1001D00009F1080917DD0133B54924931032072BC3
:1001E000259289E84200F1DD23AA2146584604F011
:1001F000FBFC00287FF441AE103D102D259A249B76
:100200000DF1C009E7DC144601332C44072B25947B
:100210002493C9F80070C9F8045008DD23AA09998D
:100220000A9804F0E1FC00287FF427AE259C0B9B84
:100230000C9A08998A42ACBF9B185B180B93002C50
:1002400040F0D482002324930DF1C00942E51193BC
:10025000AB46002A41F051800E9F073727F0070375
:1002600003F108020E921A6814925B681593159BAD
:10027000149D23F00044284621464FF0FF328D4B59
:10028000FCF7CAFF002840F0C284284621464FF000
:10029000FF32884BFCF7A2FF002840F0B884149886
:1002A000159900220023FCF78FFF002840F04F87AC
:1002B0009DF86F70804E814B079921F08001079166
:1002C000119903224FF0000B08924729D8BF1E4610
:1002D0000D92CDF84CB09DE6079B43F008030793C1
:1002E00098F8003029E51193AB46002A41F01180BF
:1002F000079B43F010030793079A12F020037FF443
:10030000D2AD079911F0100200F02C850E988DF8EF
:100310006F30BBF1000F046800F104074FF00005D7
:10032000C0F248850A4622F08002079254EA05028C
:100330000E9700F043811F46CBE51193AB46002A90
:1003400040F0E387079B43F010030793079A12F0EE
:10035000200300F032830E9F073727F007030027A2
:1003600003F10801BB450E91D3E900458DF86F708C
:10037000C0F25C8322F08003079354EA05037FF404
:1003800025AEBBF1000F00F0FE80002440AE3034FB
:1003900006F8414D34E61193AB46002A40F09787AA
:1003A000079B47489D0640F197800E9F073727F02F
:1003B0000703D3E9004503F108020E92079A12F0F1
:1003C000010700F0418254EA050300F005859DF81D
:1003D00044208DF871200027079A8DF86F70302324
:1003E000BB458DF8703042F00203C0F2B58622F0B2
:1003F000800343F00203079330AE230904F00F019A
:1004000043EA05732A091C461546435C06F8013D7C
:1004100054EA0503F1D1F3E50E9911930A688DF8BA
:10042000982000230A461F468DF86F3004320123BE
:100430000893BB4613970E920D9326AEEEE51193EB
:10044000AB46002A3FF4A0AD8DF86F109CE5079BEA
:1004500043F04003079398F800306EE498F80030BA
:1004600000297FF46AAC0122202166E4079B43F057
:100470000103079398F800305FE40E9C23680C9307
:1004800018460028234603F10403FFF6B8AC0E9388
:1004900098F8003051E498F8003001222B214CE408
:1004A0001193AB46002A3FF451AF8DF86F104DE722
:1004B000F85E0100FFFFEF7FB85D0100BC5E010048
:1004C000C45E01001193AB46002A40F02A87079BC7
:1004D00099489D063FF569AF079BDC0640F13584DE
:1004E0000E9A1346043314680E93002566E798F8B5
:1004F00000306C2B00F0E284079840F01000079069
:100500001BE4002A40F00987079B9B0640F1068404
:100510000E9A0B991368CD170846043229460E929D
:10052000C3E90001FFF7D6BB079B43F02003079305
:1005300098F8003001E40E9A1193166800248DF8A3
:100540006F40171D002E00F0CD85002DC0F21885DC
:100550002A4621463046FDF723FF002800F02A8670
:10056000831B0D93A34623EAE3730E970893CDF8FC
:100570004CB09DF86F704DE56F481192BBF1000FC4
:1005800040F073815F464FF0000BCDF834B030AED1
:1005900039E51193002A40F0AC86119A002A3FF405
:1005A00065AC002301211F4608918DF898208DF835
:1005B0006F309B4613930D9126AE2FE5BBF1000FD4
:1005C00000F0038600270024002582E45A480793A0
:1005D000119254EA05030E974FF000077FF40CAF19
:1005E0000024002508E7259C68E5119B652B40F356
:1005F000A9801498159900220023FCF7DBFD002840
:1006000000F03581249B4D4AC9F8002001330134A4
:100610000122072B25942493C9F8042000F3E883D2
:1006200009F108091D9B129A934203DB079BDB0724
:100630007FF5BAAD249B1699179AC9F800200133AB
:100640000C44072B2594C9F80410249300F340842C
:1006500009F10809129B5D1E002D7FF7A5AD384AF0
:10066000249B0F92102D40F3E68110260A9FDDF89F
:1006700024B005E009F10809103D102D40F3DB819D
:1006800001331034072B25942493C9F800A0C9F82E
:100690000460EFDD23AA5946384604F0A5FA002885
:1006A0007FF4EBAB259C249B0DF1C009E4E70C9B88
:1006B000089A9F1A002F7FF725AD214A249B0F929D
:1006C000102F2BDD4A462146B946102537460A9C95
:1006D000099E06E0A9F11009B9F1100F02F1080214
:1006E00018DD01331031072B25912493C2F800A0A7
:1006F0005560EFDD23AA3146204604F075FA002844
:100700007FF4BBABA9F11009B9F1100F2599249B17
:1007100030AAE6DC3E460C464F46914601330F9A1E
:1007200024933C44072B259489E8840000F34582F8
:1007300009F10809E6E400BFD85E0100F45E01009B
:10074000AC5E0100129B249D012B40F30882013511
:1007500001340123072D25942495C9F80060C9F8B8
:10076000043000F30D8209F10809169A179BC9F8A5
:10077000003001351444072D25942495C9F8042030
:1007800000F30E8209F1080900231498159900223C
:10079000FCF710FD129B002840F0C380013B01359F
:1007A00001361C44072D24952594C9F80060C9F82A
:1007B000043000F3F58009F10809199AC9F80420FA
:1007C000013514441FAB072D25942495C9F800303A
:1007D0007FF7E8AC23AA09990A9804F005FA0028E3
:1007E0007FF44BAB259C0DF1C009DDE423AA0999E8
:1007F0000A9804F0F9F900283FF424ADFFF73DBB57
:1008000023AA09990A9804F0EFF900287FF435AB80
:10081000259C0DF1C009B4E423AA09990A9804F0B3
:10082000E3F900287FF429AB259C0DF1C00955E4BC
:1008300023AA09990A9804F0D7F900287FF41DAB80
:10084000259C0DF1C00959E4BBF1000F8DF86F70C4
:10085000C0F2DA8222F08003079354EA05037FF4A2
:10086000CBADBBF1000F3FF48DAE0027B8E61D9D68
:10087000002D40F3CC82139B129A9342A8BF1346DB
:10088000002B1D460DDD249BC9F8006001332C446C
:10089000072B2594C9F80450249300F3A38309F18E
:1008A0000809139B002DA8BF5B1B002B1D4640F3BE
:1008B000F680BA4A249B0F92102D40F38082224684
:1008C0001027DDF828B0099C05E009F10809103D62
:1008D000102D40F3738201331032072B259224939D
:1008E000C9F800A0C9F80470EFDD23AA21465846D4
:1008F00004F07AF900287FF4C0AA259A249B0DF110
:10090000C009E4E723AA09990A9804F06DF90028C0
:100910007FF4B3AA9DF86F70259C0DF1C009FFF715
:10092000CDBB5E1E002E7FF748AF9C4B0F93102E61
:100930002CDDCDF834801027B046DDF828B0099EB4
:1009400006E0A8F11008B8F1100F09F108091ADD46
:1009500001351034072D25942495C9F800A0C9F855
:100960000470EEDD23AA3146584604F03DF9002814
:100970007FF483AAA8F11008B8F1100F259C249DDC
:100980000DF1C009E4DC4646DDF834800F9B0135EB
:100990003444072D2594249589E848007FF70BAF50
:1009A00023AA09990A9804F01FF900287FF465AA80
:1009B000259C249D0DF1C009FFE6079911F0100256
:1009C00000F008810E988DF86F30BBF1000F0468BD
:1009D00000F104074FF0000526DB0A4622F08002F2
:1009E000079254EA05020E971F467FF4EFAAC8E467
:1009F000079BD9062AD4079B5A0627D50E99B1F929
:100A000000400431E51722462B460E91FFF7CBBA82
:100A10000E998DF86F30BBF1000F0C6801F10407DF
:100A20004FF0000580F245820E971F4654EA0503F9
:100A30007FF4CCAAAAE401330F9A24932C44072B09
:100A4000259489E824007FF7ADABC3E60E9A1468BD
:100A500013460433E51722460E93002A2B4673F102
:100A60000003BFF6A5AA64424FF02D0765EB4505CC
:100A7000BBF1000F8DF86F70FFF6A8AA079B23F05B
:100A800080030793FFF7A2BA23AA09990A9804F0F2
:100A9000ABF800287FF4F1A9259C0DF1C009139A49
:100AA0001D9B32441746129A934247DB079AD5079B
:100AB00044D412990E44F51BCB1A9D42A8BF1D4683
:100AC000002D2E460DDD249AC9F8007001322C4409
:100AD000072A2594C9F80450249200F3128309F1DF
:100AE0000809002EACBF9D1B1D46002D7FF75CAB97
:100AF0002A4A249B0F92102D9DDD10260A9FDDF8B7
:100B000024B004E009F10809103D102D93DD0133F4
:100B10001034072B25942493C9F800A0C9F8046069
:100B2000F0DD23AA5946384604F05EF800287FF429
:100B3000A4A9259C249B0DF1C009E5E7249A1698E9
:100B40001799C9F8001001320444072A2594C9F8FE
:100B50000400249200F3A58209F10809A9E7079B84
:100B6000D8073FF5F4AD013501340123072D259455
:100B70002495C9F80060C9F804307FF71CAE0FE770
:100B800023AA09990A9804F02FF800287FF475A980
:100B9000259C249D0DF1C009E7E500BFAC5E010076
:100BA00023AA09990A9804F01FF800287FF465A980
:100BB000259C249D0DF1C009E6E523AA09990A9810
:100BC00004F012F800287FF458A9259C0DF1C00903
:100BD000FFF798BA079911F040033FF419AF0E9848
:100BE0008DF86F200346BBF1000F03F10403048866
:100BF0004FF00005C0F2B98121F08001079154EA5D
:100C000005010E9317467FF4E1A9FFF7BABB149CC8
:100C100022462046159C23462146FCF7FDFA002873
:100C200040F01583119BBBF1FF3F23F020030D9390
:100C300000F07682472B00F09281079B43F480738B
:100C40001093159B1F1E149B0893BBBF3B4603F1DB
:100C5000004700232D230F93119B662B00F0638226
:100C6000462B00F05E810D9B089A452B21A81EA9FA
:100C70000CBF0BF101055D46049003911DA80221F4
:100C80003B460290019500910A9801F0E1FB119B0F
:100C9000672B064640F07D82079BDA0740F1BF8252
:100CA00074190898394600220023FCF783FA0028BB
:100CB00040F0A481219B9C4206D930215A1C2192EC
:100CC0001970219B9C42F9D89B1B12930D9B472BBB
:100CD00000F08181119B652B40F36A82119B662B8A
:100CE0001D9B139300F04782139A12998A42C0F217
:100CF0003682079BD90700F1898222EAE2730D92BE
:100D0000672211920F9A002A40F05B810893109B92
:100D1000079393469DF86F70FFF77CB9079BDF063A
:100D20000BD4079B5E0608D50E9A136804320E9208
:100D3000BDF82C201A80FEF7CDBF0E9A136804323E
:100D40000E920B9A1A60FEF7C5BF079B0E9A13F01E
:100D5000400F134600F00E81043314880E930025D3
:100D6000FFF72CBB079911F0400317D00E988DF8B0
:100D70006F200346BBF1000F03F1040304884FF01A
:100D80000005C0F2F58021F08001079154EA0501C9
:100D90000E933FF413AC1746FFF79BB80E998DF8EE
:100DA0006F30BBF1000F0C6801F104074FF0000534
:100DB00080F281800E970027FFF78BB8144601332D
:100DC0000F9A24932C44072B259489E824003FF79D
:100DD0005BAE09F1080962E60027BB458DF86F702C
:100DE000FFF6FEAB079B23F080030793FFF7C6BB1C
:100DF00023AA09990A9803F0F7FE00287FF43DA87A
:100E0000259C0DF1C0090DE40E9FFFF7E2BB249B6A
:100E1000B14AC9F80020013301340122072B25947F
:100E20002493C9F804206FDC09F108092DB9129B3D
:100E30001BB9079BDF077FF5B7A9249B1699179A63
:100E4000C9F8002001330C44072B2594C9F804107D
:100E5000249300F3C98109F108096D42002D40F384
:100E6000A3809E4A0F92102D40F32981224610271D
:100E7000DDF828B0099C05E009F10809103D102DA6
:100E800040F31C8101331032072B25922493C9F8BB
:100E900000A0C9F80470EFDD23AA2146584603F0EC
:100EA000A3FE00287EF4E9AF259A249B0DF1C0092A
:100EB000E4E7079A92E5079AFFF735BA079B43F0F4
:100EC0002003079308F1010898F80030FEF735BFBA
:100ED00023AA09990A9803F087FE00287EF4CDAF73
:100EE000259C0DF1C009FFF7B5BB40210A98FCF71E
:100EF00085FF099A10601061002800F0F381099ABB
:100F000040235361FEF7D7BE23AA09990A9803F03C
:100F10006BFE00287EF4B1AF1D9D259C0DF1C0092C
:100F200084E721A81EA9049003911DA80321029023
:100F3000089ACDF804B03B4600910A9801F088FA6F
:100F40005D460646119B462B06EB05047FF4A9AED1
:100F50003378302B00F06D811D9D2C44A1E6BBF150
:100F6000000F08BF4FF0010B67E60E9317465DE5D3
:100F70000E9320E7043314680E930025FFF71EBA82
:100F80003046FDF79DFDA34603460D90FFF7EBBAF3
:100F900023AA09990A9803F027FE00287EF46DAF72
:100FA000259C249B0DF1C0091299C9F800600133FA
:100FB0000C44072B25942493C9F804107FF7F2A85A
:100FC00008E42D270893109B07938DF86F704FF05E
:100FD000000BFFF720B81D9BDD1C11DB9B450FDBD1
:100FE000139381E623AA09990A9803F0FDFD0028CE
:100FF0007EF443AF259C0DF1C00952E4234663E61D
:10100000119A023A1192013B002B9DF844201D9346
:10101000B8BF5B428DF87C20B4BF2D222B22092B58
:101020008DF87D2040F3FD800DF18B0004462C4AA5
:1010300082FB0321DA17C2EBA10202EB8201A3EBD0
:10104000410303F13001092A134604F8011DEEDCC7
:1010500021463033DAB201F8012D884240F23F8157
:101060000DF17E01234601E013F8012B01F8012B5D
:101070009842F9D1431C1B1B0DF17E0213441FAA99
:101080009B1A129A1993012A13440D9340F3F68088
:101090000D9B169A134400220D93139223EAE373D7
:1010A00030E623AA09990A9803F09EFD00287EF4F1
:1010B000E4AE1D9B259C0DF1C009FAE414460133F2
:1010C0000F9A24932C44072B259489E824003FF79A
:1010D0005FAF09F1080967E7F45E0100AC5E01004B
:1010E00067666666062D2B4628BF06230D9323EA06
:1010F000E373B3460E971396374608938B4EFEF76D
:1011000089BF23AA09990A9803F06EFD00287EF48E
:10111000B4AE1D9B129A259CD31A0DF1C009E0E4D0
:101120004FF0060B89E521A81EA9049003911DA884
:1011300003210290089ACDF804B03B4600910A982A
:1011400001F086F95D46064600EB0B0400E72D270B
:101150008DF86F70FFF7AEB80793FFF74DB9169A89
:10116000129B1344139A0D93002A7FDD672223EA12
:10117000E3731192C6E5002B40F39880BBF1000F9A
:101180006BD1079AD40768D41A460D9223EAE37309
:10119000B8E5119B472B7FF483AD079BDB073FF539
:1011A000D1AE219B9B1B12930D9B472B3FF413AF9A
:1011B0001D9B28E725EAE5730E9708930D95834656
:1011C00013909DF86F70FEF725BF079BDB075F4606
:1011D00005D540AE302306F8413DFEF711BFCDF8EE
:1011E00034B030AEFEF70FBF23AA09990A9803F076
:1011F000FBFC00287EF441AE1D9D259C249B0DF137
:10120000C0092AE6A0460025FEF799BD169A139B51
:10121000134467220D93119223EAE37372E5219B35
:1012200052E5303330228DF87F308DF87E2020ABB0
:1012300025E70898394600220023FBF7BBFF00286A
:101240007FF48AAEC5F101051D952C4429E5384E81
:10125000384B9DF86F70FFF72FB8139B169A9D18A7
:1012600005EB0B030D9323EAE3734BE5139B0D9AF8
:10127000C3F101031A4413460D9277E7079B13F05D
:1012800001037FF405AF13930D9B23EAE37339E564
:101290000E9898F8013005680430002D0E90A04695
:1012A000BEF64BAD4FF0FF35FEF747BDBBF1000F6B
:1012B00002D1079BD80707D5169B5D1C05EB0B03D6
:1012C0000D9323EAE3731DE501230D931AE58DF8D1
:1012D0006F10FFF765B88DF86F10FEF751BE0DF176
:1012E0007E03CCE60A9A0C2313604FF0FF30FEF722
:1012F000CDBD8DF86F10FFF750B98DF86F10FEF768
:10130000ABBF8DF86F10FEF7C9BD8DF86F10FFF7FA
:1013100019B88DF86F10FEF7EBBF8DF86F10FFF75F
:10132000F3B88DF86F10FFF7D2B800BFEC5E010084
:10133000B05D0100C05E01002DE9F04F8B46B1F9B0
:101340000C10ADF52B7D824688041446049309D415
:10135000DBF8643041F4005123F40053ABF80C1077
:10136000CBF8643026460023069303931F4605936B
:1013700016F8013B0F936BB3FCF72EFD0F9A104448
:10138000437803F0080303F0FF0543B3DBF80430B0
:1013900011E0FCF721FDDBF800301A78104401332E
:1013A000427811070FD5DBF80420CBF80030531E2C
:1013B0000137CBF80430002BEBDC5946504603F0E4
:1013C000D5FC0028E5D03446264616F8013B0F939D
:1013D000002BD1D105980DF52B7DBDE8F08F252A86
:1013E00040F0848094F801802C46731CB8F1780F8B
:1013F00000F24382DFE818F092004102410241020C
:1014000041024102410241024102410241024102C4
:1014100041024102410241024102410241024102B4
:1014200041024102410241024102410241024102A4
:101430004102410241024102410241024102410294
:10144000410279004102410241024102D8014102B8
:101450004102410241024102CF01CF01CF01CF0140
:10146000CF01CF01CF01CF01CF01CF014102410216
:101470004102410241024102410241024102410254
:10148000C101B9014102B9014102410241024102D7
:10149000B30141024102A301410241024102410262
:1014A00041024102410241029301410241025101C4
:1014B0004102410241024102410241024102220134
:1014C0008801B901B901B9011C019800410241022A
:1014D000D50041020D010101F30041024102EB0080
:1014E0004102DF004102410293011E46DBF8043055
:1014F000002B40F35382DBF8003016F8012C1978EA
:1015000091427FF467AFDBF804200133013ACBF856
:1015100000300137CBF80420344655E74FF0FF3058
:101520000DF52B7DBDE8F08F0293DBF80430002B26
:1015300040F36382B84B069300230393032601E034
:10154000CBF800E0FCF748FCDBF8002011780844F9
:1015500002F1010E437803F0080303F0FF08002BAB
:1015600000F07F82DBF80430013B002B07F101071C
:10157000CBF80430E4DC5946504603F0F7FB002872
:10158000E0D0059A002AC9D0BBF80C3013F0400F08
:10159000134618BF4FF0FF3318460DF52B7DBDE8FD
:1015A000F08F96F80180B8F16C0F00F0028245F0E0
:1015B00001051E4619E70293DBF80430002B40F3C7
:1015C0004882964B06930A2303930326BAE70293B5
:1015D000DBF80430002B40F334820226B2E702939A
:1015E000DBF80430002B45F4087540F3A0808B4BEA
:1015F0000693102303930326A4E70293DBF8043039
:10160000002B40F3A480854B069308230393032605
:1016100098E7EA061E46029300F1F2806B0740F15C
:10162000D48104990B681F800B1D04933446CBE6CC
:1016300096F8018045F004051E46D6E60293DBF8D5
:101640000430002B40F3ED81002C08BF012415F07D
:10165000010340F02281EA0640F18B811D4609E03A
:101660001344CBF800301544A41A03F07FFB002884
:1016700040F07B81DBF80420DBF80030A2425946C1
:101680005046EDDB121B2344CBF804202544CBF855
:101690000030029E2F44344696E60DF14809194663
:1016A000484602F0ADFFDBF80430002B064640F35D
:1016B000B081002CDBF8002008BF4FF0FF34EB06B0
:1016C000117840F1A080A046002500E0117819F8BB
:1016D00001300132002B00F04381DBF80430CBF8FD
:1016E00000200135013BA542CBF8043000F03581E4
:1016F000002BEBDC5946504603F038FB002840F045
:101700002B81DBF80020E1E70293DBF80430002BAB
:101710003ADD414B06930A230393032612E7029313
:10172000DBF80430002B45F400753FF760AF5946F5
:10173000504603F01BFB00283FF459AF21E702930A
:10174000DBF80430002B45F001053FF75CAF59464C
:10175000504603F00BFB00283FF455AF11E796F815
:10176000018045F002051E463FE60293DBF8043097
:10177000002B40F35E810426E4E60293DBF804309C
:10178000002B45F00105C4DC5946504603F0EEFA43
:101790000028BED0F5E604EB840408EB4404303C9A
:1017A00096F801801E4620E696F8018045F0100567
:1017B0001E461AE610AB4146184608220793FCF76E
:1017C000D5FE15F0100940F05D84049A13460433E9
:1017D000D2F8008004930026FCF7FEFADBF8003014
:1017E0001B7818444378180702D4002C40F0FC837F
:1017F000B9F1000F04D1C8F80090059B013305939F
:10180000029E3446E0E5049805680346043305EB80
:10181000040802932C4606E065FC0000B54901006F
:10182000DBF80020117819F80130501CC3B1DBF847
:101830000430CBF80000013BCBF80430137804F8F7
:10184000013BA0450CD0DBF80430002BE8DC594606
:10185000504603F08BFA0028E2D0A5423FF491AE47
:10186000651B3FF4B7AD059A013200230592029A39
:10187000049223702F443446A6E50293FCF7ACFA99
:101880004044437803F00303012BDBF8043000F0FD
:101890009680002B3FF73DAF76E710AB1846082245
:1018A00000210793FCF762FE15F0100308937DD129
:1018B000049A13460433D2F80090049300250DF5E2
:1018C000A478FCF777FAA8423FF45BAE9BE80C00E3
:1018D00012F8010BCBF80020013B079A00926E1C16
:1018E000CBF80430494608F80500334642465046D6
:1018F00002F0F6F9411C3FF444AEA0B9089B13BBBB
:10190000C9F800303744013C09F10409DBF8043020
:10191000002B4FF000050DDD002CD2D1089B002BD1
:101920003FF46BAF6CE7023010D1DBF80430002BD2
:101930003546C6DC5946504603F018FA0028EBD06D
:10194000002DEBD01DE63744013CDFE7089B374410
:10195000013C002BDAD1D7E7A84645462F448AE759
:10196000002D3FF437AD2F4485E7002D7FF491AE75
:1019700007E6049D23462968CDF800B001225046B1
:1019800003F012FA2E1D00283FF4FBAD059B0496D0
:10199000029E013307440593344615E559465046E7
:1019A00003F0E4F900283FF4A6ADEAE54FF00009A2
:1019B00084E796F8028045F00205023615E5002B13
:1019C00045F001053FF7A5AEDEE6EC070CD4A8070D
:1019D0000AD5049A029E13683846F9170432049215
:1019E000C3E900013446EFE4049A029E13681F60C5
:1019F0001346043304933446E6E45946504603F054
:101A0000B5F900287FF4BDAD7E4B03900693032605
:101A100098E55946504603F0A9F900283FF449AE2D
:101A2000AFE55946504603F0A1F900283FF40CAE4B
:101A3000A7E55946504603F099F900283FF49BAEBC
:101A40009FE55946504603F091F900283FF4C5AD93
:101A500097E55946504603F089F900283FF4B1ADA7
:101A60008FE5032E00F09B81042E40F03982504612
:101A700002F028F9631E02680A92B3F5AE7F40F2C5
:101A800063826FF4AE7163180C9340F25D1452AB35
:101A90004FF000081A46089345F4F0654346CDF828
:101AA0003480CDF82C804646CDF824809146DBF872
:101AB00000000178A1F12B0EBEF14E0F00F247811C
:101AC000DFE81EF07A0045017A00450145016E000D
:101AD0004F004F004F004F004F004F004F004F008E
:101AE0004F004501450145014501450145014501BD
:101AF00040014501450145012801210145014501FC
:101B0000A20045014501450145018B004501450104
:101B10004501450145018500450145014501450156
:101B20007F0045014501450145014501450145014C
:101B300040014501450145012801210145014501BB
:101B4000A20045014501450145018B0045014501C4
:101B50004501450145018500450145014501450116
:101B60007F0013EB080F16D125F4C07589F800101B
:101B700009F10109DBF804100139002904F1FF34EF
:101B800007F10107CBF8041040F3EE800130CBF8E9
:101B90000000002C8BD1002E42D025F480753FE050
:101BA000EA05DED50C9A25F080050136002AE1D041
:101BB000013A0C920134DDE72A06ECD525F08005C8
:101BC000D4E7B8F1070FE6D14FF00808CEE7B8F137
:101BD000060FE0D14FF00708C8E7002B40F0DA808D
:101BE0002EB905F4E06EBEF5E06F00F03F82B8F16B
:101BF000010F02D0B8F1040FCDD108F101085FFA4E
:101C000088F8B3E765FC0000B8F1000F40F0B98038
:101C1000002EC2D105F4E06EBEF5E06F00F0368212
:101C2000013B012B40F27D8208F1FF33062B16D8D1
:101C3000B8F1020F40F29C82B8F1030F0FD0A8F167
:101C40000404E4B26FEA0408C84419F8011D5A46B6
:101C5000504603F049F8C845F7D1013F3F1BE9055D
:101C60001CD56A0500F16F8219F8011C652909F17C
:101C7000FF3407F1FF380BD0452909D05A465046AA
:101C800003F032F819F8021CA7F10208A9F10204C6
:101C90005A46504603F028F84746A14615F0100270
:101CA0007FF4AEAD05F4C063B3F5806F89F8002012
:101CB00000F0F1810B9B002B40F0FE81089900227F
:101CC0005046FDF723FFEB078046894600F13F8130
:101CD00015F0020540F03B81049C02460B46261D90
:101CE0002468FBF799FA002840F05C824046494698
:101CF000FBF7F0FA04962060059B029E01330593E2
:101D00003446FFF761BBB8F1020F7FF444AF4FF0E8
:101D100003082BE705F4A06EBEF5806F05D06A05B9
:101D20007FF539AF002E3FF47BAFAA0504D4099AA2
:101D3000CDF83490B21A0B9225F4F06545F4C075D5
:101D4000002613E7012B7FF426AF02230EE70A9A41
:101D500092F800E08E457FF41EAFAA057FF51BAF19
:101D600025F42075099601E759465046079302F07D
:101D7000FDFF079B00287FF40EAF002C7FF497AE89
:101D800009E7B8F1030F3FF438AFB8F1050F3FF49E
:101D900034AF00E7022B7FF42AAF0323E6E6631E8D
:101DA000B3F5AE7F86BF6FF4AE7004EB0009C14699
:101DB00052AB10463A464F46DDF80C90089388BF68
:101DC00040F25D1445F458651E464FF00008A1F13D
:101DD0002B034D2B51D8DFE803F07E507E50506F1F
:101DE000696969696969694A4A5050505050505050
:101DF000444444444444505050505050505050502B
:101E000050505050505050275050505050505050FB
:101E1000444444444444505050505050505050500A
:101E2000505050505050502705F4C063B3F5007F18
:101E300023D125F4007545F4A0654FF010093170E9
:101E40000136DBF80430013B002BCBF8043072DDA7
:101E50000130CBF80000013C0FD0DBF80000017826
:101E6000B5E7B9F10A0F08DD25F43865E7E7BD4BA2
:101E700033F91990B9F1080FF6DCE9051746CDF8EA
:101E80000C9007D5089B9E4200F2F480089B9E426E
:101E90003FF4A0AA15F0100400F09280089BF61AF7
:101EA00046443744029E3446FFF78EBAAD4B25F4C4
:101EB000386533F91990C2E72B05C0D5B9F1000F89
:101EC00003D145F400754FF008096B0540F1C0805F
:101ED00025F4B065B3E72B06CFD525F08005AEE736
:101EE000002C08BF4FF0FF3415F001037FF462AC03
:101EF000E90633D51D46FBF76FFFDBF800301A7893
:101F000010440133427812073FF5C3ABDBF80420DD
:101F1000CBF800300135531EAC42CBF804303FF40F
:101F2000B8AB002BE7DC5946504602F01FFF0028F3
:101F3000E1D0FFF7AEBB59465046039202F016FFC0
:101F4000039A002887D098E7CDF830809FE5049A5F
:101F5000136804320492C3E90089CDE6049A156837
:101F6000161D2C44A846FBF737FFDBF8002013783A
:101F70001844511C43781B0715D4DBF80430CBF808
:101F80000010013BCBF80430137808F8013B4445BE
:101F90000AD0DBF80430002BE5DC5946504602F04D
:101FA000E5FE0028DFD04446059A0496029E651B94
:101FB0000023013223702F4405923446FFF704BA00
:101FC00022463470039B0899069C5046A047AA06F7
:101FD00046D46B077BD5049A1368043204921880A8
:101FE000059B0133059359E7FBF7E4FE86423FF476
:101FF000C8AA9BE80C0012F8010BCBF80020079A46
:10200000009252AA751C013B9055CBF80430414612
:102010002B46504601F064FE461C3FF4B2AA00284D
:102020006BD1C8F8000001F03DFE002800F0AF8041
:10203000002D3FF4DDAB52AB5C19013D5A4614F85C
:10204000011D504602F050FE002DF6D1FFF7D0BB27
:1020500025F460750FB1013F013408F10108F0E685
:10206000049A1368043204921860B9E725F4F06505
:1020700001237BE516F8011C5A46504602F034FE57
:10208000013E03E70DF13C08FFF7A5BB25F4F06521
:102090004FF001086AE5099BF61A7242002E3FF4E0
:1020A0000DAE0DF29B23994528BF0DF29A294846A3
:1020B0002D49FCF7AFFC01E60D9C21460A230131B6
:1020C0005046FDF7CFFD0B9BA146C21AE9E715F07C
:1020D0000102C5D1AC07C3D5069B1946234B9942D3
:1020E0005046039B089963D002F09EFB049A136844
:1020F00004320492C3E9000172E7023020D12E4677
:10210000DBF80430002B3FF767AB5946504602F02E
:102110002DFE00283FF460AB002E7FF432AAFFF7BB
:1021200067BB089B99457FF655A919F8011D5A46CA
:10213000504602F0D9FD089B9945F6D1FFF74AB900
:10214000D8F800006FE7089B99457FF643A919F876
:10215000011D5A46504602F0C7FD089B9945F6D12D
:10216000FFF738B9085F01002C5F0100B549010095
:10217000089B99457FF62EA919F8011D5A4650462D
:1021800002F0B2FD089B9945F6D1FFF723B92F4421
:10219000013CB9F1000F03D108F104084E46AFE746
:1021A0000646ADE7284602F065FA04962060A3E5EE
:1021B00002F008FD9AE700BFF0B5ADF5057D04AD6E
:1021C00000930F4613464FF4007403AA2946039464
:1021D000064602F067FE88B1044602463946039B74
:1021E000304600F029F8AC42039004D03046214636
:1021F00001F0BCF803980DF5057DF0BD4FF0FF3000
:10220000F9E700BF10B4044C13460A4601462068A3
:1022100010BCFFF7D1BF00BF0805002021B1FF2A85
:1022200004D80A7001207047084670478A2303606B
:102230004FF0FF30704700BF70B50D46084C114697
:1022400006461A46284600232360FAF74BF8431C3B
:1022500000D070BD2368002BFBD0336070BD00BF81
:102260008C5800202DE9F047254C2568D5F84841C9
:102270000646884692469946C4B360681F2817DC14
:10228000431C76B104EB80050122C5F888A0D4F880
:10229000881182401143022EC4F88811C5F80891B4
:1022A0001ED00230636044F820800020BDE8F08733
:1022B000144B03B34FF4C870FBF798FD0446D0B13C
:1022C000D5F84831002780E88800C5F848413846ED
:1022D0000123C4F88871C4F88C71002EE1D0D1E7D5
:1022E000D4F88C110A43C4F88C21DAE705F5A674FA
:1022F000C5F84841C1E74FF0FF30BDE8F08700BFA7
:102300003C5E0100EDDD0000024B13B1024800F01D
:1023100005B8704700000000A93201000023014603
:102320001A461846FFF79EBF02690B69934200F3F5
:102330008D802DE9F04F03F1FF3801F1140700F112
:10234000140B57F828205BF828304FEA880483B034
:102350000132B3FBF2F90BEB0403009407EB040A20
:102360000193B9F1000F39D00025BC46DE462B465B
:102370005CF8046BDEF80020B4B209FB0455360C9F
:102380002C0C09FB0644ADB25B1BA6B213FA82F318
:10239000C6EB124606EB23469BB243EA0643E245F0
:1023A0004EF8043B4FEA14454FEA2643E0D2009B27
:1023B0005BF8033093B9019C231F9B450CD254F862
:1023C000043C4BB9A4F1080302E01A68043B1AB9B3
:1023D0009B4508F1FF38F8D3C0F81080044601F09F
:1023E00001FF00282EDB09F101095D46002357F8A3
:1023F000041B28688AB29A1A090C12FA80F2C1EBFF
:10240000104303EB224391B241EA0341BA4545F838
:10241000041B4FEA2343EAD25BF828200BEB880326
:1024200082B91A1F93450BD253F8042C42B9083BCA
:1024300002E01A68043B1AB99B4508F1FF38F8D34B
:10244000C4F81080484603B0BDE8F08F0020704704
:102450002DE9F04F016C97B08146239C92469B4634
:1024600049B1426C4A60012393408B6001F08CFCBF
:102470000023C9F84030BBF1000FD84633DB0023FE
:102480002360A54B1A4608EA0303934214D0504632
:10249000594600220023FAF78DFE054648B3229ADA
:1024A00001231360249B002B00F0C5809B4818601B
:1024B000013817B0BDE8F08F229A42F20F73136013
:1024C000BAF1000F00F0A2809548249B002BF0D0B9
:1024D000C378002B00F0B18000F10803249A136048
:1024E00017B0BDE8F08F01232BF000482360C346EE
:1024F000C7E714AA15AB0192009352465B464846C3
:1025000001F0A6FF5FEA1854089040F08880149DFF
:10251000159C2C4404F23243202B40F39182C3F1EA
:10252000400304F2124008FA03F82AFA00F040EAE5
:102530000800FAF761FB0123013CA1F1F871109347
:102540000022784BFAF71AFA6DA3D3E90023FAF7C1
:10255000C9FB6DA3D3E90023FAF712FA0646204619
:102560000F46FAF759FB6AA3D3E90023FAF7BAFB3F
:1025700002460B4630463946FAF702FA06460F463F
:10258000FAF760FE00220490002330463946FAF73D
:102590001BFE002840F03082049E162E00F2298295
:1025A000614B03EBC603D3E9000152465B46FAF7E1
:1025B00029FE002800F04982731E049300230C9327
:1025C0002C1B631E029300F1328200230593049BAF
:1025D000002BC0F22382029A0B9311461944002368
:1025E00002910A93209B092B29D8052B40F358868A
:1025F000043B20930025209B023B032B00F23586F1
:10260000DFE813F02C03280237035904444B474AF0
:10261000C8F31300002814BF1846104655E7CBF343
:10262000130343F07F5110955046A4F2FF3441F458
:102630004011149D84E73E483BE7C31C4EE7002150
:10264000C9F844104846209101F078FB4FF0FF3361
:102650000693209A0D93012307902192C9F8400018
:102660000993159B002BC0F2D180049A0E2A00F327
:10267000CD802D4B03EBC203D3E90034CDE9023406
:10268000219B002BC0F2008356465F4650465946B8
:10269000DDE902AB52465B46FAF74EFCFAF7D2FD93
:1026A0000446FAF7B9FA52465B46FAF71BFB0B46AB
:1026B000024639463046FAF761F9079D04F13003C6
:1026C0002B70069B012B06460F4605F1010562D0D3
:1026D0000022184BFAF706FB0022002306460F469D
:1026E000FAF768FD00287ED1CDF81490DDF818A027
:1026F000DDF81CB0DDE9028929E000BFAFF30080FE
:1027000061436F63A787D23FB3C8608B288AC63FF7
:10271000FB799F501344D33F0000F07FF55E01002A
:10272000446001000000F83F48610100386001008A
:10273000F45E010000002440FAF7D4FA00220023DE
:1027400006460F46FAF736FD002840F0B7834246AA
:102750004B4630463946FAF7EFFBFAF773FD04466D
:10276000FAF75AFA42464B46FAF7BCFA02460B46CB
:1027700030463946FAF702F904F1300E05F801EB5C
:10278000CBEB050ED64506460F464FF00002B04B88
:10279000D2D1DDF8149032463B4630463946FAF73E
:1027A000EFF806460F4602460B46DDE90201FAF74E
:1027B0000BFD40B932463B46DDE90201FAF7FAFC6F
:1027C00088B1E3070FD515F8014C079A6B1E04E09A
:1027D0009A4200F02C8413F8014D392C03F10105C5
:1027E000F6D001341C700899484601F0CDFA002259
:1027F000049B2A70229A01331360249B002B00F063
:10280000A78307981D6017B0BDE8F08F099A002ACA
:1028100000F01281209A012A40F35882069B0A9AFE
:102820005F1EBA42C0F29783D71B069B002BC0F2F3
:102830008A84059D069B059A1A440592029A0121F5
:102840001A444846029201F083FB064665B102999C
:1028500000290B4608DDA942059AA8BF2B46D21ACB
:10286000ED1ACB1A059202930A9B002B40F3FC82CF
:10287000099A002A00F00182002F00F0FE81314603
:102880003A46484601F006FCDDF820800146424603
:102890000646484601F066FB41460446484601F0BC
:1028A00073FA0A9BDB1B0A9340F0E681012148463C
:1028B00001F04EFB0B9B8046002B00F01982014675
:1028C0001A46484601F0E6FB209B012B804640F368
:1028D000F8820027D8F8103008EB8303186901F05C
:1028E000E9FAC0F12000029A104410F01F0000F035
:1028F000F681C0F12003042B40F3CA84059BC0F18C
:102900001C00034405931346034405440293059BAE
:10291000002B05DD21461A46484601F00BFC044613
:10292000029B002B05DD41461A46484601F002FC99
:1029300080460C9B002B40F07C82069B002B40F3D2
:102940009582099B002B40F0F581DDF81CB0069FB5
:102950005D4602E001F022FA044641462046FFF7B8
:10296000E3FC00F1300A05F801ABCBEB0503BB42F9
:102970004FF00A024FF0000321464846EADB079B6E
:10298000069A012AACBF9B1801331D464FF0000B7D
:1029900021460122484601F0CDFB4146089001F056
:1029A00021FC002840F30D8315F8012C07996B1EBC
:1029B00004E08B4200F0788213F8012D392A03F1EC
:1029C0000105F6D001321A704146484601F0DCF9A3
:1029D000002E3FF408AFBBF1000F05D0B34503D084
:1029E0005946484601F0D0F93146484601F0CCF945
:1029F000F9E601230C93E3E5DDF810804046FAF791
:102A00000BF902460B4630463946FAF7D3FB00284D
:102A10007FF4C2AD08F1FF330493BDE5059A049B32
:102A2000D21A5B420A93002305920B93DAE55B42CC
:102A3000059300230293CAE50A9F059D099E05E7B9
:102A4000C3F120080AFA08F073E50C90B8E500BF5E
:102A50000000244000230993049B219A13440D9302
:102A60000133002B069340F38382069C2646002107
:102A7000172EC9F844100BD9012204235B0003F17F
:102A80001400B042114602F10102F7D9C9F844100E
:102A9000484601F053F90E2C0790C9F840003FF664
:102AA000E0AD002D3FF4DDAD04995746D84600292E
:102AB000CDE90E7840F39282914B01F00F020E1196
:102AC00003EBC203F006D3E9004540F14C828D4B85
:102AD00050465946D3E90823FAF72EFA06F00F06B6
:102AE00082468B464FF0030886B1864FF10709D521
:102AF00020462946D7E90023FAF7F4F808F101083F
:102B000004460D46761007F10807EFD122462B4602
:102B100050465946FAF710FA06460F460C9B43B149
:102B20000022794B30463946FAF74EFB002840F038
:102B300020834046FAF770F832463B46FAF7D2F85F
:102B4000724B0022F9F71CFF069B0446A1F1507559
:102B5000002B00F0DF81049BDDF818801193099BA6
:102B6000002B00F09782664B694903EBC80353E9D9
:102B700002230020FAF7E0F922462B46F9F7FEFE81
:102B800082468B4630463946FAF75CFB0446FAF734
:102B900043F802460B4630463946F9F7EFFE30342B
:102BA000079DE4B206460F462C7002460B4650467F
:102BB00059460135FAF726FB00284CD132463B46F0
:102BC00000205149F9F7DAFE02460B4650465946B5
:102BD000FAF718FB002840F00D83B8F1010F40F31D
:102BE000B381079B98440DE000204749F9F7C6FEE2
:102BF00052465B46FAF7E8FA002840F0FB8245456A
:102C000000F0A281504659460022424BFAF76AF87A
:102C10000022404B82468B4630463946FAF762F82E
:102C20000F460646FAF70EFB0446F9F7F5FF024693
:102C30000B4630463946F9F7A1FE3034E4B252462D
:102C40005B4605F8014B06460F46FAF7BDFA3246D9
:102C50003B460028C8D0119B0493C4E50023099388
:102C6000219B002B40F389811E461C460D93069341
:102C7000FDE601230993F3E708940A9A0899484668
:102C800001F008FA044611E6069B002B3FF7FCAC66
:102C900040F0DA820022204BDDE90201FAF722F847
:102CA00052465B46FAF7A4FADDF81880464600283B
:102CB00000F0F280219B079DDB4304934146484688
:102CC00001F062F8002E3FF48EAD8DE6109A002AD6
:102CD00000F0418203F233430A9F059DABE51C20BF
:102CE000059B03440593029B0344054402930EE6AF
:102CF000209B012B40F382820B9F0120F3E500BF54
:102D000048610100206201000000F03F00001C400B
:102D10000000E03F00002440000014403146002342
:102D20000A22484601F03AF80D9B002B064640F374
:102D300097820693002D05DD31462A46484601F06C
:102D4000F9F90646002F40F07C810596069B079A0C
:102D5000DDF814B0013BD31808930AF0010309937E
:102D60001746C24651462046FFF7DEFA3146054671
:102D7000204601F037FA5A4602905146484601F083
:102D800051FAC268804605F13003002A49D1014654
:102D90002046069301F026FA41460590484600F089
:102DA000F3FF059A069B2AB9209919B909990029B8
:102DB00000F0368202990029C0F2E48005D1209902
:102DC00019B90999002900F0DD80002A00F34D812E
:102DD000089A3B7007F101089742454600F054817C
:102DE000214600230A22484600F0D8FF5E450446EB
:102DF00031464FF000034FF00A0248460BD000F076
:102E0000CDFF5946064600230A22484600F0C6FF79
:102E100047468346A6E700F0C1FF4746064683467D
:102E2000A0E701464846059300F0AEFF0122059B4E
:102E3000C0E74146204601F0D5F90028BFF67DAD38
:102E40002146049C0023013C0A224846049400F0D9
:102E5000A5FF099B0446002B7FF460AF0D9B002B60
:102E600040F3F681069370E5089C1FE5209B022B3A
:102E70007FF767AD069B002B40F079814146052224
:102E8000484600F08BFF01468046204601F0AAF933
:102E9000002808947FF70EAF049A07993123013276
:102EA00004920B704D1C09E7049A01320492079AB0
:102EB0003123137088E501230993CDE5DDF81490E3
:102EC00091E4BAF1000F7FF404ADCBF31303002BB0
:102ED00040F03F812BF000473F0D3F0537B1059B88
:102EE00001330593029B0133029301270B9B0120C1
:102EF000002B3FF4F8ACEDE44046F9F78DFE324686
:102F00003B46F9F7EFFE0022BF4BF9F739FD0446C7
:102F1000A1F15075304639460022BC4BF9F72EFD21
:102F200022462B4606460F46FAF76CF980460028E3
:102F300040F00581224605F1004330463946FAF754
:102F400043F908B14646B5E6DDE90EABFFF789BBAC
:102F50000798FFF7AEBA0A9B0B9A0A97FB1A1A4416
:102F60000B92002761E4DDE90EAB4FF00208BBE5F0
:102F70001C460021C9F844108AE5012421940D94CF
:102F80000694F6E7002AD046CDF814B09A4611DD33
:102F900021460122484601F0CDF84146044601F0A1
:102FA00021F9002840F34981BAF1390F00F0068178
:102FB00005F1310AB34687F800A07D1C059E0894F0
:102FC00002E504D11AF0010F01D0EDE4154615F821
:102FD000013C302B05F1FF32F8D0F5E4049B5C4254
:102FE000002C00F0BF808A4B04F00F0203EBC203F9
:102FF000D3E90023DDE90E01F9F774FE241106463A
:103000000F4600F02A81834D4FF00208E20709D5F0
:1030100030463946D5E90023F9F764FE08F1010886
:1030200006460F46641005F10805EFD176E50799CD
:1030300030220A70049A15F8014C01320492FFF70D
:10304000D0BB7168484600F079FE33699A1C05468A
:10305000920006F10C010C30F7F706FA294601221E
:10306000484601F067F8059070E6392BCDF814B0AA
:10307000D04600F0A38003F1010AB34687F800A010
:103080007D1C059E08949FE45A46D046B3469A4656
:1030900016467DE45E4908F1FF3A01EBCA0122467B
:1030A0002B46D1E90001F9F71DFECDE912013946A1
:1030B0003046FAF7C7F80446F9F7AEFD02460B466C
:1030C00030463946F9F75AFC079A3034B8F1010F07
:1030D00006460F46147002F101051ED0079B03EB54
:1030E000080BA84600224C4B30463946F9F7FAFD4A
:1030F0000F460646FAF7A6F80446F9F78DFD303478
:1031000002460B4630463946F9F738FC08F8014BC1
:10311000C34506460F46E5D1554400223F4BDDE945
:103120001201F9F72DFC32463B46FAF74DF800281C
:103130004CD0119B049315F8014CFFF746BB4FF0A0
:1031400000084646A8E6059B069A9D1A0023FFF74D
:1031500072BB0027CAE6149B0A9F059DC3F1360384
:10316000FFF769BBDDE90E674FF00208D6E408946B
:10317000A0E5069B002B3FF4BFAE0D9B002B7FF715
:10318000E3AE0022244B30463946F9F7ABFD064644
:103190000F4608F10100F9F73FFD32463B46F9F7CB
:1031A000A1FD0022184BF9F7EBFB049ADDF83480FF
:1031B000013A0446A1F150751192D0E43922B34688
:1031C0000894059E3A707D1CFFF7F0BBDDE91223E1
:1031D00000201249F9F7D2FB32463B46FAF712F8C3
:1031E00008B9B1E6154615F8013C302B05F1FF3260
:1031F000F8D030E5119B0493FFF7E7BABAF1000F5E
:103200007FF47AAD61E600BF00001C40000014406E
:103210004861010020620100000024400000E03FFE
:10322000392BCDF814B0D046DDF808B09A46C5D099
:10323000BBF1000F3FF7BCAEBCE67FF4BBAE1AF0AB
:10324000010F3FF4B7AEAFE64FF00008464631E558
:10325000209B022B21DC0D9B04E64FF002085DE46D
:10326000209B022B19DC0D9B63E50024C9F8444028
:103270002146484600F062FD4FF0FF3306930D9360
:10328000012307902194C9F840000993FFF7E9B999
:103290003FF43DABC0F13C0022E50D9B0693E9E510
:1032A0000125FFF7A8B900BF38B5074D074C2C1B07
:1032B000A41005D0013C55F8043D9847002CF9D1E5
:1032C000BDE8384002F0E2BF00000000000000004E
:1032D000F8B5234F0C460646FBF796F9BB685D68C8
:1032E00025F00305291B01F6EF7121F47F6121F020
:1032F0000F01A1F58054B4F5805F07DB0021304653
:10330000FBF776FBBB682B44984204D03046FBF7B2
:103310007DF90020F8BD61423046FBF769FB0130C2
:103320000DD0104BBA6819682D1B45F001053046C9
:10333000091B55601960FBF769F90120F8BD0021F0
:103340003046FBF755FBBA68831A0F2BDEDD064CBF
:103350000449246843F00103001B53600860D5E76B
:103360007806002040580020840A0020002945D01B
:103370002DE9F0410D468046FBF746F955F8047CEF
:103380006A4927F00103A5F10804E2188E68506825
:10339000B24220F0030062D0FE0750600BD455F813
:1033A000087CE41B01F1080EA56875453B446FD00D
:1033B000E768EF60BD6015186D68ED0742D543F012
:1033C00001026260E350B3F5007F18D2DB085A1C9B
:1033D0004D6851F83270A76001209B1000FA03F38A
:1033E00001EBC2001D430838E0604D6041F83240F7
:1033F000FC604046BDE8F041FBF708B970475A0A47
:10340000042A53D89A0902F139077F0002F13805DE
:1034100001EB870051F827204449083890424DD0ED
:10342000516821F003018B4202D292689042F7D199
:10343000D068E060A2608460D4604046BDE8F0419E
:10344000FBF7E4B895683A4FBD4203443FD0D068DB
:10345000E86043F0010285606260E350B3E7FF0774
:10346000034407D455F8082CA41A1344A068E26852
:10347000C26090602F4A126843F00100934260607E
:103480008C60B6D32C4B40461968FFF721FFB0E79C
:1034900011184968C90744D49168D268CA600344C6
:1034A00043F0010091606060E350A2E7142A17D84E
:1034B00002F15C077F0002F15B05A9E7AA104B68E7
:1034C000012505FA02F213434B600246B1E743F0CF
:1034D00001024C610C61E560A5606260E35088E721
:1034E000542A06D81A0B02F16F077F0002F16E050D
:1034F0008EE7B2F5AA7F06D8DA0B02F178077F00D3
:1035000002F1770584E740F25450824206D89A0CC3
:1035100002F17D077F0002F17C0579E7FE277E2519
:1035200076E743F001026260E35062E7780600202C
:1035300080060020800A00203C58002002694B11C0
:1035400093422EDAF0B511F01F0100F1140606EBDC
:10355000820206EB830E29D056F823300EF10405C3
:10356000AA4223FA01F4C1F1200C39D900F1100765
:103570002B6803FA0CF3234347F8043F55F8043B48
:10358000AA4223FA01F4F3D8CEEB0202053A22F064
:10359000030204323244146004B10432931B9B10C2
:1035A00016E000230361002343617047724512D97E
:1035B00000F11004714651F8045B44F8045F8A423C
:1035C000F9D86FEA0E03134423F0030304339B106E
:1035D000036113B1F0BD0023036100234361F0BD1B
:1035E0003246D8E72DE9F04F8BB089460590169802
:1035F0000392089300F064FB0368029318461C468C
:10360000FBF75EFAD9F8003000909A782118302A3A
:1036100011F801BC40F0A98103334FF000081C46AB
:1036200013F8012B302A08F10108F8D0B24EB35C30
:10363000002B00F0F08023784FF0000AF35C554631
:10364000274623B117F8013FF35C002BFAD1009A0B
:1036500002993846FBF7A2FA002800F092803B78E6
:10366000002D00F07181ED1BAA000192502B00F09B
:103670009180702B00F08E803D46C9F80070BAF141
:10368000000F40F0B7802B1B013B072B514604DD98
:103690005B10072B01F10101FADC059800F04EFBED
:1036A00003461433A5420490079340F2D381994610
:1036B000009B4FF00008C3F10103474606930FE05B
:1036C000202F00F09F803A46043715F8013CF35C48
:1036D000554603F00F039340A54248EA030815D965
:1036E00015F8013C5B4505F1FF3AE9D1069B5344CF
:1036F000A342E5D31846009A02990993FBF74EFAC4
:10370000099B0028DCD11D46A542E9D849F8048B65
:10371000079B049AC3EB09094FEAA90313614046CA
:103720004FEA431900F0C6FB039B1E68C0EB09007B
:10373000B04200F3E380C0F209810027039B019AA5
:103740009B689A4200F397800398019943689942D5
:1037500080F2B5805D1AAE4200F30F81C268022A82
:1037600000F07F81032A00F05C81012A00F07D8156
:103770000598049900F008FB149A00231360502068
:103780003DE0002D00F019813B786CE700230193A8
:103790004FF0010A7B782B2B00F0AC802D2B75D0DD
:1037A000791C0025F35C54485A1E182A3FF664AF72
:1037B0004A78825C501E1828A3F1100301F1010120
:1037C0000BD811F8010F03EB830302EB4303325CC8
:1037D000501E1828A3F11003F3D905B15B42019ADA
:1037E0003D461A440F460192C9F80070BAF1000F25
:1037F0003FF449AFB8F1000F0CBF062000200BB01A
:10380000BDE8F08FC9F800804FF0000809F1040905
:103810004246042759E7009D02992A462046FBF7B5
:10382000BDF9002836D023782746502BAED0702B18
:10383000ACD0C9F80070DDE7049B9B689F4280F222
:1038400034813B46049800EB830201210133022CB2
:103850000361516100F018819F4280F2DB800121F9
:103860000498FFF76BFE039B019A9B6801329A4212
:10387000019240F3D2800598049900F085FA149AD9
:103880000023A32013600BB0BDE8F08F0125BB78A7
:10389000B91C87E7625DB35C6719002B69D0302AD9
:1038A0003C4604D114F8013F302BFBD0F35CB3FA53
:1038B00083FA3D464FEA5A1A4FF00108C0E6012448
:1038C00067B1039BDB68022B00F08580032B00F0BF
:1038D0008680012B00F0B58044F01004149B1A463A
:1038E000049B1360089B1A46019B136020460BB093
:1038F000BDE8F08F0025CAE748600100841B21461F
:10390000049800F04FFE002835D0621E5111079830
:1039100002F01F0350F82110012707FA03F30B42AE
:103920000AD0BA4240F39B80A11E049800F03AFEF0
:10393000002800F094800327019B0498234421462B
:103940000193FFF7FBFDF9E601958FE6341A049920
:103950000598224600F0EEFB019B04901B1B01938F
:103960000346143307930027E8E69C1C4FF0000839
:103970005CE6134659E70746DEE76C1E002F4ED182
:1039800024B12146049800F00DFE07466311079A02
:10399000049852F8232004F01F04012303FA04F4CE
:1039A0001442294618BF47F00207FFF7C7FD039BE3
:1039B0005B680193761B022482E700997B5CF25CD2
:1039C0007D182F46002A3FF44EAE17F8013FF25CF7
:1039D000002AFAD147E6159BC3F101031593159B05
:1039E000002B3FF479AF049B079D1F694FEA8708BE
:1039F00005EB08002B46002104E043F8041B984225
:103A00007FF61AAF1A68B2F1FF3FF6D00132022CEE
:103A10001A6039D016F01F063DD121245EE7012738
:103A2000B4E7159A002A3FF4A3AE08990B60079BF0
:103A3000049901220A611A60149B1A4662201160DF
:103A4000DDE6BA077FF548AF079B1B683B43DB0702
:103A5000C9D441E7DDF81C904FF0000856E6022774
:103A60006AE7159A002AE0D082E6AE427FF480AE83
:103A7000012EDADD711E049800F094FD00283FF459
:103A800077AE039B5B68D0E7039B1B68013B9E42BC
:103A900024D0222422E74544C6F1200655F8040C20
:103AA00000F008FAB042B8DAD9E6049BDDF81490C9
:103AB00059684846013100F041F904990B699A1C94
:103AC000054692000C310C30F6F7CEFC04994846BE
:103AD00000F05AF904952B691435B3E6731106F01A
:103AE0001F0655F823200123B340134214BF21249D
:103AF0002224F3E630B4046808E014F8013FA3F18F
:103B00004105192D98BF2033934208D111F8012B9C
:103B1000002AF2D101340460012030BC704700203B
:103B200030BC70472DE9F04F0B68DFF8749185B019
:103B3000591102EB810113F01F0301911CBF0431E5
:103B40000191019C029003930023194644F8043C20
:103B50009A469E46029BA4F1040C1D68E04660460E
:103B600015F8013F23B319F80340002C43D1202B53
:103B70005DD8D645F4DD404513D2072911DCC1F1EB
:103B8000080189000668C1F1200B03465F6807FA47
:103B90000BF4344327FA01F61C6043F8046F984590
:103BA000F4D890423AD815F8013F0821002BDAD119
:103BB000BEF1000F3DD0404501D207295CDD9042A7
:103BC0003BD9134650F8041B43F8041B8445F9D233
:103BD000002143F8041B9C45FBD2019B53F8043C95
:103BE0002BB962453AD05CF8043D002BF9D0052092
:103BF00005B0BDE8F08F013108290EF1010E06DD98
:103C00009042ADD9002340F8043C012104380368F8
:103C100004F00F0444EA03140460A1E70023A0F1B8
:103C2000040840F8043CF2464046194698E7292B20
:103C30001BD0042005B0BDE8F08F039B002BCCD037
:103C4000019C039B54F8041CC3F120034FF0FF3088
:103C500020FA03F30B4044F8043CC1E7012305209C
:103C6000CCF8003005B0BDE8F08F029B01351D6037
:103C7000BEF1000F9FD1DCE7C1F108039B0005688E
:103C8000C3F1200701464E6806FA07F42C4326FAD2
:103C900003F50C6041F8045F8845F4D88FE700BF56
:103CA00048600100FF2801D90020704710B5044684
:103CB000FAF792F82044407800F00800C0B210BD36
:103CC000F0307047044A054B1268506B002808BF5B
:103CD0001846F030704700BF080500200C05002092
:103CE000F0B583B00746089D92B1114C114E24687F
:103CF000646B0095002C08BF3446D4F8E440A0471C
:103D0000431C03D100228A232A603B6003B0F0BD2C
:103D1000074B08491B685B6B0095002B08BF0B46DF
:103D200014462146044AD3F8E4400123A047E7E7BC
:103D3000080500200C0500206C520100C36C70B512
:103D400005460C464BB153F8240080B1026843F895
:103D5000242000230361C36070BD2122042101F0EF
:103D6000D1F8E86403460028EDD1002070BD0121A0
:103D700001FA04F6721D2846920001F0C3F80028EB
:103D8000F3D044608660E4E731B1C36C4A6853F80D
:103D90002200086043F82210704700BFF0B50C699C
:103DA00083B00D46064601F1140E0027DEF8000030
:103DB00081B202FB01310B0C000C02FB003389B213
:103DC000013701EB0341BC424EF8041B4FEA134399
:103DD000ECDC3BB1AA68944207DA05EB84020134BB
:103DE00053612C61284603B0F0BD6968019301312D
:103DF0003046FFF7A3FF2A69023205F10C0107469E
:103E000092000C30F6F730FBF26C6968019B52F8B7
:103E10002100286042F821503D46DEE72DE9F843B5
:103E2000234C089D1F46083384FB034EDB17C3EB6E
:103E30006E0EBEF1010F06460C46904635DD01239D
:103E400000215B009E4501F10101FADC3046FFF7DD
:103E500075FF0123B8F1090F4561036121DD04F10C
:103E600009094D46444415F8013B0146303B0A22FE
:103E70003046FFF793FFA542F5D109EB0804083C53
:103E800047450CDDC8EB0707274414F8013B014602
:103E9000303B0A223046FFF781FFA742F5D1BDE84B
:103EA000F8830A344FF00908EAE70021CEE700BFA3
:103EB000398EE338030C1B04B3B90004102310F04F
:103EC0007F4F04BF0002083310F0704F04BF0001A1
:103ED000043310F0404F04BF80000233002807DB9A
:103EE000420003D4202070470023E8E7581C7047A5
:103EF00018467047036813F0070207D0D90720D48B
:103F00009A0720D49B0803600220704799B209B930
:103F10001B0C102213F0FF0F04BF1B0A08321907F5
:103F200004BF1B090432990704BF9B080232D9075A
:103F300004D45B0801D12020704701320360104691
:103F40007047002070475B0803600120704700BF86
:103F500010B50C460121FFF7F1FE01224461026118
:103F600010BD00BF2DE9F04F0D691769BD4283B048
:103F70000C46164604DA2A4634463D460E46174697
:103F8000A368616805EB07089845C8BF0131FFF7D2
:103F9000D5FE00F1140C0CEB8809CC45009005D23D
:103FA0006346002143F8041B9945FBD806F114022F
:103FB00002EB870A04F11403524503EB850E54D239
:103FC000CDF80490994652F8043B1FFA83FBBBF1ED
:103FD000000F20D000204F466646054600E01E46F2
:103FE00057F8044B3068A1B283B20BFB0131240CAB
:103FF000000C4B190BFB040000EB134099B2334645
:1040000041EA0041BE454FEA104543F8041BE6D89B
:10401000756052F8043C5FEA134B20D0DCF80030A6
:10402000674618464D46002100E037462C88000CB4
:104030000BFB040001449CB23E4644EA014346F8AF
:10404000043B786855F8044B83B2240C0BFB043412
:1040500004EB1143AE454FEA1341E6D87B6092452D
:104060000CF1040CAFD8DDF80490B8F1000F0BDDB3
:1040700059F8043CA9F104091BB105E059F8043DC5
:1040800013B9B8F10108F9D10098C0F8108003B055
:10409000BDE8F08F12F003032DE9F0411446074606
:1040A0002ED10E46A4101CD0BD6C95B3E3074FF083
:1040B000000806D4641014D02868A8B10546E307A8
:1040C000F8D52A4631463846FFF74CFFB6B172683C
:1040D000FB6C641053F82210316043F822600646EE
:1040E000EAD13046BDE8F0812A4629463846FFF736
:1040F00039FF2860C0F800800546E0E70646D9E7AA
:104100005A1E0B4D002355F82220FFF747FE0646A6
:10411000C8E701213846FFF711FE40F27121012264
:104120000023416102610546B8640360BEE700BF39
:10413000106201002DE9F04791460A698B684FEA49
:10414000691404EB020808F101059D420E468246FF
:10415000496804DD5B009D4201F10101FADC504633
:10416000FFF7ECFD002C00F1140238DD02EB8403B4
:10417000002142F8041B9342FBD1346906F114017B
:1041800019F01F0901EB840E21D0C9F1200200248F
:104190000F6807FA09FC4CEA04049C4643F8044BF8
:1041A00051F8044B8E4524FA02F4F1D8CCF80440BF
:1041B0000CB108F10205DAF84C307268013D53F891
:1041C00022100561316043F82260BDE8F087043BAE
:1041D00051F8042B43F8042F8E45F9D8EBE713462A
:1041E000CBE700BF02690B69D21A12D19B001430D1
:1041F0001431194410B4034401E098420BD253F82F
:10420000044D51F8042D9442F7D007D3012010BC7F
:10421000704710467047002010BC70474FF0FF30C9
:10422000F5E700BF2DE9F8430B690F4611695B1AEA
:10423000002B904617D1890007F1140208F11405EC
:104240005318294401E09A425ED253F8046D51F8A4
:10425000044DA642F7D060D23B46144647464FF085
:104260000109984606E05DDB07F1140502F114042C
:104270004FF000097968FFF761FDD8F810303E690A
:10428000C0F80C9004EB830CA64605EB860700F102
:10429000140400235EF8041B55F8048B8AB213FA49
:1042A00088F3090C9A1AC1EB184303EB224392B22C
:1042B00042EA0342F44544F8042B4FEA2343E9D889
:1042C000AF4217D9A446294651F804EB13FA8EF2EF
:1042D000131403EB1E4392B242EA03428F424CF89E
:1042E000042B4FEA2343EFD8ED433D4425F003056B
:1042F00004352C44043C22B954F8043D013E002B03
:10430000FAD00661BDE8F8830021FFF717FD01220E
:10431000002302614361BDE8F8832C464FF0000999
:104320001546A7E73B4607F1140408F11405474674
:104330004FF0010998469DE70F4B0B40A3F15073D6
:10434000002B02DD0020194670475B421B15132B22
:104350000BDD143B1E2BDDBFC3F11F03012202FA4C
:1043600003F301230021184670474FF40022002078
:1043700042FA03F1704700BF0000F07F2DE9F041E1
:10438000066900F1140808EB860656F8047C3846E6
:10439000FFF790FDC0F120030A280B60A6F104038B
:1043A0001ADC984538BF56F8083CC0F10B0227FAD2
:1043B00002F138BF23FA02F200F1150341F07F55F4
:1043C00028BF002207FA03F345F4401543EA02042C
:1043D00020462946BDE8F081984520D2B0F10B0275
:1043E00056F8081C1ED007FA02F040F07F50C2F1C8
:1043F0002007A6F1080340F4401021FA07FE984573
:1044000040EA0E0520D256F80C3C01FA02F023FADD
:1044100007F20243144620462946BDE8F0810B38D6
:1044200009D1014647F07F550C4645F4401520461A
:104430002946BDE8F08107FA00F040F07F550022E0
:1044400045F440151446E6E701FA02F21446E2E7A5
:104450002DE9F04182B001211C46C3F30A571546ED
:10446000089EFFF76BFCC4F3130480460FB144F4BD
:10447000801401941DB302A840F8085DFFF73AFDCF
:10448000002834D19DE80C00C8F81420002B0CBF84
:1044900001210221C8F81830C8F81010DFB908EB64
:1044A0008103A0F2324030601869FFF703FD099BD9
:1044B000C0EB41101860404602B0BDE8F08101A891
:1044C000FFF718FD019BC8F8143001212030C8F80F
:1044D0001010002FE3D0099BA7F233470744C0F127
:1044E000350037601860404602B0BDE8F0819DE8B5
:1044F0000C00C0F1200103FA01F10A43C34001930B
:10450000C8F81420C2E700BF2DE9F04383B00E467F
:1045100069460746FFF732FF04460D46304601A9BB
:10452000FFF72CFF89469DE80A003A693669C91AE7
:10453000961B01EB4613002B80460BDD05EB035168
:104540000D4642464B4620462946F8F7F5FC03B097
:10455000BDE8F083A9EB0357B946F2E770B41469DC
:1045600002F1140301394E1103EB84040136A34216
:1045700000EB86060CD2011F53F8045B41F8045F80
:104580009C42F9D8A31A153B23F0030304331844C3
:10459000864204D9002340F8043B8642FBD870BC15
:1045A000704700BF03694A11934210B400F114042C
:1045B0000FDA04EB83039C421FD253F8040C043B34
:1045C00018B114E053F8042D8AB99C42FAD310BCF8
:1045D00070470FDD11F01F010CD054F8220020FAB3
:1045E00001F303FA01F1884204EB8203E3D00120D6
:1045F00010BC704704EB8203DDE70020E7E700BF53
:1046000070B40D785E2D2FD0002201311646431E66
:1046100000F1FF0403F8012FA342FBD185B186F01E
:10462000010242554C1C14F8013C2D2B0ED05D2B81
:1046300009D013B11D462146F3E7084670BC704708
:10464000481E70BC7047204670BC70474E785D2E87
:10465000F0D0B542EEDC023143190135AE4203F829
:10466000012FFADC0234DEE701224D7816460231D2
:10467000CDE700BF004870470000C07F2DE9F04F34
:1046800085B09A460291039001920F460E9E00E07B
:104690002F463D46304615F8014BF9F799FB20446B
:1046A000437803F0080303F0FF02002BF0D12D2C18
:1046B00000F083802B2C08BF7C78009208BFBD1CC3
:1046C000BAF1000F0CD0BAF1100F00F09580009BEA
:1046D0005646F7176BB94FF0FF386FF000490CE002
:1046E000302C7FD00A2600274FF00A0A009B002BAF
:1046F000F1D04FF000084FF0004932463B464046AB
:104700004946F9F751F93B469346404632464946F9
:10471000F9F74AF94FF0000E002200230FE045D0D0
:1047200002FB07F406FB0344A2FB0623234412EB1F
:104730000C0243EBEC734FF0010E15F8014BA4F1A2
:10474000300CBCF1090F06D9A4F1410CBCF1190FD2
:104750000DD8A4F1370CE24512DDBEF1FF3FECD0DD
:10476000994208BF9042DAD24FF0FF3EE5E7A4F14C
:10477000610CBCF1190F03D8A4F1570CE245ECDC35
:10478000BEF1FF3F1ED0009911B1524263EB4303CB
:104790000199002942D0BEF1000F1FD1029D1046A1
:1047A0001946019B1D6005B0BDE8F08FE345B7DAFF
:1047B00002460B464FF0FF3EBFE70123BD1C7C784D
:1047C00000937DE7009B2BBB4FF0FF306FF0004163
:1047D000039A22231360019B13B9E4E7104619469C
:1047E000013DDEE72B7803F0DF03582B0BD00826C2
:1047F00000274FF0080A79E7302C12D12B7803F00C
:10480000DF03582B0DD16C781026002702354FF0AE
:10481000100A6BE700204FF00041D9E71046194617
:10482000C1E71026002761E730B5064C064D246825
:10483000646B83B0002C08BF2C460094FFF71EFF6A
:1048400003B030BD080500200C0500202DE9F84F0D
:10485000DDF828900E460746154698468B4600E040
:10486000A3465C46484614F801ABF9F7B1FA504448
:10487000407800F0080000F0FF0C0028F0D151460D
:104880002D2961D02B2904BF9BF801100BF10204E4
:10489000B8F1000F0CD0B8F1100F5CD04FF0FF331F
:1048A000B3FBF8F308FB03FA6FEA0A0AC14607E014
:1048B000302961D04FF00A083D4BC1464FF0050A40
:1048C0004FF0000E704606E02FD009FB00204FF09D
:1048D000010E14F8011BA1F13002092A05D9A1F13A
:1048E0004102192A0BD8A1F1370290450FDDBEF124
:1048F000FF3FEED09842E7D94FF0FF3EE9E7A1F144
:104900006102192A03D8A1F157029045EFDCBEF1EC
:10491000FF3F11D0BCF1000F00D0404255B1BEF1B5
:10492000000F0DD12E60BDE8F88F5245CDDD4FF060
:10493000FF3ECEE7BDE8F88F22233B60704645B3CB
:10494000661E2E60BDE8F88F0BF102049BF8011083
:104950004FF0010C9CE730291DD1237803F0DF03D1
:10496000582B1ED14FF010096178C8464FF00F0A3E
:1049700002346FF07043A3E7237803F0DF03582B72
:10498000F0D04FF00808C1464FF0070A6FF06043BF
:1049900096E7BDE8F88F4FF00F0A6FF07043C146FD
:1049A0008EE7C1464FF00F0A6FF0704388E700BFF3
:1049B0009999991930B5064C064D2468646B83B0FB
:1049C000002C08BF2C460094FFF740FF03B030BD19
:1049D000080500200C0500202DE9F04F85B08B461E
:1049E000029017461E4688460E9C00E0A8464546A3
:1049F000204615F8019BF9F7EBF94844437803F09A
:104A0000080303F0FF02002BF0D14C462D2C00F0E0
:104A10008C802B2C08BF98F80140019208BF08F148
:104A20000205DEB1102E00F087804FEAE6793246AB
:104A30004B464FF0FF304FF0FF31F8F7B5FF3246ED
:104A400003908A464B464FF0FF304FF0FF31F8F7A6
:104A5000ABFFB0469646039A53460CE0302C00F06C
:104A60008180574B4FF0050E4FF099324FF00A08F6
:104A70004FF000090A264FF0000C0020002112E040
:104A8000994208BF904240D000FB09F408FB014462
:104A9000A0FB0801214410EB0A0041EBEA714FF042
:104AA000010C15F8014BA4F1300ABAF1090F06D92F
:104AB000A4F1410ABAF1190F0DD8A4F1370A5645ED
:104AC00012DDBCF1FF3FECD08B4208BF8242D7D24F
:104AD0004FF0FF3CE5E7A4F1610ABAF1190F03D8E2
:104AE000A4F1570A5645ECDCBCF1FF3F12D0019B04
:104AF00013B1404261EB410127B1BCF1000F12D16B
:104B00005D463D6005B0BDE8F08FF245BCDD4FF07D
:104B1000FF3CC6E7029A222313604FF0FF304FF0AC
:104B2000FF31002FEED0013DEBE7012308F1020534
:104B300098F80140019374E7302C24D12B7803F0CE
:104B4000DF03582B2AD14FF0FF336C7803934FF0DB
:104B50000F0E02356FF0704A4FF010084FF0000949
:104B6000102678E72B7803F0DF03582BEBD04FF0BB
:104B7000070E4FF0FF326FF060434FF008084FF020
:104B80000009082677E74FF00F0E4FF0FF326FF065
:104B900070434FF010084FF000096CE74FF0100819
:104BA0004FF0000942464B464FF0FF304FF0FF31C7
:104BB000F8F7FAFE6FF0704396464FF0FF325AE76F
:104BC0009999991930B5064C064D2468646B83B0E9
:104BD000002C08BF2C460094FFF7FEFE03B030BD4A
:104BE000080500200C0500202DE9F04F936883B0E4
:104BF0009046002B72D083464FF000091668086873
:104C00008B680D464C46002C45D09C421F469A4668
:104C100046D3AB8913F4906F2DD06F69296907EBE8
:104C20004707C1EB000A07EBD777601C7F105044A1
:104C3000B8423A4684BF07463A465B0533D511462B
:104C40005846F9F7DBF8002837D052462969019019
:104C5000F5F70AFCAA89019B22F4906242F08002D7
:104C6000AA81CAEB070203EB0A006F612B6128607F
:104C7000AA602746A24652464946F9F713FCD8F8DF
:104C80000820AB682868DB1B5044141BAB6028600D
:104C9000C8F8084014B3D6F8009074680836B2E734
:104CA0002746A246E7E75846F9F7B2FC0346002834
:104CB000D7D129695846FEF759FB0C23CBF80030B1
:104CC000AB89002243F040034FF0FF30AB81C8F8BE
:104CD0000820C8F8042003B0BDE8F08F0020C8F811
:104CE000040003B0BDE8F08F4B1C70B51BD0938956
:104CF000146B23F020039381CDB2BCB114465268EB
:104D0000636B9A420E4609DA23685A1E226003F842
:104D1000016C636801336360284670BD214600F072
:104D200085F80028F0D04FF0FF35F5E710691368DB
:104D300028B1984203D213F8010C85420FD0936337
:104D400013465668D66302F140040320506314638F
:104D500003F8421F012113605160284670BD51685D
:104D6000013B013113605160D6E700BF10B50C461E
:104D7000096B69B104F14003994201D0FEF7F6FADC
:104D8000E36B63600020206313B1A36B236010BD4D
:104D9000A3892269226043F020030022A38162607C
:104DA0004FF0FF3010BD00BF2DE9F04F83B002FB84
:104DB00003F901929A460C9CB9F1000F29D00746DD
:104DC0000E464D464FF000080FE02168F5F74CFB0A
:104DD0002268C4F804805A442260214638465E4462
:104DE000CBEB0505FFF7C2FFB8B9D4F804B05D45B9
:104DF00030465A46E9D82A462168F5F735FB6268FD
:104E00002368521B2B4450466260236003B0BDE808
:104E1000F08F484603B0BDE8F08F019BC5EB090950
:104E2000B9FBF3F003B0BDE8F08F00BF01F1400320
:104E30002DE9F0410C46096B994214D0666B77005E
:104E40003A46F9F7E5FB054640B300EB0608324663
:104E500040462946F5F708FBC4F8008025636763E0
:104E60000020BDE8F0814FF48061F8F7C7FFA8B1DA
:104E700094F8423020634FF48062626380F8FF331D
:104E800094F8413080F8FE3394F8403080F8FD33D8
:104E900000F2FD3020600020BDE8F0814FF0FF30CF
:104EA000BDE8F08170B515469AB0146809B1002CC0
:104EB0001AD100244FF42272ADF80C20009404940F
:104EC0001A464FF6FF761E9B029469460594ADF88C
:104ED0000E60FAF7D9FE002811DB009B2860002243
:104EE0001A7004981AB070BD4FF4C1620091049119
:104EF000ADF80C20E4DA8B2303600020F2E70020F9
:104F0000F0E700BF10B502FB01F1F8F777FF0446A8
:104F1000D8B150F8042C22F00302043A242A18D8FD
:104F2000132A14D900231B2A0360436016D9242AAC
:104F30008360C36011BF00F110020361436100F19F
:104F400018020023136053609360204610BD024690
:104F5000F7E70021F9F70AFB204610BD00F108022F
:104F6000EFE700BF00000000000000000DAB0000F4
:104F70000000000000000000CD080000B90800009B
:104F80006D04000055080000FD07000069080000DE
:104F9000A10800000000000000000000CD08000093
:104FA000B90800006D04000055080000FD0700006E
:104FB00069080000A10800000000000000000000D7
:104FC000490600003D0C00009906000000000000AA
:104FD000000000005107000073746F705265636F2A
:104FE0007264696E67000000417564696F204D65E9
:104FF0006D6F7279204D61780000000046696C6524
:10500000732070657220636172643A2000000000B2
:105010002564000073657475702E74787400000048
:10502000436F6D6D656E7420544D20002F2F00006E
:1050300073657475702E747874206E6F74206F7041
:10504000656E6564000000006E6F20736574757096
:105050002066696C65000000560000004D6F6E6FA1
:105060000000000053746572656F00002564202500
:10507000643A2025642025642025642025642025A9
:10508000642025640A0D0000536574206761696E11
:105090003A000000436C6F636B20726561642066A8
:1050A00061696C004E657720466F6C646572000024
:1050B0002F253034642D25303264000025303464CF
:1050C0002530326425303264542530326425303244
:1050D00064253032645F256C75256C755F25322E32
:1050E000316664425F25322E3166565F76657225E1
:1050F000732E776176000000427566666572733ABA
:105100002000000052494646000000005741564525
:1051100000000000666D742000000000646174618E
:105120000000000046253036642E776176000000CE
:1051300073746172745265636F7264696E670000A4
:10514000517565756520426567696E004E6577200B
:105150006469656C2073746172743A004469656CAB
:1051600020526563205365636F6E64730000000016
:1051700052656300536C70006B487A006442000013
:10518000252E3066000000004C696D2042000000B2
:10519000640000004C696D204D00000044000000D8
:1051A0004E000000202000004E657874205374618A
:1051B00072740000436172643A0000005265636FCC
:1051C00072642053746172742E0000004E65772063
:1051D0006469656C2073746F703A00004375727275
:1051E000656E742054696D653A20000053746F70C9
:1051F0002054696D653A20004E65787420537461BF
:1052000072743A0053746F70706564005361666520
:1052100020746F207475726E206F66660000000047
:10522000417564696F204D656D3A2000536E6F6F54
:105230007A65204848204D4D20535320000000003F
:1052400073657474696E677300000000536E61705B
:10525000203400004361726420467265652F546FEC
:1052600074616C204D4200002020202000000000CE
:10527000766F6C467265653A00000000566F6C757B
:105280006D65204D42200000467265652073706197
:10529000636520284D42293A200000002F000000BD
:1052A000556E61626C6520746F2061636365737312
:1052B000207468652053442063617264000000001C
:1052C00043617264204661696C000000437572722C
:1052D000656E7420436172642000000046696C654D
:1052E000204D42200000000046726565204D42209E
:1052F0000000000043757272656E74204361726431
:105300002046696C657320005374617274696E671E
:105310002E2E000050726573732055502B444E2082
:10532000746F2053746F70005265636F72643A003B
:1053300073000000536C6565703A0000526174653B
:1053400000000000252E3166206B487A0000000026
:105350004761696E3A000000596561723A000000C9
:105360004D6F6E74683A00004461793A00000000A5
:10537000486F75723A0000004D696E7574653A00A9
:105380005365636F6E643A0064656C61794461795A
:10539000733A00004261745061636B733A0000001D
:1053A0004C6F6767657268656164000054696D657C
:1053B00020746F206669727374207265636F726403
:1053C00020000000536C656570000000537461722A
:1053D0007400000072656320647572200000000094
:1053E00072656320696E742000000000537461725E
:1053F000742054696D653A2000000000454E544504
:10540000523A5374617274205265636F7264696EAC
:105410006755502F444E3A7363726F6C6C206D6504
:105420006E750000454E5445523A536574205265DE
:10543000636F7264204475720A55502F444E3A735C
:1054400063726F6C6C206D656E750000454E54453F
:10545000523A53657420536C656570204475720A26
:1054600055502F444E3A7363726F6C6C206D656EAD
:1054700075000000454E5445523A536574205361FF
:105480006D706C65205261746555502F444E3A73AF
:1054900063726F6C6C206D656E750000454E5445EF
:1054A000523A536574204761696E20286442290A84
:1054B00055502F444E3A7363726F6C6C206D656E5D
:1054C00075000000454E5445523A536574204461BE
:1054D00074652F54696D650A55502F444E3A7363B5
:1054E000726F6C6C206D656E75000000454E544502
:1054F000523A5365742023426174205061636B7388
:105500000A55502F444E3A7363726F6C6C206D6570
:105510006E750000454E5445523A536574204465FB
:105520006C61792053746172740A55502F444E3A5D
:105530007363726F6C6C206D656E75005265636F7E
:10554000726400004761696E0000000054696D6577
:1055500000000000426174746572790044656C61FA
:105560007900FFFF0000000000000000B5470000C8
:1055700061470000F9480000654700002549000028
:105580000000000000000000354A0000000000009C
:1055900000000000654D0000054E00006D04000095
:1055A000A14D0000A54D0000B94D0000E14D0000E7
:1055B0000200030004000500060008000A000C00B9
:1055C000100014001800200028003800400060007F
:1055D0008000C00000018001000280020003FFFF84
:1055E0000000008000000180000000000000028038
:1055F0000000010001100000000002000110010085
:10560000032000000100020003200100043000001C
:1056100003200200032003000540000005400100B4
:1056200006500000065001000760000007600100FE
:105630000870000007600200087001003C80044010
:1056400000100000041A0000FF7F0000111000008D
:10565000C15500000C08000000020000000200001C
:105660000B07000040020000000200000D0E0000C9
:1056700040020000000200000A0209061417151675
:105680000F00000000020000000200000002000005
:105690000002000000020000000200000002000002
:1056A00000020000000200000101020204040808D8
:1056B00010000000455846415400FFFF0000000064
:1056C000000000008D91000035910000BD920000A7
:1056D00000000000000000000D930000F5920000A3
:1056E000990600001F1C1F1E1F1E1F1F1E1F1E1FAE
:1056F0000000000000000000059A000091C20000B8
:105700006D040000710400000DAB0000A1960000C4
:10571000ED9700000D980000859700002998000083
:10572000659800008598000000000000003E5B4F77
:105730005B3E3E6B4F6B3E1C3E7C3E1C183C7E3CF1
:10574000181C577D571C1C5E7F5E1C00183C1800FF
:10575000FFE7C3E7FF0018241800FFE7DBE7FF308F
:10576000483A060E2629792926407F050507407FFD
:1057700005253F5A3CE73C5A7F3E1C1C08081C1C70
:105780003E7F14227F22145F5F005F5F06097F0166
:105790007F006689956A606060606094A2FFA29451
:1057A00008047E040810207E201008082A1C08081F
:1057B0001C2A08081E101010100C1E0C1E0C30386D
:1057C0003E3830060E3E0E06000000000000005F6E
:1057D00000000007000700147F147F14242A7F2A8A
:1057E000122313086462364956205000080703004C
:1057F000001C2241000041221C002A1C7F1C2A0898
:10580000083E0808008070300008080808080000FA
:1058100060600020100804023E5149453E00427F6E
:10582000400072494949462141494D331814127FBD
:105830001027454545393C4A49493141211109075D
:105840003649494936464949291E000014000000DE
:1058500040340000000814224114141414140041B0
:1058600022140802015909063E415D594E7C12116D
:10587000127C7F494949363E414141227F414141A5
:105880003E7F494949417F090909013E4141517320
:105890007F0808087F00417F41002040413F017F91
:1058A000081422417F404040407F021C027F7F0459
:1058B00008107F3E4141413E7F090909063E4151A2
:1058C000215E7F09192946264949493203017F0192
:1058D000033F4040403F1F2040201F3F4038403F93
:1058E000631408146303047804036159494D4300A9
:1058F0007F4141410204081020004141417F0402E0
:105900000102044040404040000307080020545476
:1059100078407F2844443838444444283844442854
:105920007F385454541800087E090218A4A49C78A7
:105930007F0804047800447D40002040403D007F03
:105940001028440000417F40007C047804787C08E3
:105950000404783844444438FC18242418182424B7
:1059600018FC7C08040408485454542404043F449C
:10597000243C4040207C1C2040201C3C4030403CCB
:1059800044281028444C9090907C4464544C44002B
:10599000083641000000770000004136080002018F
:1059A0000204023C2623263C1EA1A161123A40407B
:1059B000207A3854545559215555794122545478F8
:1059C00042215554784020545579400C1E52721291
:1059D000395555555939545454593955545458001A
:1059E00000457C410002457D420001457C407D121E
:1059F00011127DF0282528F07C5455450020545480
:105A00007C547C0A097F4932494949323A4444442A
:105A10003A324A4848303A4141217A3A4240207865
:105A2000009DA0A07D3D4242423D3D4040403D3C66
:105A300024FF2424487E4943662B2FFC2F2BFF098B
:105A400029F620C0887E090320545479410000447F
:105A50007D413048484A32384040227A007A0A0A6A
:105A6000727D0D19317D2629292F282629292926DD
:105A700030484D4020380808080808080808382F22
:105A800010C8ACBA2F102834FA00007B00000814AC
:105A90002A142222142A14085500550055AA55AA82
:105AA00055AAFF55FF55FF000000FF00101010FF22
:105AB00000141414FF001010FF00FF1010F010F07D
:105AC000141414FC001414F700FF0000FF00FF146E
:105AD00014F404FC141417101F10101F101F1414BA
:105AE000141F00101010F0000000001F1010101004
:105AF0001F10101010F010000000FF1010101010F8
:105B000010101010FF10000000FF140000FF00FF35
:105B100000001F10170000FC04F4141417101714D1
:105B200014F404F40000FF00F714141414141414F3
:105B3000F700F7141414171410101F101F14141466
:105B4000F4141010F010F000001F101F0000001FD0
:105B500014000000FC140000F010F01010FF10FF03
:105B6000141414FF141010101F00000000F010FF98
:105B7000FFFFFFFFF0F0F0F0F0FFFFFF000000007C
:105B800000FFFF0F0F0F0F0F3844443844FC4A4A00
:105B90004A347E02020606027E027E0263554941B5
:105BA000633844443C04407E201E2006027E0202EC
:105BB00099A5E7A5991C2A492A1C4C7201724C3000
:105BC0004A4D4D303048784830BC625A463D3E49D7
:105BD0004949007E0101017E2A2A2A2A2A44445F7B
:105BE000444440514A444040444A51400000FF016F
:105BF00003E080FF000008086B6B0836123624367D
:105C0000060F090F060000181800000010100030E1
:105C100040FF0101001F01011E00191D1712003C69
:105C20003C3C3C00000000000000000000000000C0
:105C3000059A000091C200006D040000710400008C
:105C4000DD9E0000A1960000C19C0000A99A000002
:105C5000859700002998000065980000859800004D
:105C6000050E08090D0C06070F0400130393050E1B
:105C700008090D0C06070F04FFFFC585848687C43D
:105C8000FFFF001303931A9217FFFFFF6FF07F03CC
:105C90000370037813F0800FFBD070474008FE4379
:105CA00040A004404408FE4344A004400018FE43C2
:105CB00000C004403000FE43309004403400FE43F6
:105CC000349004401C18FE431CC004401018FE43CE
:105CD00010C004400818FE4308C004400C18FE43DE
:105CE0000CC004400C10FE430CB004401010FE43E6
:105CF00010B004401810FE4318B004401C10FE43BE
:105D00001CB004401410FE4314B004400418FE43B9
:105D100004C004400010FE4300B004400008FE43ED
:105D200000A004400408FE4304A004400C08FE4305
:105D30000CA004400808FE4308A004401418FE43C9
:105D400014C004401818FE4318C004400410FE4359
:105D500004B004400810FE4308B004401400FE43A1
:105D6000149004404C08FE434CA004400420FE4321
:105D700004D004402410FE4324B004402010FE430D
:105D800020B004402810FE4328B004402C10FE43ED
:105D90002CB004400020FE4300D004404808FE43DD
:105DA00048A004401000FE43109004400D0AFFFF7D
:105DB0006E616E006F766600696E6600000000001E
:105DC0000000000081C5000079C5000075C5000015
:105DD00071C500006DC5000069C5000065C5000003
:105DE00061C50000001519150001000038000020F1
:105DF00012000000000200006400002043000000C8
:105E000000030000C000002000000000010309049E
:105E10004C0000200000000002030904A80000203C
:105E20000000000003030904C4000020000000007B
:105E3000000000000000000000000000E000002062
:105E400043000000504F53495800FFFF6E660000AA
:105E5000696E697479000000616E00FF3400000013
:105E6000CEFBFFFFCB03000001000000000000009C
:105E7000BC89D897B2D29C3C33A7A8D523F6493920
:105E80003DA7F444FD0FA5329D978CCF08BA5B2542
:105E9000436FAC642806681135000000CEFBFFFF9D
:105EA000CB03000001000000000000003030303063
:105EB000303030303030303030303030494E4600C5
:105EC0004E414E0030313233343536373839414265
:105ED0004344454600000000303132333435363714
:105EE000383961626364656600000000286E756C75
:105EF0006C2900003000FFFF2020202020202020DF
:105F000020202020202020200A0001000200030081
:105F10000400050006000700080009000A000B0045
:105F20000C000D000E000F001000FFFF65256C64D3
:105F300000FFFFFF002020202020202020202828F4
:105F40002828282020202020202020202020202039
:105F50002020202020881010101010101010101079
:105F600010101010100404040404040404040410A9
:105F70001010101010104141414141410101010137
:105F80000101010101010101010101010101010101
:105F9000101010101010424242424242020202020D
:105FA00002020202020202020202020202020202D1
:105FB0001010101020000000000000000000000081
:105FC00000000000000000000000000000000000D1
:105FD00000000000000000000000000000000000C1
:105FE00000000000000000000000000000000000B1
:105FF00000000000000000000000000000000000A1
:106000000000000000000000000000000000000090
:106010000000000000000000000000000000000080
:106020000000000000000000000000000000000070
:106030000000000000FFFFFF496E66696E69747919
:10604000000000004E614E00000000000000000053
:106050000000000000000000000000000000000040
:106060000000000000000000000000000000000030
:106070000000000000000000101112131415161784
:106080001819000000000000001A1B1C1D1E1F0034
:106090000000000000000000000000000000000000
:1060A0000000000000000000001A1B1C1D1E1F0045
:1060B00000000000000000000000000000000000E0
:1060C00000000000000000000000000000000000D0
:1060D00000000000000000000000000000000000C0
:1060E00000000000000000000000000000000000B0
:1060F00000000000000000000000000000000000A0
:10610000000000000000000000000000000000008F
:10611000000000000000000000000000000000007F
:10612000000000000000000000000000000000006F
:10613000000000000000000000000000000000005F
:106140000000000000000000000000000000F03F20
:106150000000000000002440000000000000594042
:106160000000000000408F40000000000088C34095
:1061700000000000006AF8400000000080842E410A
:1061800000000000D01263410000000084D7974156
:106190000000000065CDCD41000000205FA002425C
:1061A000000000E876483742000000A2941A6D42D1
:1061B000000040E59C30A2420000901EC4BCD642C4
:1061C00000003426F56B0C430080E03779C341436F
:1061D00000A0D8855734764300C84E676DC1AB43E5
:1061E000003D9160E458E143408CB5781DAF154403
:1061F00050EFE2D6E41A4B4492D54D06CFF08044DE
:10620000F64AE1C7022DB544B49DD9794378EA44F2
:1062100005000000190000007D000000FFFFFFFFE7
:106220000080E03779C34143176E05B5B5B8934692
:10623000F5F93FE9034F384D321D30F94877825A5E
:106240003CBF737FDD4F1575F8B500BFF8BC08BCC7
:106250009E4670470923010035040000411D0000DF
:106260008D490000A94B0000C14B0000D94B000034
:10627000ED4C0000054D00001D4D0000354D0000A7
:0C6280004D4D00009553000065A4000087
:04628C00F8B500BFA2
:08629000D866FF7F0100000049
:1062980038B5084B1C681C6054B1074D94FAA4F338
:1062A800B3FA83F355F823309847631E1C40F5D1A1
:1062B80038BD00BFA0D004401800002038B5084BF6
:1062C8001C681C6054B1074D94FAA4F3B3FA83F325
:1062D80055F823309847631E1C40F5D138BD00BFE0
:1062E800A0C00440F8FFFF1F38B5084B1C681C60AD
:1062F80054B1074D94FAA4F3B3FA83F355F8233055
:106308009847631E1C40F5D138BD00BFA0B00440BB
:10631800C8FFFF1F38B5084B1C681C6054B1074DF7
:1063280094FAA4F3B3FA83F355F823309847631E1D
:106338001C40F5D138BD00BFA0A0044078FFFF1F66
:1063480038B5084B1C681C6054B1074D94FAA4F387
:10635800B3FA83F355F823309847631E1C40F5D1F0
:1063680038BD00BFA090044040FFFF1F00000000A0
:106378000400000004000000CDCC4C4002000000E6
:1063880000000C42000014420000184200002442A1
:1063980000002442000040420000804200008A427F
:1063A80000009E42342E303000000000401F0000E4
:1063B800803E0000007D000044AC000080BB00006F
:1063C80000770100400D030090D00300E093040023
:1063D800CC5301003C550100C45301003C5301005B
:1063E800445501004C550100545501005C5501000D
:1063F800040000003C00000000803B470100000052
:106408003C00000000803B463C00000000001042B9
:106418000000184200002C4200003C4200004042AC
:10642800000078420000B4420000C8420000D64292
:1064380008000000FC530100245401004C540100E2
:10644800745401009C540100C4540100EC54010030
:10645800145501006800000000004842FFFF0000DA
:1064680000C002403C56010000000000000000008F
:106478000000000000000000000000000000000014
:106488000000000000000000000000000000000004
:106498000000000000000000000103070F1F3F7FFD
:1064A8000080C0E0F0F8FCFE0000000000000000E2
:1064B80000000000000000000000000000000000D4
:1064C80000000000000000000000000000000000C4
:1064D80000000000000000000000000000000000B4
:1064E8000000000000000080808000000000000024
:1064F8000000000000000000008080C0C000000014
:106508000000000000000000000000000000000083
:106518000000000000000000000000000000000073
:106528000000000000000000000000000000000063
:1065380000000000000000000000000080C0E0F043
:10654800F8FCF8E000000000000000000000000077
:1065580000000000008080808080008080000000B3
:1065680000808080808000FFFFFF000000008080A6
:10657800808000008080000080FFFF808000808095
:106588000080808080008080000000000080800003
:10659800008C8E84000080F8F8F88000000000006D
:1065A8000000000000000000F0F0F0F0F0F0F0F063
:1065B800F0F0F0F0E0E0C08000E0FCFEFFFFFF7FBD
:1065C800FFFFFFFFFF0000000000000000000000C8
:1065D800000000FEFFC70101010183FFFF00007CEE
:1065E800FEC70101010183FFFFFF0038FEC78301D9
:1065F800010183C7FFFF000001FFFF010100FFFF4A
:106608000701010100007FFF80000000FFFF7F00FD
:1066180000FFFFFF000001FFFFFF01000000000076
:106628000000000000000000030F3F7F7FFFFFFF16
:10663800FFFFFFFFE7C7C78F8F9FBFFFFFC3C0F0F4
:10664800FFFFFFFFFFFCFCFCFCFCFCFCFCF8F8F087
:10665800F0E0C0000103030303030103030000008B
:106668000001030303030101030100000001030308
:1066780003030101030300000003030000000303F8
:1066880000000000000000010303030303010000F1
:1066980000010301000000030301000000000000E6
:1066A800000000000000000000000080C0E0F0F9D9
:1066B800FFFFFFFFFF3F1F0F87C7F7FFFF1F1F3DAC
:1066C800FCF8F8F8F87C7DFFFFFFFFFFFFFFFF7F76
:1066D8003F0F0700303000000000000000000000FD
:1066E800000000000000000000000000FEFEFC00AA
:1066F8000000000000000000000000000000000092
:106708000000000000E0C0000000000000000000E1
:106718000000303000000000000000000000000011
:10672800000000000000000000C0FEFFFFFFFFFFA8
:10673800FFFFFFFF7F7F3F1F0F071F7FFFFFF8F857
:10674800FFFFFFFFFFFEF8E000000001000000006F
:1067580000000000FEFE000000FCFEFC0C06060E19
:10676800FCF80000F0F81C0E0606060CFFFFFF0000
:1067780000FEFE00000000FCFEFC00183C7E66E601
:10678800CE84000006FFFF0606FCFEFC0C0606068B
:106798000000FEFE0000C0F8FC4E4646464E7C78DF
:1067A80040183C76E6CECC800000000000000000D7
:1067B80000000000000000000000000001070F1F9B
:1067C8001F3F3F3F3F1F0F03000000000000000075
:1067D800000000000F0F0000000F0F0F0000000066
:1067E8000F0F000003070E0C18180C060F0F0F00F0
:1067F80000010F0E0C180C0F070100040E0C180CEA
:106808000F070000000F0F00000F0F0F000000001F
:1068180000000F0F00000007070C0C181C0C0606E0
:1068280000040E0C180C0F07000000000000000008
:106838000000000000000000000000000000000050
:106848000000000000000000000000000000000040
:106858000000000000000000000000000000000030
:106868000000000000000000000000000000000020
:106878000000000000000000000000000000000010
:106888000000000000000000000000000000000000
:1068980000000000000000000000000000000000F0
:1068A80000000000000000000A04000090580020CA
:1068B8004DAB00004DAB00004DAB00004DAB0000F0
:1068C8004DAB00004DAB00004DAB00004DAB0000E0
:1068D8004DAB00004DAB00004DAB00004DAB0000D0
:1068E8004DAB00004DAB00004DAB00004DAB0000C0
:1068F8004DAB00004DAB00004DAB00004DAB0000B0
:106908004DAB00004DAB00004DAB00004DAB00009F
:106918004DAB00004DAB00004DAB00004DAB00008F
:106928004DAB00004DAB00004DAB00004DAB00007F
:106938004DAB00004DAB00004DAB00004DAB00006F
:106948004DAB00004DAB00004DAB00004DAB00005F
:106958004DAB00004DAB00004DAB00004DAB00004F
:106968004DAB00004DAB00004DAB00004DAB00003F
:106978004DAB00004DAB00004DAB00004DAB00002F
:106988004DAB00004DAB00004DAB00004DAB00001F
:10699800FFFFFFFFC45D010000000000E8030000E6
:1069A8000000000001000000120110010200004078
:1069B800C016830475020102030100001803540085
:1069C800650065006E007300790064007500690059
:1069D8006E006F0009024300020100C03209040082
:1069E8000001020201000524001001052401010133
:1069F800042402060524060001070582031000404E
:106A080009040100020A0000000705030240000013
:106A18000705840240000000160355005300420099
:106A28002000530065007200690061006C000000DE
:106A3800040309040C03000000000000000000002B
:106A4800000000000000000000000100000000003D
:106A580000000000CC030020340400209C04002027
:106A6800000000000000000000000000000000001E
:106A7800000000000000000000000000000000000E
:106A880000000000000000000000000000000000FE
:106A980000000000000000000000000000000000EE
:106AA80000000000000000000000000000000000DE
:106AB80000000000000000000000000000000000CE
:106AC80000000000000000000000000000000000BE
:106AD80000000000000000000000000000000000AE
:106AE800000000000000000000000000000000009E
:106AF800000000000000000001000000000000008D
:106B08000E33CDAB34126DE6ECDE05000B00000051
:106B1800000000000000000000000000000000006D
:106B2800000000000000000000000000000000005D
:106B3800000000000000000000000000000000004D
:106B4800000000000000000000000000000000003D
:106B5800000000000000000000000000000000002D
:106B6800000000000000000000000000000000001D
:106B7800000000000000000000000000000000000D
:106B880000000000000000000000000000000000FD
:106B980000000000000000000000000000000000ED
:106BA80000000000000000000000000000000000DD
:106BB80000000000000000000000000000000000CD
:106BC80000000000000000000000000000000000BD
:106BD80000000000000000000000000000000000AD
:106BE800000000000000000000000000000000009D
:106BF800000000000000000000000000000000008D
:106C0800000000000000000000000000000000007C
:106C1800000000000000000000000000000000006C
:106C2800000000000000000000000000000000005C
:106C3800000000000000000000000000000000004C
:106C4800000000000000000000000000000000003C
:106C5800000000000000000000000000000000002C
:106C6800000000000000000000000000000000001C
:106C7800000000000000000000000000000000000C
:106C880000000000000000000000000000000000FC
:106C980000000000000000000000000000000000EC
:106CA80000000000000000000000000000000000DC
:106CB80000000000000000000000000000000000CC
:106CC80000000000000000000000000000000000BC
:106CD80000000000000000000000000000000000AC
:106CE800000000000000000000000000000000009C
:106CF800000000000000000000000000000000008C
:106D0800000000000000000000000000000000007B
:106D1800000000000000000000000000000000006B
:106D2800000000000000000000000000000000005B
:106D3800000000000000000000000000000000004B
:106D4800000000000000000000000000000000003B
:106D5800000000000000000000000000000000002B
:106D6800000000000000000000000000000000001B
:106D7800000000000000000000000000000000000B
:106D880000000000000000000000000000000000FB
:106D980000000000000000000000000000000000EB
:106DA80000000000000000000000000000000000DB
:106DB80000000000000000000000000000000000CB
:106DC80000000000000000000000000000000000BB
:106DD80000000000000000000000000000000000AB
:106DE800000000000000000000000000000000009B
:106DF800000000000000000000000000000000008B
:106E0800000000000000000000000000000000007A
:106E1800000000000000000000000000000000006A
:106E2800000000000000000000000000000000005A
:106E3800000000000000000000000000000000004A
:106E4800000000000000000000000000000000003A
:106E5800000000000000000000000000000000002A
:106E6800000000000000000000000000000000001A
:106E78000000000000000000E000002043000000C7
:106E880000000000000000000000000000000000FA
:106E980000000000000000000000000043000000A7
:106EA80000000000000000000000000000000000DA
:106EB8000000000000000000000000004300000087
:106EC80000000000000000000000000000000000BA
:106ED8000000000000000000000000004300000067
:106EE800000000000000000000000000000000009A
:106EF8000000000000000000000000004300000047
:106F08000000000000000000000000000000000079
:106F18000000000000000000000000004300000026
:106F28000000000000000000000000000000000059
:106F38000000000000000000000000004300000006
:106F48000000000000000000000000000000000039
:106F58000000000000000000000000001D220100E9
:106F68006DE3000000000000345F0100C85101001B
:106F78006C5201006C5201006C5201006C5201000D
:106F88006C5201006C5201006C5201006C520100FD
:106F98006C520100FFFFFFFFFFFFFFFFFFFFFFFF36
:106FA800FFFF000001004153434949000000000071
:106FB80000000000000000000000000000000000C9
:106FC8000000000000004153434949000000000050
:106FD80000000000000000000000000000000000A9
:106FE8000000000000000000000000000000000099
:106FF8007806002078060020800600208006002001
:1070080088060020880600209006002090060020B0
:107018009806002098060020A0060020A006002060
:10702800A8060020A8060020B0060020B006002010
:10703800B8060020B8060020C0060020C0060020C0
:10704800C8060020C8060020D0060020D006002070
:10705800D8060020D8060020E0060020E006002020
:10706800E8060020E8060020F0060020F0060020D0
:10707800F8060020F806002000070020000700207E
:10708800080700200807002010070020100700202C
:1070980018070020180700202007002020070020DC
:1070A800280700202807002030070020300700208C
:1070B800380700203807002040070020400700203C
:1070C80048070020480700205007002050070020EC
:1070D800580700205807002060070020600700209C
:1070E800680700206807002070070020700700204C
:1070F80078070020780700208007002080070020FC
:1071080088070020880700209007002090070020AB
:107118009807002098070020A0070020A00700205B
:10712800A8070020A8070020B0070020B00700200B
:10713800B8070020B8070020C0070020C0070020BB
:10714800C8070020C8070020D0070020D00700206B
:10715800D8070020D8070020E0070020E00700201B
:10716800E8070020E8070020F0070020F0070020CB
:10717800F8070020F8070020000800200008002079
:107188000808002008080020100800201008002027
:1071980018080020180800202008002020080020D7
:1071A8002808002028080020300800203008002087
:1071B8003808002038080020400800204008002037
:1071C80048080020480800205008002050080020E7
:1071D8005808002058080020600800206008002097
:1071E8006808002068080020700800207008002047
:1071F80078080020780800208008002080080020F7
:1072080088080020880800209008002090080020A6
:107218009808002098080020A0080020A008002056
:10722800A8080020A8080020B0080020B008002006
:10723800B8080020B8080020C0080020C0080020B6
:10724800C8080020C8080020D0080020D008002066
:10725800D8080020D8080020E0080020E008002016
:10726800E8080020E8080020F0080020F0080020C6
:10727800F8080020F8080020000900200009002074
:107288000809002008090020100900201009002022
:1072980018090020180900202009002020090020D2
:1072A8002809002028090020300900203009002082
:1072B8003809002038090020400900204009002032
:1072C80048090020480900205009002050090020E2
:1072D8005809002058090020600900206009002092
:1072E8006809002068090020700900207009002042
:1072F80078090020780900208009002080090020F2
:1073080088090020880900209009002090090020A1
:107318009809002098090020A0090020A009002051
:10732800A8090020A8090020B0090020B009002001
:10733800B8090020B8090020C0090020C0090020B1
:10734800C8090020C8090020D0090020D009002061
:10735800D8090020D8090020E0090020E009002011
:10736800E8090020E8090020F0090020F0090020C1
:10737800F8090020F8090020000A0020000A00206F
:10738800080A0020080A0020100A0020100A00201D
:10739800180A0020180A0020200A0020200A0020CD
:1073A800280A0020280A0020300A0020300A00207D
:1073B800380A0020380A0020400A0020400A00202D
:1073C800480A0020480A0020500A0020500A0020DD
:1073D800580A0020580A0020600A0020600A00208D
:1073E800680A0020680A0020700A0020700A00203D
:0873F80000000200FFFFFFFF8F
:00000001FF
